"","FullName","school","year","games","wins","srs","win_per","MeanWinPercentage","MeanSrs","YearsCoached","rating"
"1","Al Golden","Miami",2014,13,6,9.1,0.461538461538462,0.461538461538462,9.1,1,10.0615384615385
"2","Al Golden","Miami",2015,7,4,5.1,0.571428571428571,0.516483516483516,7.1,2,8.61648351648352
"3","Alex Golesh","South Florida",2023,13,7,-10.5,0.538461538461538,0.538461538461538,-10.5,1,-9.46153846153846
"4","Alex Golesh","South Florida",2024,13,7,-4.5,0.538461538461538,0.538461538461538,-7.5,2,-5.96153846153846
"5","Alex Golesh","South Florida",2025,6,1,11,0.166666667,0.414529914641026,-1.33333333333333,3,0.581196581307692
"6","Alex Miller","Massachusetts",2021,3,0,-19.7,0,0,-19.7,1,-19.2
"7","Alex Wood","Buffalo",2014,4,2,-13.6,0.5,0.5,-13.6,1,-12.6
"8","Andy Avalos","Boise State",2021,12,7,12.4,0.583333333333333,0.583333333333333,12.4,1,13.4833333333333
"9","Andy Avalos","Boise State",2022,14,10,1,0.714285714285714,0.648809523809524,6.7,2,8.34880952380952
"10","Andy Avalos","Boise State",2023,10,5,6.4,0.5,0.599206349206349,6.6,3,8.69920634920635
"11","Art Briles","Baylor",2014,13,11,21.1,0.846153846153846,0.846153846153846,21.1,1,22.4461538461538
"12","Art Briles","Baylor",2015,13,10,17.8,0.769230769230769,0.807692307692308,19.45,2,21.2576923076923
"13","Barry Alvarez","Wisconsin",2014,1,1,15.3,1,1,15.3,1,16.8
"14","Barry Lunney Jr.","Arkansas",2019,2,0,-7.6,0,0,-7.6,1,-7.1
"15","Barry Odom","Missouri",2016,12,4,-3.6,0.333333333333333,0.333333333333333,-3.6,1,-2.76666666666667
"16","Barry Odom","Missouri",2017,13,7,5.3,0.538461538461538,0.435897435897436,0.85,2,2.28589743589744
"17","Barry Odom","Missouri",2018,13,8,18.9,0.615384615384615,0.495726495726496,6.86666666666667,3,8.86239316239316
"18","Barry Odom","Missouri",2019,12,6,4.4,0.5,0.496794871794872,6.25,4,8.74679487179487
"19","Barry Odom","UNLV",2023,14,9,0.9,0.642857142857143,0.526007326007326,5.18,5,8.20600732600733
"20","Barry Odom","UNLV",2024,14,11,7.2,0.785714285714286,0.569291819291819,5.51666666666667,6,9.08595848595849
"21","Barry Odom","Purdue",2025,5,3,4.6,0.6,0.573678702250131,5.38571428571429,7,9.45939298796442
"22","Biff Poggi","Charlotte",2023,12,3,-17.4,0.25,0.25,-17.4,1,-16.65
"23","Biff Poggi","Charlotte",2024,10,3,-12.4,0.3,0.275,-14.9,2,-13.625
"24","Bill Belichick","North Carolina",2025,5,3,-14.8,0.6,0.6,-14.8,1,-13.7
"25","Bill Blankenship","Tulsa",2014,12,2,-18.3,0.166666666666667,0.166666666666667,-18.3,1,-17.6333333333333
"26","Bill Clark","UAB",2014,12,6,0.5,0.5,0.5,0.5,1,1.5
"27","Bill Clark","UAB",2017,13,8,-13.6,0.615384615384615,0.557692307692308,-6.55,2,-4.99230769230769
"28","Bill Clark","UAB",2018,14,11,0.6,0.785714285714286,0.633699633699634,-4.16666666666667,3,-2.03296703296703
"29","Bill Clark","UAB",2019,14,9,-7.9,0.642857142857143,0.635989010989011,-5.1,4,-2.46401098901099
"30","Bill Clark","UAB",2020,9,6,4.1,0.666666666666667,0.642124542124542,-3.26,5,-0.117875457875457
"31","Bill Clark","UAB",2021,13,9,1,0.692307692307692,0.6504884004884,-2.55,6,1.1004884004884
"32","Bill Cubit","Illinois",2015,12,5,-1.5,0.416666666666667,0.416666666666667,-1.5,1,-0.583333333333333
"33","Bill O'Brien","Boston College",2024,13,7,6.1,0.538461538461538,0.538461538461538,6.1,1,7.13846153846154
"34","Bill O'Brien","Boston College",2025,5,1,-7,0.2,0.369230769230769,-0.45,2,0.919230769230769
"35","Bill Snyder","Kansas State",2014,13,9,18.5,0.692307692307692,0.692307692307692,18.5,1,19.6923076923077
"36","Bill Snyder","Kansas State",2015,13,6,2.1,0.461538461538462,0.576923076923077,10.3,2,11.8769230769231
"37","Bill Snyder","Kansas State",2016,13,9,9.7,0.692307692307692,0.615384615384615,10.1,3,12.2153846153846
"38","Bill Snyder","Kansas State",2017,13,8,7.3,0.615384615384615,0.615384615384615,9.4,4,12.0153846153846
"39","Bill Snyder","Kansas State",2018,12,5,3.9,0.416666666666667,0.575641025641026,8.3,5,11.375641025641
"40","Billy Napier","Louisiana",2018,14,7,-7.4,0.5,0.5,-7.4,1,-6.4
"41","Billy Napier","Louisiana",2019,14,11,7.7,0.785714285714286,0.642857142857143,0.15,2,1.79285714285714
"42","Billy Napier","Louisiana",2020,11,10,9,0.909090909090909,0.731601731601732,3.1,3,5.33160173160173
"43","Billy Napier","Louisiana",2021,13,12,5.7,0.923076923076923,0.77947052947053,3.75,4,6.52947052947053
"44","Billy Napier","Florida",2022,13,6,6.4,0.461538461538462,0.715884115884116,4.28,5,7.49588411588411
"45","Billy Napier","Florida",2023,12,5,3,0.416666666666667,0.666014541014541,4.06666666666667,6,7.73268120768121
"46","Billy Napier","Florida",2024,13,8,11.7,0.615384615384615,0.65878169449598,5.15714285714286,7,9.31592455163884
"47","Billy Napier","Florida",2025,6,1,11.6,0.166666667,0.597267316058983,5.9625,8,10.559767316059
"48","Blake Anderson","Arkansas State",2014,13,7,-4.9,0.538461538461538,0.538461538461538,-4.9,1,-3.86153846153846
"49","Blake Anderson","Arkansas State",2015,13,9,-3.2,0.692307692307692,0.615384615384615,-4.05,2,-2.43461538461539
"50","Blake Anderson","Arkansas State",2016,13,8,-1.2,0.615384615384615,0.615384615384615,-3.1,3,-0.984615384615385
"51","Blake Anderson","Arkansas State",2017,12,7,-2.9,0.583333333333333,0.607371794871795,-3.05,4,-0.442628205128205
"52","Blake Anderson","Arkansas State",2018,13,8,-2.8,0.615384615384615,0.608974358974359,-3,5,0.108974358974359
"53","Blake Anderson","Arkansas State",2019,13,8,-5.6,0.615384615384615,0.610042735042735,-3.43333333333333,6,0.176709401709402
"54","Blake Anderson","Arkansas State",2020,11,4,-7.3,0.363636363636364,0.574841824841825,-3.98571428571429,7,0.0891275391275386
"55","Blake Anderson","Utah State",2021,14,11,0.4,0.785714285714286,0.601200882450882,-3.4375,8,1.16370088245088
"56","Blake Anderson","Utah State",2021,0,0,0.4,NA,NA,-3.01111111111111,9,NA
"57","Blake Anderson","Utah State",2022,13,6,-12.1,0.461538461538462,NA,-3.92,10,NA
"58","Blake Anderson","Utah State",2023,13,6,-4.6,0.461538461538462,NA,-3.98181818181818,11,NA
"59","Blake Anderson","Utah State",2024,0,0,-11.7,NA,NA,-4.625,12,NA
"60","Blake Harrell","East Carolina",2024,6,5,-5.3,0.833333333333333,0.833333333333333,-5.3,1,-3.96666666666667
"61","Blake Harrell","East Carolina",2025,6,4,9.2,0.666666667,0.750000000166667,1.95,2,3.70000000016667
"62","Bo Pelini","Nebraska",2014,12,9,13.7,0.75,0.75,13.7,1,14.95
"63","Bob Chesney","James Madison",2024,13,9,1.3,0.692307692307692,0.692307692307692,1.3,1,2.49230769230769
"64","Bob Chesney","James Madison",2025,5,2,1.8,0.4,0.546153846153846,1.55,2,3.09615384615385
"65","Bob Davie","New Mexico",2014,12,4,-13.4,0.333333333333333,0.333333333333333,-13.4,1,-12.5666666666667
"66","Bob Davie","New Mexico",2015,13,7,-10.5,0.538461538461538,0.435897435897436,-11.95,2,-10.5141025641026
"67","Bob Davie","New Mexico",2016,13,9,-5.3,0.692307692307692,0.521367521367521,-9.73333333333333,3,-7.71196581196581
"68","Bob Davie","New Mexico",2017,12,3,-16.2,0.25,0.453525641025641,-11.35,4,-8.89647435897436
"69","Bob Davie","New Mexico",2018,12,3,-15.4,0.25,0.412820512820513,-12.16,5,-9.24717948717949
"70","Bob Davie","New Mexico",2019,12,2,-17.6,0.166666666666667,0.371794871794872,-13.0666666666667,6,-9.6948717948718
"71","Bob Diaco","UConn",2014,12,2,-20.4,0.166666666666667,0.166666666666667,-20.4,1,-19.7333333333333
"72","Bob Diaco","UConn",2015,13,6,-2.5,0.461538461538462,0.314102564102564,-11.45,2,-10.1358974358974
"73","Bob Diaco","UConn",2016,12,3,-17.5,0.25,0.292735042735043,-13.4666666666667,3,-11.6739316239316
"74","Bob Gregory","Washington",2021,3,0,2.3,0,0,2.3,1,2.8
"75","Bob Stoops","Oklahoma",2014,13,8,15.4,0.615384615384615,0.615384615384615,15.4,1,16.5153846153846
"76","Bob Stoops","Oklahoma",2015,13,11,23.1,0.846153846153846,0.730769230769231,19.25,2,20.9807692307692
"77","Bob Stoops","Oklahoma",2016,13,11,17.2,0.846153846153846,0.769230769230769,18.5666666666667,3,20.8358974358974
"78","Bob Stoops","Oklahoma",2021,1,1,9.5,1,0.826923076923077,16.3,4,19.1269230769231
"79","Bobby Hauck","UNLV",2014,13,2,-21.1,0.153846153846154,0.153846153846154,-21.1,1,-20.4461538461538
"80","Bobby Petrino","Louisville",2014,13,9,11.6,0.692307692307692,0.692307692307692,11.6,1,12.7923076923077
"81","Bobby Petrino","Louisville",2015,13,8,8.3,0.615384615384615,0.653846153846154,9.95,2,11.6038461538462
"82","Bobby Petrino","Louisville",2016,13,9,17.3,0.692307692307692,0.666666666666667,12.4,3,14.5666666666667
"83","Bobby Petrino","Louisville",2017,13,8,13.3,0.615384615384615,0.653846153846154,12.625,4,15.2788461538462
"84","Bobby Petrino","Western Kentucky",2018,10,2,-15.2,0.2,0.563076923076923,7.06,5,10.1230769230769
"85","Bobby Wilder","Old Dominion",2014,12,6,-9.9,0.5,0.5,-9.9,1,-8.9
"86","Bobby Wilder","Old Dominion",2015,12,5,-21.6,0.416666666666667,0.458333333333333,-15.75,2,-14.2916666666667
"87","Bobby Wilder","Old Dominion",2016,13,10,-4.2,0.769230769230769,0.561965811965812,-11.9,3,-9.83803418803419
"88","Bobby Wilder","Old Dominion",2017,12,5,-20.6,0.416666666666667,0.525641025641026,-14.075,4,-11.549358974359
"89","Bobby Wilder","Old Dominion",2018,12,4,-18.9,0.333333333333333,0.487179487179487,-15.04,5,-12.0528205128205
"90","Bobby Wilder","Old Dominion",2019,12,1,-19.8,0.0833333333333333,0.419871794871795,-15.8333333333333,6,-12.4134615384615
"91","Brad Cornelsen","Sam Houston",2024,1,1,-6.2,1,1,-6.2,1,-4.7
"92","Brad Davis","LSU",2021,1,0,5.4,0,0,5.4,1,5.9
"93","Brad Lambert","Charlotte",2015,12,2,-27.9,0.166666666666667,0.166666666666667,-27.9,1,-27.2333333333333
"94","Brad Lambert","Charlotte",2016,12,4,-19.6,0.333333333333333,0.25,-23.75,2,-22.5
"95","Brad Lambert","Charlotte",2017,12,1,-25.4,0.0833333333333333,0.194444444444444,-24.3,3,-22.6055555555556
"96","Brad Lambert","Charlotte",2018,12,5,-12.2,0.416666666666667,0.25,-21.275,4,-19.025
"97","Brady Hoke","Michigan",2014,12,5,1.6,0.416666666666667,0.416666666666667,1.6,1,2.51666666666667
"98","Brady Hoke","Tennessee",2017,2,0,-7.3,0,0.208333333333333,-2.85,2,-1.64166666666667
"99","Brady Hoke","San Diego State",2020,8,4,2.8,0.5,0.305555555555556,-0.966666666666666,3,0.838888888888889
"100","Brady Hoke","San Diego State",2021,14,12,5.2,0.857142857142857,0.443452380952381,0.575,4,3.01845238095238
"101","Brady Hoke","San Diego State",2022,13,7,-6.9,0.538461538461538,0.462454212454212,-0.92,5,2.04245421245421
"102","Brady Hoke","San Diego State",2023,12,4,-9.8,0.333333333333333,0.440934065934066,-2.4,6,1.04093406593407
"103","Brandon Hall","Troy",2021,1,0,-10.4,0,0,-10.4,1,-9.9
"104","Brent Brennan","San José State",2017,13,2,-26.7,0.153846153846154,0.153846153846154,-26.7,1,-26.0461538461538
"105","Brent Brennan","San José State",2018,12,1,-14.1,0.0833333333333333,0.118589743589744,-20.4,2,-19.2814102564103
"106","Brent Brennan","San José State",2019,12,5,-7.5,0.416666666666667,0.217948717948718,-16.1,3,-14.3820512820513
"107","Brent Brennan","San José State",2020,8,7,8.6,0.875,0.382211538461538,-9.925,4,-7.54278846153846
"108","Brent Brennan","San José State",2021,12,5,-9.9,0.416666666666667,0.389102564102564,-9.92,5,-7.03089743589743
"109","Brent Brennan","San José State",2022,12,7,-6.5,0.583333333333333,0.421474358974359,-9.35,6,-5.92852564102564
"110","Brent Brennan","San José State",2023,13,7,2.8,0.538461538461538,0.438186813186813,-7.61428571428571,7,-3.6760989010989
"111","Brent Brennan","Arizona",2024,12,4,-3.9,0.333333333333333,0.425080128205128,-7.15,8,-2.72491987179487
"112","Brent Brennan","Arizona",2025,5,4,5.3,0.8,0.466737891737892,-5.76666666666667,9,-0.799928774928775
"113","Brent Key","Georgia Tech",2022,8,4,-6,0.5,0.5,-6,1,-5
"114","Brent Key","Georgia Tech",2023,13,7,2.1,0.538461538461538,0.519230769230769,-1.95,2,-0.430769230769231
"115","Brent Key","Georgia Tech",2024,13,7,5.5,0.538461538461538,0.525641025641026,0.533333333333333,3,2.55897435897436
"116","Brent Key","Georgia Tech",2025,5,1,11.4,0.2,0.444230769230769,3.25,4,5.69423076923077
"117","Brent Pry","Virginia Tech",2022,11,3,-8.7,0.272727272727273,0.272727272727273,-8.7,1,-7.92727272727273
"118","Brent Pry","Virginia Tech",2023,13,7,3.9,0.538461538461538,0.405594405594406,-2.4,2,-0.994405594405594
"119","Brent Pry","Virginia Tech",2024,13,6,10.4,0.461538461538462,0.424242424242424,1.86666666666667,3,3.79090909090909
"120","Brent Pry","Virginia Tech",2025,6,2,-4.6,0.333333333,0.401515151431818,0.25,4,2.65151515143182
"121","Brent Venables","Oklahoma",2022,13,6,10.2,0.461538461538462,0.461538461538462,10.2,1,11.1615384615385
"122","Brent Venables","Oklahoma",2023,13,10,19.1,0.769230769230769,0.615384615384615,14.65,2,16.2653846153846
"123","Brent Venables","Oklahoma",2024,13,6,7,0.461538461538462,0.564102564102564,12.1,3,14.1641025641026
"124","Brent Venables","Oklahoma",2025,6,3,17.5,0.5,0.548076923076923,13.45,4,15.9980769230769
"125","Bret Bielema","Arkansas",2014,13,7,20.4,0.538461538461538,0.538461538461538,20.4,1,21.4384615384615
"126","Bret Bielema","Arkansas",2015,13,8,15.1,0.615384615384615,0.576923076923077,17.75,2,19.3269230769231
"127","Bret Bielema","Arkansas",2016,13,7,4.2,0.538461538461538,0.564102564102564,13.2333333333333,3,15.2974358974359
"128","Bret Bielema","Arkansas",2017,12,4,-4.7,0.333333333333333,0.506410256410256,8.75,4,11.2564102564103
"129","Bret Bielema","Illinois",2021,12,5,-0.9,0.416666666666667,0.488461538461538,6.82,5,9.80846153846154
"130","Bret Bielema","Illinois",2022,13,8,11.7,0.615384615384615,0.509615384615385,7.63333333333333,6,11.1429487179487
"131","Bret Bielema","Illinois",2023,12,5,-2.3,0.416666666666667,0.496336996336996,6.21428571428571,7,10.2106227106227
"132","Bret Bielema","Illinois",2024,13,10,8.8,0.769230769230769,0.530448717948718,6.5375,8,11.0679487179487
"133","Bret Bielema","Illinois",2025,5,4,18.7,0.8,0.56039886039886,7.88888888888889,9,12.9492877492878
"134","Brian Bohannon","Kennesaw State",2024,9,1,-23.3,0.111111111111111,0.111111111111111,-23.3,1,-22.6888888888889
"135","Brian Brohm","Purdue",2022,1,0,5.1,0,0,5.1,1,5.6
"136","Brian Kelly","Notre Dame",2014,13,8,8.4,0.615384615384615,0.615384615384615,8.4,1,9.51538461538462
"137","Brian Kelly","Notre Dame",2015,13,10,17.5,0.769230769230769,0.692307692307692,12.95,2,14.6423076923077
"138","Brian Kelly","Notre Dame",2016,12,4,6.4,0.333333333333333,0.572649572649573,10.7666666666667,3,12.8393162393162
"139","Brian Kelly","Notre Dame",2017,13,10,22,0.769230769230769,0.621794871794872,13.575,4,16.1967948717949
"140","Brian Kelly","Notre Dame",2018,13,12,17.7,0.923076923076923,0.682051282051282,14.4,5,17.5820512820513
"141","Brian Kelly","Notre Dame",2019,13,11,18.8,0.846153846153846,0.709401709401709,15.1333333333333,6,18.842735042735
"142","Brian Kelly","Notre Dame",2020,12,10,NA,0.833333333333333,0.727106227106227,NA,7,NA
"143","Brian Kelly","Notre Dame",2021,12,11,16.4,0.916666666666667,0.750801282051282,NA,8,NA
"144","Brian Kelly","LSU",2022,14,10,14.8,0.714285714285714,0.746743996743997,NA,9,NA
"145","Brian Kelly","LSU",2023,13,10,17.1,0.769230769230769,0.748992673992674,NA,10,NA
"146","Brian Kelly","LSU",2024,13,9,12.9,0.692307692307692,0.743839493839494,NA,11,NA
"147","Brian Kelly","LSU",2025,5,3,19.1,0.6,0.731852869352869,NA,12,NA
"148","Brian Newberry","Navy",2023,12,5,-11.4,0.416666666666667,0.416666666666667,-11.4,1,-10.4833333333333
"149","Brian Newberry","Navy",2024,13,10,5.7,0.769230769230769,0.592948717948718,-2.85,2,-1.25705128205128
"150","Brian Newberry","Navy",2025,5,5,-4.5,1,0.728632478632479,-3.4,3,-1.17136752136752
"151","Brian Polian","Nevada",2014,13,7,-2.1,0.538461538461538,0.538461538461538,-2.1,1,-1.06153846153846
"152","Brian Polian","Nevada",2015,13,7,-9.4,0.538461538461538,0.538461538461538,-5.75,2,-4.21153846153846
"153","Brian Polian","Nevada",2016,12,5,-13.7,0.416666666666667,0.497863247863248,-8.4,3,-6.40213675213675
"154","Brian Smith","Ohio",2025,5,3,-4.4,0.6,0.6,-4.4,1,-3.3
"155","Bronco Mendenhall","BYU",2014,13,8,3.4,0.615384615384615,0.615384615384615,3.4,1,4.51538461538462
"156","Bronco Mendenhall","BYU",2015,13,9,8.4,0.692307692307692,0.653846153846154,5.9,2,7.55384615384615
"157","Bronco Mendenhall","Virginia",2016,12,2,-5.4,0.166666666666667,0.491452991452991,2.13333333333333,3,4.12478632478632
"158","Bronco Mendenhall","Virginia",2017,13,6,-0.8,0.461538461538462,0.483974358974359,1.4,4,3.88397435897436
"159","Bronco Mendenhall","Virginia",2018,13,8,7.6,0.615384615384615,0.51025641025641,2.64,5,5.65025641025641
"160","Bronco Mendenhall","Virginia",2019,14,9,6.3,0.642857142857143,0.532356532356532,3.25,6,6.78235653235653
"161","Bronco Mendenhall","Virginia",2020,10,5,NA,0.5,0.527734170591313,NA,7,NA
"162","Bronco Mendenhall","Virginia",2021,12,6,2.1,0.5,0.524267399267399,NA,8,NA
"163","Bronco Mendenhall","New Mexico",2024,12,5,-12.4,0.416666666666667,0.512311762311762,NA,9,NA
"164","Bronco Mendenhall","Utah State",2025,5,3,0.6,0.6,0.521080586080586,NA,10,NA
"165","Bryan Harsin","Boise State",2014,14,12,10,0.857142857142857,0.857142857142857,10,1,11.3571428571429
"166","Bryan Harsin","Boise State",2015,13,9,8.1,0.692307692307692,0.774725274725275,9.05,2,10.8247252747253
"167","Bryan Harsin","Boise State",2016,13,10,6.9,0.769230769230769,0.772893772893773,8.33333333333333,3,10.6062271062271
"168","Bryan Harsin","Boise State",2017,14,11,7.7,0.785714285714286,0.776098901098901,8.175,4,10.9510989010989
"169","Bryan Harsin","Boise State",2018,13,10,9.3,0.769230769230769,0.774725274725275,8.4,5,11.6747252747253
"170","Bryan Harsin","Boise State",2019,14,12,8.9,0.857142857142857,0.788461538461538,8.48333333333333,6,12.2717948717949
"171","Bryan Harsin","Boise State",2020,7,5,7.7,0.714285714285714,0.777864992150706,8.37142857142857,7,12.6492935635793
"172","Bryan Harsin","Auburn",2021,13,6,7.1,0.461538461538462,0.738324175824176,8.2125,8,12.9508241758242
"173","Bryan Harsin","Auburn",2022,8,3,3.1,0.375,0.697954822954823,7.64444444444444,9,12.8423992673993
"174","Bryan McClendon","Oregon",2021,1,0,9.9,0,0,9.9,1,10.4
"175","Bryant Vincent","UAB",2022,13,7,-1.1,0.538461538461538,0.538461538461538,-1.1,1,-0.0615384615384617
"176","Bryant Vincent","UL Monroe",2024,12,5,-9.8,0.416666666666667,0.477564102564103,-5.45,2,-3.9724358974359
"177","Bryant Vincent","UL Monroe",2025,5,1,-14.4,0.2,0.385042735042735,-8.43333333333333,3,-6.5482905982906
"178","Butch Davis","Florida International",2017,13,8,-10.9,0.615384615384615,0.615384615384615,-10.9,1,-9.78461538461539
"179","Butch Davis","Florida International",2018,13,9,-3.4,0.692307692307692,0.653846153846154,-7.15,2,-5.49615384615385
"180","Butch Davis","Florida International",2019,13,6,-11.5,0.461538461538462,0.58974358974359,-8.6,3,-6.51025641025641
"181","Butch Davis","Florida International",2020,5,0,-17.8,0,0.442307692307692,-10.9,4,-8.45769230769231
"182","Butch Davis","Florida International",2021,12,1,-27.5,0.0833333333333333,0.37051282051282,-14.22,5,-11.3494871794872
"183","Butch Jones","Tennessee",2014,13,7,10.9,0.538461538461538,0.538461538461538,10.9,1,11.9384615384615
"184","Butch Jones","Tennessee",2015,13,9,17.7,0.692307692307692,0.615384615384615,14.3,2,15.9153846153846
"185","Butch Jones","Tennessee",2016,13,9,10.4,0.692307692307692,0.641025641025641,13,3,15.1410256410256
"186","Butch Jones","Tennessee",2017,10,4,-7.3,0.4,0.580769230769231,7.925,4,10.5057692307692
"187","Butch Jones","Arkansas State",2021,12,2,-16.8,0.166666666666667,0.497948717948718,2.98,5,5.97794871794872
"188","Butch Jones","Arkansas State",2022,12,3,-11.4,0.25,0.456623931623932,0.583333333333333,6,4.03995726495726
"189","Butch Jones","Arkansas State",2023,13,6,-6.4,0.461538461538462,0.457326007326007,-0.414285714285715,7,3.54304029304029
"190","Butch Jones","Arkansas State",2024,13,8,-11.5,0.615384615384615,0.477083333333333,-1.8,8,2.67708333333333
"191","Butch Jones","Arkansas State",2025,6,2,-14.4,0.333333333,0.461111111074074,-3.2,9,1.76111111107407
"192","Cadillac Williams","Auburn",2022,4,2,3.1,0.5,0.5,3.1,1,4.1
"193","Carl Pelini","Bowling Green",2018,5,2,-21,0.4,0.4,-21,1,-20.1
"194","Chad Lunsford","Georgia Southern",2017,6,2,-17.4,0.333333333333333,0.333333333333333,-17.4,1,-16.5666666666667
"195","Chad Lunsford","Georgia Southern",2018,13,10,-0.4,0.769230769230769,0.551282051282051,-8.9,2,-7.34871794871795
"196","Chad Lunsford","Georgia Southern",2019,13,7,-1,0.538461538461538,0.547008547008547,-6.26666666666667,3,-4.21965811965812
"197","Chad Lunsford","Georgia Southern",2020,13,8,1.2,0.615384615384615,0.564102564102564,-4.4,4,-1.83589743589744
"198","Chad Lunsford","Georgia Southern",2021,4,1,-14.9,0.25,0.501282051282051,-6.5,5,-3.49871794871795
"199","Chad Lunsford","Florida Atlantic",2024,2,1,-15.4,0.5,0.501068376068376,-7.98333333333333,6,-4.48226495726496
"200","Chad Morris","SMU",2015,12,2,-13.1,0.166666666666667,0.166666666666667,-13.1,1,-12.4333333333333
"201","Chad Morris","SMU",2016,12,5,-8.3,0.416666666666667,0.291666666666667,-10.7,2,-9.40833333333333
"202","Chad Morris","SMU",2017,13,7,-2,0.538461538461538,0.373931623931624,-7.8,3,-5.92606837606838
"203","Chad Morris","Arkansas",2018,12,2,-7.2,0.166666666666667,0.322115384615385,-7.65,4,-5.32788461538461
"204","Chad Morris","Arkansas",2019,10,2,-7.6,0.2,0.297692307692308,-7.64,5,-4.84230769230769
"205","Chad Scott","West Virginia",2024,1,0,1.2,0,0,1.2,1,1.7
"206","Chad Staggs","Coastal Carolina",2022,1,0,-6.4,0,0,-6.4,1,-5.9
"207","Chandler Burks","Kennesaw State",2024,3,1,-23.3,0.333333333333333,0.333333333333333,-23.3,1,-22.4666666666667
"208","Charles Huff","Marshall",2021,13,7,3.7,0.538461538461538,0.538461538461538,3.7,1,4.73846153846154
"209","Charles Huff","Marshall",2022,13,9,0.6,0.692307692307692,0.615384615384615,2.15,2,3.76538461538462
"210","Charles Huff","Marshall",2023,13,6,-7.5,0.461538461538462,0.564102564102564,-1.06666666666667,3,0.997435897435898
"211","Charles Huff","Marshall",2024,13,10,3.5,0.769230769230769,0.615384615384615,0.075,4,2.69038461538462
"212","Charles Huff","Southern Miss",2025,5,3,-3.1,0.6,0.612307692307692,-0.56,5,2.55230769230769
"213","Charles Kelly","Jacksonville State",2025,6,5,-11.3,0.833333333,0.833333333,-11.3,1,-9.966666667
"214","Charlie Partridge","Florida Atlantic",2014,12,3,-11,0.25,0.25,-11,1,-10.25
"215","Charlie Partridge","Florida Atlantic",2015,12,3,-14.5,0.25,0.25,-12.75,2,-11.5
"216","Charlie Partridge","Florida Atlantic",2016,12,3,-20,0.25,0.25,-15.1666666666667,3,-13.4166666666667
"217","Charlie Strong","Texas",2014,13,6,5.8,0.461538461538462,0.461538461538462,5.8,1,6.76153846153846
"218","Charlie Strong","Texas",2015,12,5,2.3,0.416666666666667,0.439102564102564,4.05,2,5.48910256410256
"219","Charlie Strong","Texas",2016,12,5,2.6,0.416666666666667,0.431623931623932,3.56666666666667,3,5.4982905982906
"220","Charlie Strong","South Florida",2017,12,10,8.9,0.833333333333333,0.532051282051282,4.9,4,7.43205128205128
"221","Charlie Strong","South Florida",2018,13,7,-11,0.538461538461538,0.533333333333333,1.72,5,4.75333333333333
"222","Charlie Strong","South Florida",2019,12,4,-8.3,0.333333333333333,0.5,0.0500000000000001,6,3.55
"223","Charlie Weis","Kansas",2014,4,2,-7.5,0.5,0.5,-7.5,1,-6.5
"224","Chip Kelly","UCLA",2018,12,3,-4,0.25,0.25,-4,1,-3.25
"225","Chip Kelly","UCLA",2019,12,4,-1.5,0.333333333333333,0.291666666666667,-2.75,2,-1.45833333333333
"226","Chip Kelly","UCLA",2020,7,3,NA,0.428571428571429,0.337301587301587,NA,3,NA
"227","Chip Kelly","UCLA",2021,12,8,9.2,0.666666666666667,0.419642857142857,NA,4,NA
"228","Chip Kelly","UCLA",2022,13,9,8.4,0.692307692307692,0.474175824175824,NA,5,NA
"229","Chip Kelly","UCLA",2023,13,8,7.7,0.615384615384615,0.497710622710623,NA,6,NA
"230","Chip Lindsey","Troy",2019,12,5,-9.6,0.416666666666667,0.416666666666667,-9.6,1,-8.68333333333333
"231","Chip Lindsey","Troy",2020,11,5,4,0.454545454545455,0.435606060606061,-2.8,2,-1.36439393939394
"232","Chip Lindsey","Troy",2021,11,5,-10.4,0.454545454545455,0.441919191919192,-5.33333333333333,3,-3.39141414141414
"233","Chris Ash","Rutgers",2016,12,2,-10.9,0.166666666666667,0.166666666666667,-10.9,1,-10.2333333333333
"234","Chris Ash","Rutgers",2017,12,4,-6.1,0.333333333333333,0.25,-8.5,2,-7.25
"235","Chris Ash","Rutgers",2018,12,1,-12.9,0.0833333333333333,0.194444444444444,-9.96666666666667,3,-8.27222222222222
"236","Chris Ash","Rutgers",2019,4,1,-16.7,0.25,0.208333333333333,-11.65,4,-9.44166666666666
"237","Chris Creighton","Eastern Michigan",2014,12,2,-27.1,0.166666666666667,0.166666666666667,-27.1,1,-26.4333333333333
"238","Chris Creighton","Eastern Michigan",2015,12,1,-22.5,0.0833333333333333,0.125,-24.8,2,-23.675
"239","Chris Creighton","Eastern Michigan",2016,13,7,-8.7,0.538461538461538,0.262820512820513,-19.4333333333333,3,-17.6705128205128
"240","Chris Creighton","Eastern Michigan",2017,12,5,-4.2,0.416666666666667,0.301282051282051,-15.625,4,-13.3237179487179
"241","Chris Creighton","Eastern Michigan",2018,13,7,-3.4,0.538461538461538,0.348717948717949,-13.18,5,-10.3312820512821
"242","Chris Creighton","Eastern Michigan",2019,13,6,-9.3,0.461538461538462,0.367521367521368,-12.5333333333333,6,-9.16581196581197
"243","Chris Creighton","Eastern Michigan",2020,6,2,NA,0.333333333333333,0.362637362637363,NA,7,NA
"244","Chris Creighton","Eastern Michigan",2021,13,7,-4.9,0.538461538461538,0.384615384615385,NA,8,NA
"245","Chris Creighton","Eastern Michigan",2022,13,9,-9.2,0.692307692307692,0.418803418803419,NA,9,NA
"246","Chris Creighton","Eastern Michigan",2023,13,6,-16.9,0.461538461538462,0.423076923076923,NA,10,NA
"247","Chris Creighton","Eastern Michigan",2024,12,5,-12.1,0.416666666666667,0.422494172494173,NA,11,NA
"248","Chris Creighton","Eastern Michigan",2025,5,3,-23.6,0.6,0.437286324786325,NA,12,NA
"249","Chris Klieman","Kansas State",2019,13,8,10.4,0.615384615384615,0.615384615384615,10.4,1,11.5153846153846
"250","Chris Klieman","Kansas State",2020,10,4,1,0.4,0.507692307692308,5.7,2,7.20769230769231
"251","Chris Klieman","Kansas State",2021,13,8,8.6,0.615384615384615,0.543589743589744,6.66666666666667,3,8.71025641025641
"252","Chris Klieman","Kansas State",2022,14,10,15.5,0.714285714285714,0.586263736263736,8.875,4,11.4612637362637
"253","Chris Klieman","Kansas State",2023,13,9,19.6,0.692307692307692,0.607472527472527,11.02,5,14.1274725274725
"254","Chris Klieman","Kansas State",2024,13,9,11.8,0.692307692307692,0.621611721611722,11.15,6,14.7716117216117
"255","Chris Klieman","Kansas State",2025,6,4,1.4,0.666666667,0.628048142381476,9.75714285714286,7,13.8851909995243
"256","Chris Naeole","Hawai'i",2015,4,1,-21.7,0.25,0.25,-21.7,1,-20.95
"257","Chris Petersen","Washington",2014,14,8,8.2,0.571428571428571,0.571428571428571,8.2,1,9.27142857142857
"258","Chris Petersen","Washington",2015,13,7,13.7,0.538461538461538,0.554945054945055,10.95,2,12.5049450549451
"259","Chris Petersen","Washington",2016,14,12,27.3,0.857142857142857,0.655677655677656,16.4,3,18.5556776556777
"260","Chris Petersen","Washington",2017,13,10,20.1,0.769230769230769,0.684065934065934,17.325,4,20.0090659340659
"261","Chris Petersen","Washington",2018,14,10,12.2,0.714285714285714,0.69010989010989,16.3,5,19.4901098901099
"262","Chris Petersen","Washington",2019,13,8,15.6,0.615384615384615,0.677655677655678,16.1833333333333,6,19.860989010989
"263","Chris Woods","Texas State",2018,1,0,-19.8,0,0,-19.8,1,-19.3
"264","Chuck Martin","Miami (OH)",2014,12,2,-16.1,0.166666666666667,0.166666666666667,-16.1,1,-15.4333333333333
"265","Chuck Martin","Miami (OH)",2015,12,3,-19.3,0.25,0.208333333333333,-17.7,2,-16.4916666666667
"266","Chuck Martin","Miami (OH)",2016,13,6,-7.1,0.461538461538462,0.292735042735043,-14.1666666666667,3,-12.3739316239316
"267","Chuck Martin","Miami (OH)",2017,12,5,-8.4,0.416666666666667,0.323717948717949,-12.725,4,-10.4012820512821
"268","Chuck Martin","Miami (OH)",2018,12,6,-2.2,0.5,0.358974358974359,-10.62,5,-7.76102564102564
"269","Chuck Martin","Miami (OH)",2019,14,8,-7,0.571428571428571,0.394383394383394,-10.0166666666667,6,-6.62228327228327
"270","Chuck Martin","Miami (OH)",2020,3,2,NA,0.666666666666667,0.433281004709576,NA,7,NA
"271","Chuck Martin","Miami (OH)",2021,13,7,-1.9,0.538461538461538,0.446428571428571,NA,8,NA
"272","Chuck Martin","Miami (OH)",2022,13,6,-12.2,0.461538461538462,0.448107448107448,NA,9,NA
"273","Chuck Martin","Miami (OH)",2023,14,11,-1.2,0.785714285714286,0.481868131868132,NA,10,NA
"274","Chuck Martin","Miami (OH)",2024,14,9,-0.1,0.642857142857143,0.496503496503497,NA,11,NA
"275","Chuck Martin","Miami (OH)",2025,6,6,-9.2,1,0.538461538461538,NA,12,NA
"276","Clark Lea","Vanderbilt",2021,12,2,-10.2,0.166666666666667,0.166666666666667,-10.2,1,-9.53333333333333
"277","Clark Lea","Vanderbilt",2022,12,5,-2.4,0.416666666666667,0.291666666666667,-6.3,2,-5.00833333333333
"278","Clark Lea","Vanderbilt",2023,12,2,-11,0.166666666666667,0.25,-7.86666666666667,3,-6.11666666666667
"279","Clark Lea","Vanderbilt",2024,13,7,7.4,0.538461538461538,0.322115384615385,-4.05,4,-1.72788461538462
"280","Clark Lea","Vanderbilt",2025,6,5,16.3,0.833333333,0.424358974292308,0.0199999999999996,5,2.94435897429231
"281","Clay Helton","USC",2015,9,5,13.6,0.555555555555556,0.555555555555556,13.6,1,14.6555555555556
"282","Clay Helton","USC",2016,13,10,19.4,0.769230769230769,0.662393162393162,16.5,2,18.1623931623932
"283","Clay Helton","USC",2017,14,11,11.9,0.785714285714286,0.703500203500203,14.9666666666667,3,17.1701668701669
"284","Clay Helton","USC",2018,12,5,1.3,0.416666666666667,0.631791819291819,11.55,4,14.1817918192918
"285","Clay Helton","USC",2019,13,8,9.5,0.615384615384615,0.628510378510378,11.14,5,14.2685103785104
"286","Clay Helton","USC",2020,6,5,NA,0.833333333333333,0.662647537647538,NA,6,NA
"287","Clay Helton","USC",2021,2,1,0.4,0.5,0.639412175126461,NA,7,NA
"288","Clay Helton","Georgia Southern",2022,13,6,-4.8,0.461538461538462,0.617177960927961,NA,8,NA
"289","Clay Helton","Georgia Southern",2023,13,6,-8.6,0.461538461538462,0.599884683218017,NA,9,NA
"290","Clay Helton","Georgia Southern",2024,13,8,-2.5,0.615384615384615,0.601434676434677,NA,10,NA
"291","Clay Helton","Georgia Southern",2025,5,4,-14.7,0.8,0.61948606948607,NA,11,NA
"292","Colin Johnson","Ball State",2024,2,0,-13.4,0,0,-13.4,1,-12.9
"293","Cory Hall","Oregon State",2017,6,0,-16.5,0,0,-16.5,1,-16
"294","Craig Bohl","Wyoming",2014,12,4,-11.2,0.333333333333333,0.333333333333333,-11.2,1,-10.3666666666667
"295","Craig Bohl","Wyoming",2015,12,2,-18.9,0.166666666666667,0.25,-15.05,2,-13.8
"296","Craig Bohl","Wyoming",2016,14,8,-1.9,0.571428571428571,0.357142857142857,-10.6666666666667,3,-8.80952380952381
"297","Craig Bohl","Wyoming",2017,13,8,-2.3,0.615384615384615,0.421703296703297,-8.575,4,-6.1532967032967
"298","Craig Bohl","Wyoming",2018,12,6,-2.4,0.5,0.437362637362637,-7.34,5,-4.40263736263736
"299","Craig Bohl","Wyoming",2019,13,8,2.5,0.615384615384615,0.467032967032967,-5.7,6,-2.23296703296703
"300","Craig Bohl","Wyoming",2020,6,2,-0.4,0.333333333333333,0.447933019361591,-4.94285714285714,7,-0.994924123495552
"301","Craig Bohl","Wyoming",2021,13,7,-0.4,0.538461538461538,0.459249084249084,-4.375,8,0.0842490842490853
"302","Craig Bohl","Wyoming",2022,13,7,-10,0.538461538461538,0.468050468050468,-5,9,-0.0319495319495307
"303","Craig Bohl","Wyoming",2023,13,9,-1.3,0.692307692307692,0.490476190476191,-4.63,10,0.860476190476192
"304","Curt Cignetti","James Madison",2022,11,8,5,0.727272727272727,0.727272727272727,5,1,6.22727272727273
"305","Curt Cignetti","James Madison",2023,12,11,8,0.916666666666667,0.821969696969697,6.5,2,8.3219696969697
"306","Curt Cignetti","Indiana",2024,13,11,17.7,0.846153846153846,0.83003108003108,10.2333333333333,3,12.5633644133644
"307","Curt Cignetti","Indiana",2025,6,5,26.2,0.833333333,0.83085664327331,14.225,4,17.0558566432733
"308","Curtis Johnson","Tulane",2014,12,3,-15.5,0.25,0.25,-15.5,1,-14.75
"309","Curtis Johnson","Tulane",2015,12,3,-18.9,0.25,0.25,-17.2,2,-15.95
"310","D.J. Durkin","Florida",2014,1,1,9.6,1,1,9.6,1,11.1
"311","D.J. Durkin","Maryland",2016,13,6,-0.8,0.461538461538462,0.730769230769231,4.4,2,6.13076923076923
"312","D.J. Durkin","Maryland",2017,12,4,-0.8,0.333333333333333,0.598290598290598,2.66666666666667,3,4.76495726495726
"313","Dabo Swinney","Clemson",2014,13,10,13.9,0.769230769230769,0.769230769230769,13.9,1,15.1692307692308
"314","Dabo Swinney","Clemson",2015,15,14,22.3,0.933333333333333,0.851282051282051,18.1,2,19.9512820512821
"315","Dabo Swinney","Clemson",2016,15,14,25.3,0.933333333333333,0.878632478632479,20.5,3,22.8786324786325
"316","Dabo Swinney","Clemson",2017,14,12,25.9,0.857142857142857,0.873260073260073,21.85,4,24.7232600732601
"317","Dabo Swinney","Clemson",2018,15,15,32.7,1,0.898608058608059,24.02,5,27.4186080586081
"318","Dabo Swinney","Clemson",2019,15,14,28.6,0.933333333333333,0.904395604395604,24.7833333333333,6,28.6877289377289
"319","Dabo Swinney","Clemson",2020,12,10,NA,0.833333333333333,0.894243851386708,NA,7,NA
"320","Dabo Swinney","Clemson",2021,13,10,11.1,0.769230769230769,0.878617216117216,NA,8,NA
"321","Dabo Swinney","Clemson",2022,14,11,13.9,0.785714285714286,0.868294668294668,NA,9,NA
"322","Dabo Swinney","Clemson",2023,13,9,10.8,0.692307692307692,0.850695970695971,NA,10,NA
"323","Dabo Swinney","Clemson",2024,14,10,11.9,0.714285714285714,0.838295038295038,NA,11,NA
"324","Dabo Swinney","Clemson",2025,5,2,3.6,0.4,0.801770451770452,NA,12,NA
"325","Damian Wroblewski","James Madison",2023,1,0,8,0,0,8,1,8.5
"326","Dan Enos","Central Michigan",2014,13,7,-7.1,0.538461538461538,0.538461538461538,-7.1,1,-6.06153846153846
"327","Dan Lanning","Oregon",2022,13,10,14.2,0.769230769230769,0.769230769230769,14.2,1,15.4692307692308
"328","Dan Lanning","Oregon",2023,14,12,22.3,0.857142857142857,0.813186813186813,18.25,2,20.0631868131868
"329","Dan Lanning","Oregon",2024,14,13,17.1,0.928571428571429,0.851648351648352,17.8666666666667,3,20.218315018315
"330","Dan Lanning","Oregon",2025,5,4,19.3,0.8,0.838736263736264,18.225,4,21.0637362637363
"331","Dan McCarney","North Texas",2014,12,4,-15.8,0.333333333333333,0.333333333333333,-15.8,1,-14.9666666666667
"332","Dan McCarney","North Texas",2015,5,0,-24.4,0,0.166666666666667,-20.1,2,-18.9333333333333
"333","Dan Mullen","Mississippi State",2014,13,10,20,0.769230769230769,0.769230769230769,20,1,21.2692307692308
"334","Dan Mullen","Mississippi State",2015,13,9,15.5,0.692307692307692,0.730769230769231,17.75,2,19.4807692307692
"335","Dan Mullen","Mississippi State",2016,13,6,3.5,0.461538461538462,0.641025641025641,13,3,15.1410256410256
"336","Dan Mullen","Mississippi State",2017,12,8,14.1,0.666666666666667,0.647435897435897,13.275,4,15.9224358974359
"337","Dan Mullen","Florida",2018,13,10,19.3,0.769230769230769,0.671794871794872,14.48,5,17.6517948717949
"338","Dan Mullen","Florida",2019,13,11,19.8,0.846153846153846,0.700854700854701,15.3666666666667,6,19.0675213675214
"339","Dan Mullen","Florida",2020,12,8,16.2,0.666666666666667,0.695970695970696,15.4857142857143,7,19.681684981685
"340","Dan Mullen","Florida",2021,11,5,7.2,0.454545454545455,0.665792540792541,14.45,8,19.1157925407925
"341","Dan Mullen","UNLV",2025,5,5,-3.9,1,0.702926702926703,12.4111111111111,9,17.6140378140378
"342","Dana Dimel","UTEP",2018,12,1,-24.7,0.0833333333333333,0.0833333333333333,-24.7,1,-24.1166666666667
"343","Dana Dimel","UTEP",2019,12,1,-28.1,0.0833333333333333,0.0833333333333333,-26.4,2,-25.3166666666667
"344","Dana Dimel","UTEP",2020,8,3,-17.2,0.375,0.180555555555556,-23.3333333333333,3,-21.6527777777778
"345","Dana Dimel","UTEP",2021,13,7,-6.7,0.538461538461538,0.270032051282051,-19.175,4,-16.9049679487179
"346","Dana Dimel","UTEP",2022,12,5,-11.3,0.416666666666667,0.299358974358974,-17.6,5,-14.800641025641
"347","Dana Dimel","UTEP",2023,12,3,-13.7,0.25,0.291132478632479,-16.95,6,-13.6588675213675
"348","Dana Holgorsen","West Virginia",2014,13,7,11.5,0.538461538461538,0.538461538461538,11.5,1,12.5384615384615
"349","Dana Holgorsen","West Virginia",2015,13,8,11,0.615384615384615,0.576923076923077,11.25,2,12.8269230769231
"350","Dana Holgorsen","West Virginia",2016,13,10,10.4,0.769230769230769,0.641025641025641,10.9666666666667,3,13.1076923076923
"351","Dana Holgorsen","West Virginia",2017,13,7,6.5,0.538461538461538,0.615384615384615,9.85,4,12.4653846153846
"352","Dana Holgorsen","West Virginia",2018,12,8,17.9,0.666666666666667,0.625641025641026,11.46,5,14.585641025641
"353","Dana Holgorsen","Houston",2019,12,4,-0.1,0.333333333333333,0.576923076923077,9.53333333333333,6,13.1102564102564
"354","Dana Holgorsen","Houston",2020,8,3,NA,0.375,0.548076923076923,NA,7,NA
"355","Dana Holgorsen","Houston",2021,14,12,7.7,0.857142857142857,0.586710164835165,NA,8,NA
"356","Dana Holgorsen","Houston",2022,13,8,2.8,0.615384615384615,0.589896214896215,NA,9,NA
"357","Dana Holgorsen","Houston",2023,12,4,-3.3,0.333333333333333,0.564239926739927,NA,10,NA
"358","Dana Holgorsen","Houston",2024,0,0,-2,NA,NA,NA,11,NA
"359","Daniel Da Prato","South Florida",2022,3,0,-12,0,0,-12,1,-11.5
"360","Danny Gonzales","New Mexico",2020,7,2,-11.1,0.285714285714286,0.285714285714286,-11.1,1,-10.3142857142857
"361","Danny Gonzales","New Mexico",2021,12,3,-15.1,0.25,0.267857142857143,-13.1,2,-11.8321428571429
"362","Danny Gonzales","New Mexico",2022,12,2,-19.1,0.166666666666667,0.234126984126984,-15.1,3,-13.365873015873
"363","Danny Gonzales","New Mexico",2023,12,4,-11.1,0.333333333333333,0.258928571428571,-14.1,4,-11.8410714285714
"364","Darrell Hazell","Purdue",2014,12,3,-6.7,0.25,0.25,-6.7,1,-5.95
"365","Darrell Hazell","Purdue",2015,12,2,-9.2,0.166666666666667,0.208333333333333,-7.95,2,-6.74166666666667
"366","Darrell Hazell","Purdue",2016,6,3,-12.7,0.5,0.305555555555556,-9.53333333333333,3,-7.72777777777778
"367","Dave Aranda","Baylor",2020,9,2,1.8,0.222222222222222,0.222222222222222,1.8,1,2.52222222222222
"368","Dave Aranda","Baylor",2021,14,12,11.6,0.857142857142857,0.53968253968254,6.7,2,8.23968253968254
"369","Dave Aranda","Baylor",2022,13,6,9.2,0.461538461538462,0.513634513634514,7.53333333333333,3,9.54696784696785
"370","Dave Aranda","Baylor",2023,12,3,-6.9,0.25,0.447725885225885,3.925,4,6.37272588522589
"371","Dave Aranda","Baylor",2024,13,8,11.5,0.615384615384615,0.481257631257631,5.44,5,8.42125763125763
"372","Dave Aranda","Baylor",2025,6,4,-0.5,0.666666667,0.512159137214693,4.45,6,7.96215913721469
"373","Dave Clawson","Wake Forest",2014,12,3,-10.8,0.25,0.25,-10.8,1,-10.05
"374","Dave Clawson","Wake Forest",2015,12,3,-3.5,0.25,0.25,-7.15,2,-5.9
"375","Dave Clawson","Wake Forest",2016,13,7,0.2,0.538461538461538,0.346153846153846,-4.7,3,-2.85384615384615
"376","Dave Clawson","Wake Forest",2017,13,8,13.8,0.615384615384615,0.413461538461538,-0.0750000000000002,4,2.33846153846154
"377","Dave Clawson","Wake Forest",2018,13,7,0.8,0.538461538461538,0.438461538461538,0.0999999999999999,5,3.03846153846154
"378","Dave Clawson","Wake Forest",2019,13,8,0.6,0.615384615384615,0.467948717948718,0.183333333333333,6,3.65128205128205
"379","Dave Clawson","Wake Forest",2020,9,4,NA,0.444444444444444,0.464590964590965,NA,7,NA
"380","Dave Clawson","Wake Forest",2021,14,11,12.5,0.785714285714286,0.50473137973138,NA,8,NA
"381","Dave Clawson","Wake Forest",2022,13,8,7.4,0.615384615384615,0.51702618369285,NA,9,NA
"382","Dave Clawson","Wake Forest",2023,12,4,-4.1,0.333333333333333,0.498656898656899,NA,10,NA
"383","Dave Clawson","Wake Forest",2024,12,4,-6.2,0.333333333333333,0.483627483627484,NA,11,NA
"384","Dave Doeren","NC State",2014,13,8,1.9,0.615384615384615,0.615384615384615,1.9,1,3.01538461538462
"385","Dave Doeren","NC State",2015,13,7,6.7,0.538461538461538,0.576923076923077,4.3,2,5.87692307692308
"386","Dave Doeren","NC State",2016,13,7,7.6,0.538461538461538,0.564102564102564,5.4,3,7.46410256410256
"387","Dave Doeren","NC State",2017,13,9,13.7,0.692307692307692,0.596153846153846,7.475,4,10.0711538461538
"388","Dave Doeren","NC State",2018,13,9,7.9,0.692307692307692,0.615384615384615,7.56,5,10.6753846153846
"389","Dave Doeren","NC State",2019,12,4,-12,0.333333333333333,0.568376068376068,4.3,6,7.86837606837607
"390","Dave Doeren","NC State",2020,12,8,NA,0.666666666666667,0.582417582417582,NA,7,NA
"391","Dave Doeren","NC State",2021,12,9,13.5,0.75,0.603365384615385,NA,8,NA
"392","Dave Doeren","NC State",2022,13,8,5.5,0.615384615384615,0.604700854700855,NA,9,NA
"393","Dave Doeren","NC State",2023,13,9,7,0.692307692307692,0.613461538461538,NA,10,NA
"394","Dave Doeren","NC State",2024,13,6,-2.1,0.461538461538462,0.59965034965035,NA,11,NA
"395","Dave Doeren","NC State",2025,5,2,7.1,0.4,0.583012820512821,NA,12,NA
"396","David Bailiff","Rice",2014,13,8,-3.4,0.615384615384615,0.615384615384615,-3.4,1,-2.28461538461538
"397","David Bailiff","Rice",2015,12,5,-18,0.416666666666667,0.516025641025641,-10.7,2,-9.18397435897436
"398","David Bailiff","Rice",2016,12,3,-20.6,0.25,0.427350427350427,-14,3,-12.0726495726496
"399","David Bailiff","Rice",2017,12,1,-24.4,0.0833333333333333,0.341346153846154,-16.6,4,-14.2586538461538
"400","David Beaty","Kansas",2015,12,0,-18.8,0,0,-18.8,1,-18.3
"401","David Beaty","Kansas",2016,12,2,-15.7,0.166666666666667,0.0833333333333333,-17.25,2,-16.1666666666667
"402","David Beaty","Kansas",2017,12,1,-17.4,0.0833333333333333,0.0833333333333333,-17.3,3,-15.7166666666667
"403","David Beaty","Kansas",2018,12,3,-1.2,0.25,0.125,-13.275,4,-11.15
"404","David Blackwell","East Carolina",2018,1,0,-15.7,0,0,-15.7,1,-15.2
"405","David Braun","Northwestern",2023,13,8,-0.3,0.615384615384615,0.615384615384615,-0.3,1,0.815384615384615
"406","David Braun","Northwestern",2024,12,4,-3.3,0.333333333333333,0.474358974358974,-1.8,2,-0.325641025641025
"407","David Braun","Northwestern",2025,5,5,-3.3,1,0.64957264957265,-2.3,3,-0.15042735042735
"408","David Cutcliffe","Duke",2014,13,9,7.7,0.692307692307692,0.692307692307692,7.7,1,8.89230769230769
"409","David Cutcliffe","Duke",2015,13,8,3,0.615384615384615,0.653846153846154,5.35,2,7.00384615384615
"410","David Cutcliffe","Duke",2016,12,4,-1,0.333333333333333,0.547008547008547,3.23333333333333,3,5.28034188034188
"411","David Cutcliffe","Duke",2017,13,7,8.3,0.538461538461538,0.544871794871795,4.5,4,7.04487179487179
"412","David Cutcliffe","Duke",2018,13,8,6.4,0.615384615384615,0.558974358974359,4.88,5,7.93897435897436
"413","David Cutcliffe","Duke",2019,12,5,-2.2,0.416666666666667,0.53525641025641,3.7,6,7.23525641025641
"414","David Cutcliffe","Duke",2020,11,2,NA,0.181818181818182,0.484765234765235,NA,7,NA
"415","David Cutcliffe","Duke",2021,12,3,-15.6,0.25,0.45541958041958,NA,8,NA
"416","David Gibbs","Houston",2014,1,1,-2.3,1,1,-2.3,1,-0.8
"417","David Shaw","Stanford",2014,13,8,15.1,0.615384615384615,0.615384615384615,15.1,1,16.2153846153846
"418","David Shaw","Stanford",2015,14,12,20.6,0.857142857142857,0.736263736263736,17.85,2,19.5862637362637
"419","David Shaw","Stanford",2016,13,10,12.7,0.769230769230769,0.747252747252747,16.1333333333333,3,18.3805860805861
"420","David Shaw","Stanford",2017,14,9,12.5,0.642857142857143,0.721153846153846,15.225,4,17.9461538461538
"421","David Shaw","Stanford",2018,13,9,8.3,0.692307692307692,0.715384615384615,13.84,5,17.0553846153846
"422","David Shaw","Stanford",2019,12,4,-1.9,0.333333333333333,0.651709401709402,11.2166666666667,6,14.8683760683761
"423","David Shaw","Stanford",2020,6,4,NA,0.666666666666667,0.653846153846154,NA,7,NA
"424","David Shaw","Stanford",2021,12,3,-2.7,0.25,0.603365384615385,NA,8,NA
"425","David Shaw","Stanford",2022,12,3,-5.1,0.25,0.564102564102564,NA,9,NA
"426","Deion Branch","Louisville",2022,1,1,10.6,1,1,10.6,1,12.1
"427","Deion Sanders","Colorado",2023,12,4,0.8,0.333333333333333,0.333333333333333,0.8,1,1.63333333333333
"428","Deion Sanders","Colorado",2024,13,9,12.7,0.692307692307692,0.512820512820513,6.75,2,8.26282051282051
"429","Deion Sanders","Colorado",2025,6,2,3.4,0.333333333,0.452991452880342,5.63333333333333,3,7.58632478621367
"430","Dell McGee","Georgia State",2024,12,3,-12.9,0.25,0.25,-12.9,1,-12.15
"431","Dell McGee","Georgia State",2025,5,2,-14.9,0.4,0.325,-13.9,2,-12.575
"432","Dennis Franchione","Texas State",2014,12,7,-11,0.583333333333333,0.583333333333333,-11,1,-9.91666666666667
"433","Dennis Franchione","Texas State",2015,12,3,-22.8,0.25,0.416666666666667,-16.9,2,-15.4833333333333
"434","Derek Mason","Vanderbilt",2014,12,3,-9.6,0.25,0.25,-9.6,1,-8.85
"435","Derek Mason","Vanderbilt",2015,12,4,-1.9,0.333333333333333,0.291666666666667,-5.75,2,-4.45833333333333
"436","Derek Mason","Vanderbilt",2016,13,6,2.6,0.461538461538462,0.348290598290598,-2.96666666666667,3,-1.11837606837607
"437","Derek Mason","Vanderbilt",2017,12,5,-5.1,0.416666666666667,0.365384615384615,-3.5,4,-1.13461538461538
"438","Derek Mason","Vanderbilt",2018,13,6,9.9,0.461538461538462,0.384615384615385,-0.82,5,2.06461538461538
"439","Derek Mason","Vanderbilt",2019,12,3,-12.6,0.25,0.362179487179487,-2.78333333333333,6,0.578846153846154
"440","Derek Mason","Vanderbilt",2020,8,0,-14.4,0,0.31043956043956,-4.44285714285714,7,-0.632417582417583
"441","Derek Mason","Middle Tennessee",2024,12,3,-23.2,0.25,0.302884615384615,-6.7875,8,-2.48461538461538
"442","Derek Mason","Middle Tennessee",2025,5,4,-22.6,0.8,0.358119658119658,-8.54444444444444,9,-3.68632478632479
"443","Deshaun Foster","UCLA",2024,12,5,2.1,0.416666666666667,0.416666666666667,2.1,1,3.01666666666667
"444","Deshaun Foster","UCLA",2025,5,2,-8,0.4,0.408333333333333,-2.95,2,-1.54166666666667
"445","Dino Babers","Bowling Green",2014,14,8,-13.4,0.571428571428571,0.571428571428571,-13.4,1,-12.3285714285714
"446","Dino Babers","Bowling Green",2015,13,10,8.5,0.769230769230769,0.67032967032967,-2.45,2,-0.77967032967033
"447","Dino Babers","Syracuse",2016,12,4,-6.9,0.333333333333333,0.557997557997558,-3.93333333333333,3,-1.87533577533578
"448","Dino Babers","Syracuse",2017,12,4,1,0.333333333333333,0.501831501831502,-2.7,4,-0.198168498168498
"449","Dino Babers","Syracuse",2018,13,10,12.1,0.769230769230769,0.555311355311355,0.26,5,3.31531135531135
"450","Dino Babers","Syracuse",2019,12,5,-6.5,0.416666666666667,0.532203907203907,-0.866666666666667,6,2.66553724053724
"451","Dino Babers","Syracuse",2020,11,1,NA,0.0909090909090909,0.469161790590362,NA,7,NA
"452","Dino Babers","Syracuse",2021,12,5,1.1,0.416666666666667,0.4625999000999,NA,8,NA
"453","Dino Babers","Syracuse",2022,13,7,4.5,0.538461538461538,0.471028971028971,NA,9,NA
"454","Dino Babers","Syracuse",2023,11,5,-0.4,0.454545454545455,0.469380619380619,NA,10,NA
"455","Doc Holliday","Marshall",2014,14,13,14.6,0.928571428571429,0.928571428571429,14.6,1,16.0285714285714
"456","Doc Holliday","Marshall",2015,13,10,-0.2,0.769230769230769,0.848901098901099,7.2,2,9.0489010989011
"457","Doc Holliday","Marshall",2016,12,3,-20,0.25,0.649267399267399,-1.86666666666667,3,0.282600732600733
"458","Doc Holliday","Marshall",2017,13,8,-2.7,0.615384615384615,0.640796703296703,-2.075,4,0.565796703296703
"459","Doc Holliday","Marshall",2018,13,9,-1.6,0.692307692307692,0.651098901098901,-1.98,5,1.1710989010989
"460","Doc Holliday","Marshall",2019,13,8,-4.7,0.615384615384615,0.64514652014652,-2.43333333333333,6,1.21181318681319
"461","Doc Holliday","Marshall",2020,10,7,3.9,0.7,0.65298273155416,-1.52857142857143,7,2.62441130298273
"462","Don Brown","Massachusetts",2022,12,1,-23.8,0.0833333333333333,0.0833333333333333,-23.8,1,-23.2166666666667
"463","Don Brown","Massachusetts",2023,12,3,-15.2,0.25,0.166666666666667,-19.5,2,-18.3333333333333
"464","Don Brown","Massachusetts",2024,10,2,-17.4,0.2,0.177777777777778,-18.8,3,-17.1222222222222
"465","Donte Williams","USC",2021,10,3,0.4,0.3,0.3,0.4,1,1.2
"466","Doug Martin","New Mexico State",2014,12,2,-25.5,0.166666666666667,0.166666666666667,-25.5,1,-24.8333333333333
"467","Doug Martin","New Mexico State",2015,12,3,-22.3,0.25,0.208333333333333,-23.9,2,-22.6916666666667
"468","Doug Martin","New Mexico State",2016,12,3,-18.6,0.25,0.222222222222222,-22.1333333333333,3,-20.4111111111111
"469","Doug Martin","New Mexico State",2017,13,7,-11.2,0.538461538461538,0.301282051282051,-19.4,4,-17.098717948718
"470","Doug Martin","New Mexico State",2018,12,3,-21.7,0.25,0.291025641025641,-19.86,5,-17.0689743589744
"471","Doug Martin","New Mexico State",2019,12,2,-20,0.166666666666667,0.270299145299145,-19.8833333333333,6,-16.6130341880342
"472","Doug Martin","New Mexico State",2020,2,1,NA,0.5,0.303113553113553,NA,7,NA
"473","Doug Martin","New Mexico State",2021,12,2,-20.6,0.166666666666667,0.286057692307692,NA,8,NA
"474","Dowell Loggains","App State",2025,5,3,-16.5,0.6,0.6,-16.5,1,-15.4
"475","Ed Foley","Temple",2018,1,0,3.7,0,0,3.7,1,4.2
"476","Ed Orgeron","LSU",2016,8,6,21.2,0.75,0.75,21.2,1,22.45
"477","Ed Orgeron","LSU",2017,13,9,12.1,0.692307692307692,0.721153846153846,16.65,2,18.3711538461538
"478","Ed Orgeron","LSU",2018,13,10,18.3,0.769230769230769,0.737179487179487,17.2,3,19.4371794871795
"479","Ed Orgeron","LSU",2019,15,15,34.2,1,0.802884615384615,21.45,4,24.2528846153846
"480","Ed Orgeron","LSU",2020,10,5,4.2,0.5,0.742307692307692,18,5,21.2423076923077
"481","Ed Orgeron","LSU",2021,12,6,5.4,0.5,0.701923076923077,15.9,6,19.6019230769231
"482","Eddie George","Bowling Green",2025,5,2,-9,0.4,0.4,-9,1,-8.1
"483","Eli Drinkwitz","App State",2019,13,12,11.5,0.923076923076923,0.923076923076923,11.5,1,12.9230769230769
"484","Eli Drinkwitz","Missouri",2020,10,5,0.2,0.5,0.711538461538462,5.85,2,7.56153846153846
"485","Eli Drinkwitz","Missouri",2021,13,6,-2.2,0.461538461538462,0.628205128205128,3.16666666666667,3,5.29487179487179
"486","Eli Drinkwitz","Missouri",2022,13,6,4.2,0.461538461538462,0.586538461538462,3.425,4,6.01153846153846
"487","Eli Drinkwitz","Missouri",2023,13,11,14.7,0.846153846153846,0.638461538461539,5.68,5,8.81846153846154
"488","Eli Drinkwitz","Missouri",2024,13,10,8.9,0.769230769230769,0.66025641025641,6.21666666666667,6,9.87692307692308
"489","Eli Drinkwitz","Missouri",2025,5,3,12.2,0.6,0.651648351648352,7.07142857142857,7,11.2230769230769
"490","Elijah Robinson","Texas A&M",2023,3,1,11.5,0.333333333333333,0.333333333333333,11.5,1,12.3333333333333
"491","Eric Kiesau","Fresno State",2016,4,0,-20.5,0,0,-20.5,1,-20
"492","Eric Morris","North Texas",2023,12,5,-9.6,0.416666666666667,0.416666666666667,-9.6,1,-8.68333333333333
"493","Eric Morris","North Texas",2024,13,6,-5.5,0.461538461538462,0.439102564102564,-7.55,2,-6.11089743589744
"494","Eric Morris","North Texas",2025,5,2,12.4,0.4,0.426068376068376,-0.9,3,1.02606837606838
"495","Everett Withers","Texas State",2016,12,2,-29.2,0.166666666666667,0.166666666666667,-29.2,1,-28.5333333333333
"496","Everett Withers","Texas State",2017,12,2,-25,0.166666666666667,0.166666666666667,-27.1,2,-25.9333333333333
"497","Everett Withers","Texas State",2018,11,3,-19.8,0.272727272727273,0.202020202020202,-24.6666666666667,3,-22.9646464646465
"498","Everett Withers","Temple",2024,2,0,-17,0,0.151515151515151,-22.75,4,-20.5984848484848
"499","Fran Brown","Syracuse",2024,13,10,6,0.769230769230769,0.769230769230769,6,1,7.26923076923077
"500","Fran Brown","Syracuse",2025,5,3,1.1,0.6,0.684615384615385,3.55,2,5.23461538461538
"501","Frank Beamer","Virginia Tech",2014,13,7,6.9,0.538461538461538,0.538461538461538,6.9,1,7.93846153846154
"502","Frank Beamer","Virginia Tech",2015,13,7,6.9,0.538461538461538,0.538461538461538,6.9,2,8.43846153846154
"503","Frank Maile","Utah State",2018,1,1,13.9,1,1,13.9,1,15.4
"504","Frank Maile","Utah State",2020,3,1,-19.2,0.333333333333333,0.666666666666667,-2.65,2,-0.983333333333333
"505","Frank Reich","Stanford",2025,5,4,-7.4,0.8,0.8,-7.4,1,-6.1
"506","Frank Solich","Ohio",2014,12,6,-14.7,0.5,0.5,-14.7,1,-13.7
"507","Frank Solich","Ohio",2015,13,8,-4.9,0.615384615384615,0.557692307692308,-9.8,2,-8.24230769230769
"508","Frank Solich","Ohio",2016,14,8,-4.6,0.571428571428571,0.562271062271062,-8.06666666666667,3,-6.00439560439561
"509","Frank Solich","Ohio",2017,13,9,2.8,0.692307692307692,0.59478021978022,-5.35,4,-2.75521978021978
"510","Frank Solich","Ohio",2018,13,9,7.4,0.692307692307692,0.614285714285714,-2.8,5,0.314285714285714
"511","Frank Solich","Ohio",2019,13,7,-4.7,0.538461538461538,0.601648351648352,-3.11666666666667,6,0.484981684981685
"512","Frank Solich","Ohio",2020,3,2,NA,0.666666666666667,0.610936682365254,NA,7,NA
"513","Frank Wilson","UTSA",2016,13,6,-7.3,0.461538461538462,0.461538461538462,-7.3,1,-6.33846153846154
"514","Frank Wilson","UTSA",2017,11,6,-9,0.545454545454545,0.503496503496504,-8.15,2,-6.6465034965035
"515","Frank Wilson","UTSA",2018,12,3,-21.8,0.25,0.418997668997669,-12.7,3,-10.7810023310023
"516","Frank Wilson","UTSA",2019,12,4,-21.1,0.333333333333333,0.397581585081585,-14.8,4,-12.4024184149184
"517","Freddie Kitchens","North Carolina",2024,1,0,0.7,0,0,0.7,1,1.2
"518","G.J. Kinne","Texas State",2023,13,8,-4.9,0.615384615384615,0.615384615384615,-4.9,1,-3.78461538461539
"519","G.J. Kinne","Texas State",2024,13,8,0.9,0.615384615384615,0.615384615384615,-2,2,-0.384615384615385
"520","G.J. Kinne","Texas State",2025,5,3,-4.3,0.6,0.61025641025641,-2.76666666666667,3,-0.656410256410257
"521","Gary Andersen","Wisconsin",2014,13,10,15.3,0.769230769230769,0.769230769230769,15.3,1,16.5692307692308
"522","Gary Andersen","Oregon State",2015,12,2,-10.8,0.166666666666667,0.467948717948718,2.25,2,3.71794871794872
"523","Gary Andersen","Oregon State",2016,12,4,1.6,0.333333333333333,0.423076923076923,2.03333333333333,3,3.95641025641026
"524","Gary Andersen","Oregon State",2017,6,1,-16.5,0.166666666666667,0.358974358974359,-2.6,4,-0.241025641025641
"525","Gary Andersen","Utah State",2019,13,7,-5.3,0.538461538461538,0.394871794871795,-3.14,5,-0.245128205128205
"526","Gary Andersen","Utah State",2020,3,0,-19.2,0,0.329059829059829,-5.81666666666667,6,-2.48760683760684
"527","Gary Patterson","TCU",2014,13,12,26.8,0.923076923076923,0.923076923076923,26.8,1,28.2230769230769
"528","Gary Patterson","TCU",2015,13,11,14.7,0.846153846153846,0.884615384615385,20.75,2,22.6346153846154
"529","Gary Patterson","TCU",2016,13,6,4.3,0.461538461538462,0.743589743589744,15.2666666666667,3,17.5102564102564
"530","Gary Patterson","TCU",2017,14,11,16.8,0.785714285714286,0.754120879120879,15.65,4,18.4041208791209
"531","Gary Patterson","TCU",2018,13,7,4.3,0.538461538461538,0.710989010989011,13.38,5,16.590989010989
"532","Gary Patterson","TCU",2019,12,5,9.6,0.416666666666667,0.661935286935287,12.75,6,16.4119352869353
"533","Gary Patterson","TCU",2020,10,6,7.7,0.6,0.653087388801674,12.0285714285714,7,16.1816588173731
"534","Gary Patterson","TCU",2021,8,3,-2.8,0.375,0.618326465201465,10.175,8,14.7933264652015
"535","Gary Pinkel","Missouri",2014,14,11,13.1,0.785714285714286,0.785714285714286,13.1,1,14.3857142857143
"536","Gary Pinkel","Missouri",2015,12,5,0.5,0.416666666666667,0.601190476190476,6.8,2,8.40119047619048
"537","Geoff Collins","Temple",2017,13,7,-1.6,0.538461538461538,0.538461538461538,-1.6,1,-0.561538461538462
"538","Geoff Collins","Temple",2018,12,8,3.7,0.666666666666667,0.602564102564103,1.05,2,2.6525641025641
"539","Geoff Collins","Georgia Tech",2019,12,3,-10.8,0.25,0.485042735042735,-2.9,3,-0.914957264957265
"540","Geoff Collins","Georgia Tech",2020,10,3,NA,0.3,0.438782051282051,NA,4,NA
"541","Geoff Collins","Georgia Tech",2021,12,3,-3.6,0.25,0.401025641025641,NA,5,NA
"542","Geoff Collins","Georgia Tech",2022,4,1,-6,0.25,0.375854700854701,NA,6,NA
"543","George O'Leary","UCF",2014,13,9,-0.4,0.692307692307692,0.692307692307692,-0.4,1,0.792307692307692
"544","George O'Leary","UCF",2015,8,0,-21,0,0.346153846153846,-10.7,2,-9.35384615384615
"545","Gerad Parker","Purdue",2016,6,0,-12.7,0,0,-12.7,1,-12.2
"546","Gerad Parker","Troy",2024,12,4,-9.6,0.333333333333333,0.166666666666667,-11.15,2,-9.98333333333333
"547","Gerad Parker","Troy",2025,5,5,-10,1,0.444444444444444,-10.7666666666667,3,-8.82222222222222
"548","Greg Gasparato","Troy",2023,1,0,8.7,0,0,8.7,1,9.2
"549","Greg Knox","Mississippi State",2017,1,1,14.1,1,1,14.1,1,15.6
"550","Greg Knox","Florida",2021,1,1,7.2,1,1,10.65,2,12.65
"551","Greg Knox","Mississippi State",2023,2,1,-1.7,0.5,0.833333333333333,6.53333333333333,3,8.86666666666667
"552","Greg Schiano","Rutgers",2020,9,3,-2.7,0.333333333333333,0.333333333333333,-2.7,1,-1.86666666666667
"553","Greg Schiano","Rutgers",2021,13,5,0.4,0.384615384615385,0.358974358974359,-1.15,2,0.208974358974359
"554","Greg Schiano","Rutgers",2022,12,4,-7.3,0.333333333333333,0.35042735042735,-3.2,3,-1.34957264957265
"555","Greg Schiano","Rutgers",2023,13,7,3.1,0.538461538461538,0.397435897435897,-1.625,4,0.772435897435897
"556","Greg Schiano","Rutgers",2024,13,7,5.1,0.538461538461538,0.425641025641026,-0.28,5,2.64564102564103
"557","Greg Schiano","Rutgers",2025,5,2,0.5,0.4,0.421367521367521,-0.15,6,3.27136752136752
"558","Gus Malzahn","Auburn",2014,13,8,21.1,0.615384615384615,0.615384615384615,21.1,1,22.2153846153846
"559","Gus Malzahn","Auburn",2015,13,7,9.1,0.538461538461538,0.576923076923077,15.1,2,16.6769230769231
"560","Gus Malzahn","Auburn",2016,13,8,16.8,0.615384615384615,0.58974358974359,15.6666666666667,3,17.7564102564103
"561","Gus Malzahn","Auburn",2017,14,10,23.6,0.714285714285714,0.620879120879121,17.65,4,20.2708791208791
"562","Gus Malzahn","Auburn",2018,13,8,15,0.615384615384615,0.61978021978022,17.12,5,20.2397802197802
"563","Gus Malzahn","Auburn",2019,13,9,22.1,0.692307692307692,0.631868131868132,17.95,6,21.5818681318681
"564","Gus Malzahn","Auburn",2020,10,6,7.9,0.6,0.627315541601256,16.5142857142857,7,20.641601255887
"565","Gus Malzahn","UCF",2021,13,9,0.8,0.692307692307692,0.63543956043956,14.55,8,19.1854395604396
"566","Gus Malzahn","UCF",2022,14,9,4.7,0.642857142857143,0.636263736263736,13.4555555555556,9,18.5918192918193
"567","Gus Malzahn","UCF",2023,13,6,6.9,0.461538461538462,0.618791208791209,12.8,10,18.4187912087912
"568","Gus Malzahn","UCF",2024,12,4,6.2,0.333333333333333,0.592840492840493,12.2,11,18.2928404928405
"569","Harlon Barnett","Michigan State",2023,10,2,-3.2,0.2,0.2,-3.2,1,-2.5
"570","Herm Edwards","Arizona State",2018,13,7,4.4,0.538461538461538,0.538461538461538,4.4,1,5.43846153846154
"571","Herm Edwards","Arizona State",2019,13,8,5.7,0.615384615384615,0.576923076923077,5.05,2,6.62692307692308
"572","Herm Edwards","Arizona State",2020,4,2,NA,0.5,0.551282051282051,NA,3,NA
"573","Herm Edwards","Arizona State",2021,13,8,8.6,0.615384615384615,0.567307692307692,NA,4,NA
"574","Herm Edwards","Arizona State",2022,3,1,-3.9,0.333333333333333,0.520512820512821,NA,5,NA
"575","Hugh Freeze","Ole Miss",2014,13,9,21.3,0.692307692307692,0.692307692307692,21.3,1,22.4923076923077
"576","Hugh Freeze","Ole Miss",2015,13,10,18.1,0.769230769230769,0.730769230769231,19.7,2,21.4307692307692
"577","Hugh Freeze","Ole Miss",2016,12,5,6.1,0.416666666666667,0.626068376068376,15.1666666666667,3,17.292735042735
"578","Hugh Freeze","Liberty",2019,13,8,-6.7,0.615384615384615,0.623397435897436,9.7,4,12.3233974358974
"579","Hugh Freeze","Liberty",2020,11,10,1.7,0.909090909090909,0.680536130536131,8.1,5,11.2805361305361
"580","Hugh Freeze","Liberty",2021,13,8,3.4,0.615384615384615,0.669677544677545,7.31666666666667,6,10.9863442113442
"581","Hugh Freeze","Liberty",2022,12,8,-3.5,0.666666666666667,0.669247419247419,5.77142857142857,7,9.94067599067599
"582","Hugh Freeze","Auburn",2023,13,6,5.3,0.461538461538462,0.6432837995338,5.7125,8,10.3557837995338
"583","Hugh Freeze","Auburn",2024,12,5,6.3,0.416666666666667,0.618104118104118,5.77777777777778,9,10.8958818958819
"584","Hugh Freeze","Auburn",2025,5,3,12.4,0.6,0.616293706293706,6.44,10,12.0562937062937
"585","J.C. Price","Virginia Tech",2021,3,1,1.2,0.333333333333333,0.333333333333333,1.2,1,2.03333333333333
"586","Jake Dickert","Washington State",2021,6,3,4.5,0.5,0.5,4.5,1,5.5
"587","Jake Dickert","Washington State",2022,13,7,4.7,0.538461538461538,0.519230769230769,4.6,2,6.11923076923077
"588","Jake Dickert","Washington State",2023,12,5,6.2,0.416666666666667,0.485042735042735,5.13333333333333,3,7.11837606837607
"589","Jake Dickert","Washington State",2024,12,8,-0.3,0.666666666666667,0.530448717948718,3.775,4,6.30544871794872
"590","Jake Dickert","Wake Forest",2025,5,3,-0.6,0.6,0.544358974358974,2.9,5,5.94435897435897
"591","Jake Spavital","Texas State",2019,12,3,-18.8,0.25,0.25,-18.8,1,-18.05
"592","Jake Spavital","Texas State",2020,12,2,-8.4,0.166666666666667,0.208333333333333,-13.6,2,-12.3916666666667
"593","Jake Spavital","Texas State",2021,12,4,-15.6,0.333333333333333,0.25,-14.2666666666667,3,-12.5166666666667
"594","Jake Spavital","Texas State",2022,12,4,-12.8,0.333333333333333,0.270833333333333,-13.9,4,-11.6291666666667
"595","James Franklin","Penn State",2014,13,7,1.8,0.538461538461538,0.538461538461538,1.8,1,2.83846153846154
"596","James Franklin","Penn State",2015,13,7,4.3,0.538461538461538,0.538461538461538,3.05,2,4.58846153846154
"597","James Franklin","Penn State",2016,14,11,17.5,0.785714285714286,0.620879120879121,7.86666666666667,3,9.98754578754579
"598","James Franklin","Penn State",2017,13,11,25.6,0.846153846153846,0.677197802197802,12.3,4,14.9771978021978
"599","James Franklin","Penn State",2018,13,9,14.9,0.692307692307692,0.68021978021978,12.82,5,16.0002197802198
"600","James Franklin","Penn State",2019,13,11,20,0.846153846153846,0.707875457875458,14.0166666666667,6,17.7245421245421
"601","James Franklin","Penn State",2020,9,4,5.3,0.444444444444444,0.670242455956742,12.7714285714286,7,16.9416710273853
"602","James Franklin","Penn State",2021,13,7,14,0.538461538461538,0.653769841269841,12.925,8,17.5787698412698
"603","James Franklin","Penn State",2022,13,11,18.6,0.846153846153846,0.675145841812508,13.5555555555556,9,18.7307013973681
"604","James Franklin","Penn State",2023,13,10,22.8,0.769230769230769,0.684554334554335,14.48,10,20.1645543345543
"605","James Franklin","Penn State",2024,16,13,19.3,0.8125,0.696185758685759,14.9181818181818,11,21.1143675768676
"606","James Franklin","Penn State",2025,5,5,8.2,1,0.721503612128612,14.3583333333333,12,21.0798369454619
"607","Jamey Chadwell","Coastal Carolina",2017,12,3,-17.4,0.25,0.25,-17.4,1,-16.65
"608","Jamey Chadwell","Coastal Carolina",2019,12,5,-11.1,0.416666666666667,0.333333333333333,-14.25,2,-12.9166666666667
"609","Jamey Chadwell","Coastal Carolina",2020,12,11,13.9,0.916666666666667,0.527777777777778,-4.86666666666667,3,-2.83888888888889
"610","Jamey Chadwell","Coastal Carolina",2021,13,11,2.8,0.846153846153846,0.607371794871795,-2.95,4,-0.342628205128205
"611","Jamey Chadwell","Coastal Carolina",2022,12,9,-6.4,0.75,0.635897435897436,-3.64,5,-0.504102564102565
"612","Jamey Chadwell","Liberty",2023,14,13,7.3,0.928571428571429,0.684676434676435,-1.81666666666667,6,1.86800976800977
"613","Jamey Chadwell","Liberty",2024,12,8,-9.9,0.666666666666667,0.682103610675039,-2.97142857142857,7,1.21067503924647
"614","Jamey Chadwell","Liberty",2025,5,2,-13.2,0.4,0.646840659340659,-4.25,8,0.396840659340659
"615","Jason Candle","Toledo",2015,1,1,10.2,1,1,10.2,1,11.7
"616","Jason Candle","Toledo",2016,13,9,5,0.692307692307692,0.846153846153846,7.6,2,9.44615384615385
"617","Jason Candle","Toledo",2017,14,11,3.8,0.785714285714286,0.826007326007326,6.33333333333333,3,8.65934065934066
"618","Jason Candle","Toledo",2018,13,7,-1.6,0.538461538461538,0.754120879120879,4.35,4,7.10412087912088
"619","Jason Candle","Toledo",2019,12,6,-16.2,0.5,0.703296703296703,0.24,5,3.4432967032967
"620","Jason Candle","Toledo",2020,6,4,NA,0.666666666666667,0.697191697191697,NA,6,NA
"621","Jason Candle","Toledo",2021,13,7,0.4,0.538461538461538,0.674515960230246,NA,7,NA
"622","Jason Candle","Toledo",2022,14,9,-3.4,0.642857142857143,0.670558608058608,NA,8,NA
"623","Jason Candle","Toledo",2023,14,11,0.8,0.785714285714286,0.683353683353683,NA,9,NA
"624","Jason Candle","Toledo",2024,13,8,-2,0.615384615384615,0.676556776556777,NA,10,NA
"625","Jason Candle","Toledo",2025,5,3,10.4,0.6,0.66959706959707,NA,11,NA
"626","Jason Eck","New Mexico",2025,5,1,-0.5,0.2,0.2,-0.5,1,0.2
"627","Jay Hopson","Southern Miss",2016,13,7,-8.8,0.538461538461538,0.538461538461538,-8.8,1,-7.76153846153846
"628","Jay Hopson","Southern Miss",2017,13,8,-9.7,0.615384615384615,0.576923076923077,-9.25,2,-7.67307692307692
"629","Jay Hopson","Southern Miss",2018,11,6,-6.8,0.545454545454545,0.566433566433566,-8.43333333333333,3,-6.36689976689977
"630","Jay Hopson","Southern Miss",2019,13,7,-4.9,0.538461538461538,0.559440559440559,-7.55,4,-4.99055944055944
"631","Jay Hopson","Southern Miss",2020,1,0,-15,0,0.447552447552447,-9.04,5,-6.09244755244755
"632","Jay Norvell","Nevada",2017,12,3,-9.2,0.25,0.25,-9.2,1,-8.45
"633","Jay Norvell","Nevada",2018,13,8,-3.9,0.615384615384615,0.432692307692308,-6.55,2,-5.11730769230769
"634","Jay Norvell","Nevada",2019,13,7,-12.6,0.538461538461538,0.467948717948718,-8.56666666666667,3,-6.59871794871795
"635","Jay Norvell","Nevada",2020,9,7,2.1,0.777777777777778,0.545405982905983,-5.9,4,-3.35459401709402
"636","Jay Norvell","Nevada",2021,12,8,6.3,0.666666666666667,0.56965811965812,-3.46,5,-0.39034188034188
"637","Jay Norvell","Colorado State",2022,12,3,-17.1,0.25,0.516381766381766,-5.73333333333333,6,-2.21695156695157
"638","Jay Norvell","Colorado State",2023,12,5,-8.8,0.416666666666667,0.502136752136752,-6.17142857142857,7,-2.16929181929182
"639","Jay Norvell","Colorado State",2024,13,8,-8.2,0.615384615384615,0.516292735042735,-6.425,8,-1.90870726495727
"640","Jay Norvell","Colorado State",2025,5,1,-13.9,0.2,0.481149097815764,-7.25555555555556,9,-2.27440645773979
"641","Jay Sawvel","Wyoming",2024,12,3,-12.1,0.25,0.25,-12.1,1,-11.35
"642","Jay Sawvel","Wyoming",2025,5,2,-9.9,0.4,0.325,-11,2,-9.675
"643","Jedd Fisch","UCLA",2017,2,1,0.8,0.5,0.5,0.8,1,1.8
"644","Jedd Fisch","Arizona",2021,12,1,-9.2,0.0833333333333333,0.291666666666667,-4.2,2,-2.90833333333333
"645","Jedd Fisch","Arizona",2022,12,5,-2,0.416666666666667,0.333333333333333,-3.46666666666667,3,-1.63333333333333
"646","Jedd Fisch","Arizona",2023,13,10,13.3,0.769230769230769,0.442307692307692,0.725000000000001,4,3.16730769230769
"647","Jedd Fisch","Washington",2024,13,6,4.8,0.461538461538462,0.446153846153846,1.54,5,4.48615384615385
"648","Jedd Fisch","Washington",2025,5,4,15.6,0.8,0.505128205128205,3.88333333333333,6,7.38846153846154
"649","Jeff Banks","Texas A&M",2017,1,0,5.4,0,0,5.4,1,5.9
"650","Jeff Brohm","Western Kentucky",2014,13,8,0.6,0.615384615384615,0.615384615384615,0.6,1,1.71538461538462
"651","Jeff Brohm","Western Kentucky",2015,14,12,9.7,0.857142857142857,0.736263736263736,5.15,2,6.88626373626374
"652","Jeff Brohm","Western Kentucky",2016,13,10,10.1,0.769230769230769,0.747252747252747,6.8,3,9.04725274725275
"653","Jeff Brohm","Purdue",2017,13,7,10.8,0.538461538461538,0.695054945054945,7.8,4,10.4950549450549
"654","Jeff Brohm","Purdue",2018,13,6,7.6,0.461538461538462,0.648351648351648,7.76,5,10.9083516483516
"655","Jeff Brohm","Purdue",2019,12,4,-0.5,0.333333333333333,0.595848595848596,6.38333333333333,6,9.97918192918193
"656","Jeff Brohm","Purdue",2020,6,2,-0.4,0.333333333333333,0.558346415489273,5.41428571428571,7,9.47263212977499
"657","Jeff Brohm","Purdue",2021,13,9,7.9,0.692307692307692,0.575091575091575,5.725,8,10.3000915750916
"658","Jeff Brohm","Purdue",2022,13,8,5.1,0.615384615384615,0.57956857956858,5.65555555555556,9,10.7351241351241
"659","Jeff Brohm","Louisville",2023,14,10,12.6,0.714285714285714,0.593040293040293,6.35,10,11.9430402930403
"660","Jeff Brohm","Louisville",2024,13,9,15.4,0.692307692307692,0.602064602064602,7.17272727272727,11,13.2747918747919
"661","Jeff Brohm","Louisville",2025,5,4,11.7,0.8,0.618559218559219,7.55,12,14.1685592185592
"662","Jeff Choate","Nevada",2024,13,3,-9.2,0.230769230769231,0.230769230769231,-9.2,1,-8.46923076923077
"663","Jeff Choate","Nevada",2025,5,4,-16.5,0.8,0.515384615384615,-12.85,2,-11.3346153846154
"664","Jeff Hafley","Boston College",2020,11,6,NA,0.545454545454545,0.545454545454545,NA,1,NA
"665","Jeff Hafley","Boston College",2021,12,6,0.9,0.5,0.522727272727273,NA,2,NA
"666","Jeff Hafley","Boston College",2022,12,3,-10.2,0.25,0.431818181818182,NA,3,NA
"667","Jeff Hafley","Boston College",2023,13,7,-4.8,0.538461538461538,0.458479020979021,NA,4,NA
"668","Jeff Lebby","Mississippi State",2024,12,2,-1.6,0.166666666666667,0.166666666666667,-1.6,1,-0.933333333333333
"669","Jeff Lebby","Mississippi State",2025,5,1,8.3,0.2,0.183333333333333,3.35,2,4.53333333333333
"670","Jeff Monken","Army",2014,12,4,-16.4,0.333333333333333,0.333333333333333,-16.4,1,-15.5666666666667
"671","Jeff Monken","Army",2015,12,2,-11.5,0.166666666666667,0.25,-13.95,2,-12.7
"672","Jeff Monken","Army",2016,13,8,-5.2,0.615384615384615,0.371794871794872,-11.0333333333333,3,-9.16153846153846
"673","Jeff Monken","Army",2017,13,10,0.9,0.769230769230769,0.471153846153846,-8.05,4,-5.57884615384615
"674","Jeff Monken","Army",2018,13,11,9.5,0.846153846153846,0.546153846153846,-4.54,5,-1.49384615384615
"675","Jeff Monken","Army",2019,13,5,-5.8,0.384615384615385,0.519230769230769,-4.75,6,-1.23076923076923
"676","Jeff Monken","Army",2020,12,9,2.5,0.75,0.552197802197802,-3.71428571428571,7,0.337912087912088
"677","Jeff Monken","Army",2021,13,9,4.6,0.692307692307692,0.569711538461538,-2.675,8,1.89471153846154
"678","Jeff Monken","Army",2022,12,6,-3.8,0.5,0.561965811965812,-2.8,9,2.26196581196581
"679","Jeff Monken","Army",2023,12,6,-5.3,0.5,0.555769230769231,-3.05,10,2.50576923076923
"680","Jeff Monken","Army",2024,14,12,6.6,0.857142857142857,0.583166833166833,-2.17272727272727,11,3.91043956043956
"681","Jeff Monken","Army",2025,5,2,-1.5,0.4,0.56790293040293,-2.11666666666667,12,4.45123626373626
"682","Jeff Quinn","Buffalo",2014,7,3,-13.6,0.428571428571429,0.428571428571429,-13.6,1,-12.6714285714286
"683","Jeff Scott","South Florida",2020,9,1,NA,0.111111111111111,0.111111111111111,NA,1,NA
"684","Jeff Scott","South Florida",2021,12,2,-10.5,0.166666666666667,0.138888888888889,NA,2,NA
"685","Jeff Scott","South Florida",2022,9,1,-12,0.111111111111111,0.12962962962963,NA,3,NA
"686","Jeff Tedford","Fresno State",2017,14,10,3.3,0.714285714285714,0.714285714285714,3.3,1,4.51428571428571
"687","Jeff Tedford","Fresno State",2018,14,12,12.8,0.857142857142857,0.785714285714286,8.05,2,9.83571428571429
"688","Jeff Tedford","Fresno State",2019,12,4,-4.6,0.333333333333333,0.634920634920635,3.83333333333333,3,5.96825396825397
"689","Jeff Tedford","Fresno State",2022,14,10,2.4,0.714285714285714,0.654761904761905,3.475,4,6.12976190476191
"690","Jeff Tedford","Fresno State",2023,13,9,-3.2,0.692307692307692,0.662271062271062,2.14,5,5.30227106227106
"691","Jeff Traylor","UTSA",2020,12,7,-3.9,0.583333333333333,0.583333333333333,-3.9,1,-2.81666666666667
"692","Jeff Traylor","UTSA",2021,14,12,6.4,0.857142857142857,0.720238095238095,1.25,2,2.9702380952381
"693","Jeff Traylor","UTSA",2022,14,11,2.7,0.785714285714286,0.742063492063492,1.73333333333333,3,3.97539682539683
"694","Jeff Traylor","UTSA",2023,13,9,0.4,0.692307692307692,0.729624542124542,1.4,4,4.12962454212454
"695","Jeff Traylor","UTSA",2024,13,7,-3.6,0.538461538461538,0.691391941391941,0.4,5,3.59139194139194
"696","Jeff Traylor","UTSA",2025,5,2,-4.8,0.4,0.642826617826618,-0.466666666666666,6,3.17615995115995
"697","Jeremy Pruitt","Tennessee",2018,12,5,0.9,0.416666666666667,0.416666666666667,0.9,1,1.81666666666667
"698","Jeremy Pruitt","Tennessee",2019,13,8,3.5,0.615384615384615,0.516025641025641,2.2,2,3.71602564102564
"699","Jeremy Pruitt","Tennessee",2020,10,3,-0.3,0.3,0.444017094017094,1.36666666666667,3,3.31068376068376
"700","Jerry Kill","Minnesota",2014,13,8,8,0.615384615384615,0.615384615384615,8,1,9.11538461538461
"701","Jerry Kill","Minnesota",2015,7,4,0.2,0.571428571428571,0.593406593406593,4.1,2,5.69340659340659
"702","Jerry Kill","TCU",2021,4,2,-2.8,0.5,0.562271062271062,1.8,3,3.86227106227106
"703","Jerry Kill","New Mexico State",2022,13,7,-11.6,0.538461538461538,0.556318681318681,-1.55,4,1.00631868131868
"704","Jerry Kill","New Mexico State",2023,15,10,-3,0.666666666666667,0.578388278388278,-1.84,5,1.23838827838828
"705","Jerry Mack","Kennesaw State",2025,6,2,-9.5,0.333333333,0.333333333,-9.5,1,-8.666666667
"706","Jess Simpson","Miami",2021,0,0,2.9,NA,NA,2.9,1,NA
"707","Jim Grobe","Baylor",2016,13,7,3.9,0.538461538461538,0.538461538461538,3.9,1,4.93846153846154
"708","Jim Harbaugh","Michigan",2015,13,10,17.5,0.769230769230769,0.769230769230769,17.5,1,18.7692307692308
"709","Jim Harbaugh","Michigan",2016,13,10,24.1,0.769230769230769,0.769230769230769,20.8,2,22.5692307692308
"710","Jim Harbaugh","Michigan",2017,13,8,12.9,0.615384615384615,0.717948717948718,18.1666666666667,3,20.3846153846154
"711","Jim Harbaugh","Michigan",2018,13,10,19,0.769230769230769,0.730769230769231,18.375,4,21.1057692307692
"712","Jim Harbaugh","Michigan",2019,13,9,18.1,0.692307692307692,0.723076923076923,18.32,5,21.5430769230769
"713","Jim Harbaugh","Michigan",2020,6,2,-0.6,0.333333333333333,0.658119658119658,15.1666666666667,6,18.8247863247863
"714","Jim Harbaugh","Michigan",2021,14,12,18.3,0.857142857142857,0.686551543694401,15.6142857142857,7,19.8008372579801
"715","Jim Harbaugh","Michigan",2022,14,13,21.1,0.928571428571429,0.716804029304029,16.3,8,21.016804029304
"716","Jim Harbaugh","Michigan",2023,15,15,25.9,1,0.748270248270248,17.3666666666667,9,22.6149369149369
"717","Jim Leavitt","SMU",2021,0,0,6.1,NA,NA,6.1,1,NA
"718","Jim Leonhard","Wisconsin",2022,7,4,5.4,0.571428571428571,0.571428571428571,5.4,1,6.47142857142857
"719","Jim McElwain","Colorado State",2014,12,10,3.1,0.833333333333333,0.833333333333333,3.1,1,4.43333333333333
"720","Jim McElwain","Florida",2015,14,10,9.7,0.714285714285714,0.773809523809524,6.4,2,8.17380952380952
"721","Jim McElwain","Florida",2016,13,9,12.4,0.692307692307692,0.746642246642247,8.4,3,10.6466422466422
"722","Jim McElwain","Florida",2017,7,3,-0.9,0.428571428571429,0.667124542124542,6.075,4,8.74212454212454
"723","Jim McElwain","Central Michigan",2019,14,8,-6.3,0.571428571428571,0.647985347985348,3.6,5,6.74798534798535
"724","Jim McElwain","Central Michigan",2020,6,3,NA,0.5,0.623321123321123,NA,6,NA
"725","Jim McElwain","Central Michigan",2021,13,9,-5.3,0.692307692307692,0.633176347462062,NA,7,NA
"726","Jim McElwain","Central Michigan",2022,12,4,-12.2,0.333333333333333,0.595695970695971,NA,8,NA
"727","Jim McElwain","Central Michigan",2023,12,5,-15.5,0.416666666666667,0.575803825803826,NA,9,NA
"728","Jim McElwain","Central Michigan",2024,12,4,-13.1,0.333333333333333,0.551556776556777,NA,10,NA
"729","Jim Mora","UCLA",2014,13,10,15.5,0.769230769230769,0.769230769230769,15.5,1,16.7692307692308
"730","Jim Mora","UCLA",2015,13,8,9.9,0.615384615384615,0.692307692307692,12.7,2,14.3923076923077
"731","Jim Mora","UCLA",2016,12,4,3.4,0.333333333333333,0.572649572649573,9.6,3,11.6726495726496
"732","Jim Mora","UCLA",2017,11,5,0.8,0.454545454545455,0.543123543123543,7.4,4,9.94312354312354
"733","Jim Mora","UConn",2022,13,6,-11.2,0.461538461538462,0.526806526806527,3.68,5,6.70680652680653
"734","Jim Mora","UConn",2023,12,3,-13.5,0.25,0.480672105672106,0.816666666666666,6,4.29733877233877
"735","Jim Mora","UConn",2024,13,9,-1.1,0.692307692307692,0.510905760905761,0.542857142857143,7,4.5537629037629
"736","Jim Mora","UConn",2025,5,3,-2.2,0.6,0.522042540792541,0.2,8,4.72204254079254
"737","Jimbo Fisher","Florida State",2014,14,13,14.2,0.928571428571429,0.928571428571429,14.2,1,15.6285714285714
"738","Jimbo Fisher","Florida State",2015,13,10,15.8,0.769230769230769,0.848901098901099,15,2,16.8489010989011
"739","Jimbo Fisher","Florida State",2016,13,10,17.5,0.769230769230769,0.822344322344322,15.8333333333333,3,18.1556776556777
"740","Jimbo Fisher","Florida State",2017,11,5,10.1,0.454545454545455,0.730394605394605,14.4,4,17.1303946053946
"741","Jimbo Fisher","Texas A&M",2018,13,9,17.9,0.692307692307692,0.722777222777223,15.1,5,18.3227772227772
"742","Jimbo Fisher","Texas A&M",2019,13,8,12.1,0.615384615384615,0.704878454878455,14.6,6,18.3048784548785
"743","Jimbo Fisher","Texas A&M",2020,10,9,14.3,0.9,0.73275296132439,14.5571428571429,7,18.7898958184672
"744","Jimbo Fisher","Texas A&M",2021,12,8,12.2,0.666666666666667,0.724492174492175,14.2625,8,18.9869921744922
"745","Jimbo Fisher","Texas A&M",2022,12,5,3.3,0.416666666666667,0.69028934028934,13.0444444444444,9,18.2347337847338
"746","Jimbo Fisher","Texas A&M",2023,10,6,11.5,0.6,0.681260406260406,12.89,10,18.5712604062604
"747","Jimmy Lake","Washington",2020,4,3,NA,0.75,0.75,NA,1,NA
"748","Jimmy Lake","Washington",2021,9,4,2.3,0.444444444444444,0.597222222222222,NA,2,NA
"749","Jimmy Rogers","Washington State",2025,5,3,-2.6,0.6,0.6,-2.6,1,-1.5
"750","Joe Harasymiak","Massachusetts",2025,5,2,-25.1,0.4,0.4,-25.1,1,-24.2
"751","Joe Moglia","Coastal Carolina",2018,12,5,-15.9,0.416666666666667,0.416666666666667,-15.9,1,-14.9833333333333
"752","Joe Moorhead","Mississippi State",2018,13,8,19.8,0.615384615384615,0.615384615384615,19.8,1,20.9153846153846
"753","Joe Moorhead","Mississippi State",2019,13,6,5,0.461538461538462,0.538461538461539,12.4,2,13.9384615384615
"754","Joe Moorhead","Akron",2022,12,2,-13.8,0.166666666666667,0.414529914529915,3.66666666666667,3,5.58119658119658
"755","Joe Moorhead","Akron",2023,12,2,-21.8,0.166666666666667,0.352564102564103,-2.7,4,-0.347435897435898
"756","Joe Moorhead","Akron",2024,12,4,-12.9,0.333333333333333,0.348717948717949,-4.74,5,-1.89128205128205
"757","Joe Moorhead","Akron",2025,6,2,-12.2,0.333333333,0.346153846098291,-5.98333333333333,6,-2.63717948723504
"758","Joey Jones","South Alabama",2014,13,6,-11.7,0.461538461538462,0.461538461538462,-11.7,1,-10.7384615384615
"759","Joey Jones","South Alabama",2015,12,5,-17.6,0.416666666666667,0.439102564102564,-14.65,2,-13.2108974358974
"760","Joey Jones","South Alabama",2016,13,6,-10,0.461538461538462,0.446581196581197,-13.1,3,-11.1534188034188
"761","Joey Jones","South Alabama",2017,12,4,-16.3,0.333333333333333,0.418269230769231,-13.9,4,-11.4817307692308
"762","Joey McGuire","Texas Tech",2022,13,8,9.7,0.615384615384615,0.615384615384615,9.7,1,10.8153846153846
"763","Joey McGuire","Texas Tech",2023,13,7,7.3,0.538461538461538,0.576923076923077,8.5,2,10.0769230769231
"764","Joey McGuire","Texas Tech",2024,13,8,3.9,0.615384615384615,0.58974358974359,6.96666666666667,3,9.05641025641026
"765","Joey McGuire","Texas Tech",2025,5,5,22,1,0.692307692307692,10.725,4,13.4173076923077
"766","John Bonamego","Central Michigan",2015,13,7,-0.2,0.538461538461538,0.538461538461538,-0.2,1,0.838461538461538
"767","John Bonamego","Central Michigan",2016,13,6,-9.1,0.461538461538462,0.5,-4.65,2,-3.15
"768","John Bonamego","Central Michigan",2017,13,8,-5.6,0.615384615384615,0.538461538461538,-4.96666666666667,3,-2.92820512820513
"769","John Bonamego","Central Michigan",2018,12,1,-18.9,0.0833333333333333,0.424679487179487,-8.45,4,-6.02532051282051
"770","Jon Sumrall","Troy",2022,14,12,2.4,0.857142857142857,0.857142857142857,2.4,1,3.75714285714286
"771","Jon Sumrall","Troy",2023,13,11,8.7,0.846153846153846,0.851648351648352,5.55,2,7.40164835164835
"772","Jon Sumrall","Tulane",2024,14,9,7.4,0.642857142857143,0.782051282051282,6.16666666666667,3,8.44871794871795
"773","Jon Sumrall","Tulane",2025,5,3,3.4,0.6,0.736538461538462,5.475,4,8.21153846153846
"774","Jonathan Smith","Oregon State",2018,12,2,-16,0.166666666666667,0.166666666666667,-16,1,-15.3333333333333
"775","Jonathan Smith","Oregon State",2019,12,5,3,0.416666666666667,0.291666666666667,-6.5,2,-5.20833333333333
"776","Jonathan Smith","Oregon State",2020,7,2,NA,0.285714285714286,0.28968253968254,NA,3,NA
"777","Jonathan Smith","Oregon State",2021,13,7,7.5,0.538461538461538,0.351877289377289,NA,4,NA
"778","Jonathan Smith","Oregon State",2022,13,10,14.6,0.769230769230769,0.435347985347985,NA,5,NA
"779","Jonathan Smith","Oregon State",2023,12,8,15.3,0.666666666666667,0.473901098901099,NA,6,NA
"780","Jonathan Smith","Michigan State",2024,12,5,-2.8,0.416666666666667,0.465724751439037,NA,7,NA
"781","Jonathan Smith","Michigan State",2025,5,2,3,0.4,0.457509157509157,NA,8,NA
"782","Josh Aldridge","Liberty",2022,1,0,-3.5,0,0,-3.5,1,-3
"783","Josh Heupel","UCF",2018,13,12,14.9,0.923076923076923,0.923076923076923,14.9,1,16.3230769230769
"784","Josh Heupel","UCF",2019,13,10,13.3,0.769230769230769,0.846153846153846,14.1,2,15.9461538461538
"785","Josh Heupel","UCF",2020,10,6,NA,0.6,0.764102564102564,NA,3,NA
"786","Josh Heupel","Tennessee",2021,13,7,8,0.538461538461538,0.707692307692308,NA,4,NA
"787","Josh Heupel","Tennessee",2022,13,11,19.9,0.846153846153846,0.735384615384615,NA,5,NA
"788","Josh Heupel","Tennessee",2023,13,9,9.1,0.692307692307692,0.728205128205128,NA,6,NA
"789","Josh Heupel","Tennessee",2024,13,10,14.3,0.769230769230769,0.734065934065934,NA,7,NA
"790","Josh Heupel","Tennessee",2025,5,4,18.8,0.8,0.742307692307692,NA,8,NA
"791","June Jones","SMU",2014,2,0,-24.6,0,0,-24.6,1,-24.1
"792","Justin Fuente","Memphis",2014,13,10,7.3,0.769230769230769,0.769230769230769,7.3,1,8.56923076923077
"793","Justin Fuente","Memphis",2015,12,9,9.3,0.75,0.759615384615385,8.3,2,10.0596153846154
"794","Justin Fuente","Virginia Tech",2016,14,10,15,0.714285714285714,0.744505494505495,10.5333333333333,3,12.7778388278388
"795","Justin Fuente","Virginia Tech",2017,13,9,14.8,0.692307692307692,0.731456043956044,11.6,4,14.331456043956
"796","Justin Fuente","Virginia Tech",2018,13,6,-2.6,0.461538461538462,0.677472527472528,8.76,5,11.9374725274725
"797","Justin Fuente","Virginia Tech",2019,13,8,4.5,0.615384615384615,0.667124542124542,8.05,6,11.7171245421245
"798","Justin Fuente","Virginia Tech",2020,11,5,NA,0.454545454545455,0.636756101041815,NA,7,NA
"799","Justin Fuente","Virginia Tech",2021,10,5,1.2,0.5,0.619661588411588,NA,8,NA
"800","Justin Wilcox","California",2017,12,5,1.9,0.416666666666667,0.416666666666667,1.9,1,2.81666666666667
"801","Justin Wilcox","California",2018,13,7,0.3,0.538461538461538,0.477564102564103,1.1,2,2.5775641025641
"802","Justin Wilcox","California",2019,13,8,4.2,0.615384615384615,0.523504273504274,2.13333333333333,3,4.15683760683761
"803","Justin Wilcox","California",2020,4,1,NA,0.25,0.455128205128205,NA,4,NA
"804","Justin Wilcox","California",2021,12,5,3.6,0.416666666666667,0.447435897435897,NA,5,NA
"805","Justin Wilcox","California",2022,12,4,-1.3,0.333333333333333,0.428418803418803,NA,6,NA
"806","Justin Wilcox","California",2023,13,6,4.3,0.461538461538462,0.433150183150183,NA,7,NA
"807","Justin Wilcox","California",2024,13,6,1.8,0.461538461538462,0.436698717948718,NA,8,NA
"808","Justin Wilcox","California",2025,6,4,-6,0.666666667,0.462250712287749,NA,9,NA
"809","K.C. Keeler","Sam Houston",2023,12,3,-13.3,0.25,0.25,-13.3,1,-12.55
"810","K.C. Keeler","Sam Houston",2024,12,9,-6.2,0.75,0.5,-9.75,2,-8.25
"811","K.C. Keeler","Temple",2025,6,3,-1.1,0.5,0.5,-6.86666666666667,3,-4.86666666666667
"812","Kalani Sitake","BYU",2016,13,9,7.3,0.692307692307692,0.692307692307692,7.3,1,8.49230769230769
"813","Kalani Sitake","BYU",2017,13,4,-10.6,0.307692307692308,0.5,-1.65,2,-0.15
"814","Kalani Sitake","BYU",2018,13,7,3.2,0.538461538461538,0.512820512820513,-0.0333333333333332,3,1.97948717948718
"815","Kalani Sitake","BYU",2019,13,7,-1,0.538461538461538,0.519230769230769,-0.275,4,2.24423076923077
"816","Kalani Sitake","BYU",2020,12,11,19.6,0.916666666666667,0.598717948717949,3.7,5,6.79871794871795
"817","Kalani Sitake","BYU",2021,13,10,8,0.769230769230769,0.627136752136752,4.41666666666667,6,8.04380341880342
"818","Kalani Sitake","BYU",2022,13,8,-0.3,0.615384615384615,0.625457875457875,3.74285714285714,7,7.86831501831502
"819","Kalani Sitake","BYU",2023,12,5,-0.8,0.416666666666667,0.599358974358974,3.175,8,7.77435897435897
"820","Kalani Sitake","BYU",2024,13,11,14.8,0.846153846153846,0.626780626780627,4.46666666666667,9,9.59344729344729
"821","Kalani Sitake","BYU",2025,5,5,16.9,1,0.664102564102564,5.71,10,11.3741025641026
"822","Kalen DeBoer","Fresno State",2020,6,3,-6.7,0.5,0.5,-6.7,1,-5.7
"823","Kalen DeBoer","Fresno State",2021,12,9,5.2,0.75,0.625,-0.75,2,0.875
"824","Kalen DeBoer","Washington",2022,13,11,12,0.846153846153846,0.698717948717949,3.5,3,5.69871794871795
"825","Kalen DeBoer","Washington",2023,15,14,16.5,0.933333333333333,0.757371794871795,6.75,4,9.50737179487179
"826","Kalen DeBoer","Alabama",2024,13,9,18.1,0.692307692307692,0.744358974358974,9.02,5,12.264358974359
"827","Kalen DeBoer","Alabama",2025,5,4,18.9,0.8,0.753632478632479,10.6666666666667,6,14.4202991452991
"828","Kane Wommack","South Alabama",2021,12,5,-8.6,0.416666666666667,0.416666666666667,-8.6,1,-7.68333333333333
"829","Kane Wommack","South Alabama",2022,13,10,1.1,0.769230769230769,0.592948717948718,-3.75,2,-2.15705128205128
"830","Kane Wommack","South Alabama",2023,13,7,-0.8,0.538461538461538,0.574786324786325,-2.76666666666667,3,-0.691880341880342
"831","Karl Dorrell","Colorado",2020,6,4,NA,0.666666666666667,0.666666666666667,NA,1,NA
"832","Karl Dorrell","Colorado",2021,12,4,-5.8,0.333333333333333,0.5,NA,2,NA
"833","Karl Dorrell","Colorado",2022,5,0,-14.7,0,0.333333333333333,NA,3,NA
"834","Kefense Hynson","Oregon State",2023,1,0,15.3,0,0,15.3,1,15.8
"835","Ken Niumatalolo","Navy",2014,13,8,-0.7,0.615384615384615,0.615384615384615,-0.7,1,0.415384615384615
"836","Ken Niumatalolo","Navy",2015,13,11,13.5,0.846153846153846,0.730769230769231,6.4,2,8.13076923076923
"837","Ken Niumatalolo","Navy",2016,14,9,2.5,0.642857142857143,0.701465201465202,5.1,3,7.3014652014652
"838","Ken Niumatalolo","Navy",2017,13,7,6.1,0.538461538461538,0.660714285714286,5.35,4,8.01071428571429
"839","Ken Niumatalolo","Navy",2018,13,3,-9.7,0.230769230769231,0.574725274725275,2.34,5,5.41472527472527
"840","Ken Niumatalolo","Navy",2019,13,11,12.9,0.846153846153846,0.61996336996337,4.1,6,7.71996336996337
"841","Ken Niumatalolo","Navy",2020,10,3,NA,0.3,0.57425431711146,NA,7,NA
"842","Ken Niumatalolo","Navy",2021,12,4,-5.5,0.333333333333333,0.544139194139194,NA,8,NA
"843","Ken Niumatalolo","Navy",2022,12,4,-1.9,0.333333333333333,0.520716320716321,NA,9,NA
"844","Ken Niumatalolo","San José State",2024,13,7,-7.1,0.538461538461538,0.522490842490842,NA,10,NA
"845","Ken Niumatalolo","San JosÃ© State",2025,5,0,-9.9,0,0.474991674991675,NA,11,NA
"846","Ken Wilson","Nevada",2022,12,2,-17.1,0.166666666666667,0.166666666666667,-17.1,1,-16.4333333333333
"847","Ken Wilson","Nevada",2023,12,2,-17,0.166666666666667,0.166666666666667,-17.05,2,-15.8833333333333
"848","Kenni Burns","Kent State",2023,12,1,-27,0.0833333333333333,0.0833333333333333,-27,1,-26.4166666666667
"849","Kenni Burns","Kent State",2024,12,0,-26.8,0,0.0416666666666667,-26.9,2,-25.8583333333333
"850","Kenny Dillingham","Arizona State",2023,12,3,-4.5,0.25,0.25,-4.5,1,-3.75
"851","Kenny Dillingham","Arizona State",2024,14,11,13.4,0.785714285714286,0.517857142857143,4.45,2,5.96785714285714
"852","Kenny Dillingham","Arizona State",2025,5,4,5.8,0.8,0.611904761904762,4.9,3,7.01190476190476
"853","Kerry Coombs","Cincinnati",2022,1,0,5.7,0,0,5.7,1,6.2
"854","Kevin Steele","Auburn",2020,1,0,7.9,0,0,7.9,1,8.4
"855","Kevin Sumlin","Texas A&M",2014,13,8,11.6,0.615384615384615,0.615384615384615,11.6,1,12.7153846153846
"856","Kevin Sumlin","Texas A&M",2015,13,8,11.3,0.615384615384615,0.615384615384615,11.45,2,13.0653846153846
"857","Kevin Sumlin","Texas A&M",2016,13,8,11.5,0.615384615384615,0.615384615384615,11.4666666666667,3,13.5820512820513
"858","Kevin Sumlin","Texas A&M",2017,12,7,5.4,0.583333333333333,0.607371794871795,9.95,4,12.5573717948718
"859","Kevin Sumlin","Arizona",2018,12,5,-2.8,0.416666666666667,0.569230769230769,7.4,5,10.4692307692308
"860","Kevin Sumlin","Arizona",2019,12,4,-5.4,0.333333333333333,0.52991452991453,5.26666666666667,6,8.7965811965812
"861","Kevin Sumlin","Arizona",2020,5,0,NA,0,0.454212454212454,NA,7,NA
"862","Kevin Whitley","Georgia Southern",2021,8,2,-14.9,0.25,0.25,-14.9,1,-14.15
"863","Kevin Wilson","Indiana",2014,12,4,-6.6,0.333333333333333,0.333333333333333,-6.6,1,-5.76666666666667
"864","Kevin Wilson","Indiana",2015,13,6,2.2,0.461538461538462,0.397435897435897,-2.2,2,-0.802564102564102
"865","Kevin Wilson","Indiana",2016,12,6,1,0.5,0.431623931623932,-1.13333333333333,3,0.798290598290599
"866","Kevin Wilson","Tulsa",2023,12,4,-12.7,0.333333333333333,0.407051282051282,-4.025,4,-1.61794871794872
"867","Kevin Wilson","Tulsa",2024,11,3,-23.8,0.272727272727273,0.38018648018648,-7.98,5,-5.09981351981352
"868","Kirby Smart","Georgia",2016,13,8,4.7,0.615384615384615,0.615384615384615,4.7,1,5.81538461538462
"869","Kirby Smart","Georgia",2017,15,13,27,0.866666666666667,0.741025641025641,15.85,2,17.5910256410256
"870","Kirby Smart","Georgia",2018,14,11,26.3,0.785714285714286,0.755921855921856,19.3333333333333,3,21.5892551892552
"871","Kirby Smart","Georgia",2019,14,12,21.7,0.857142857142857,0.781227106227106,19.925,4,22.7062271062271
"872","Kirby Smart","Georgia",2020,10,8,18.9,0.8,0.784981684981685,19.72,5,23.0049816849817
"873","Kirby Smart","Georgia",2021,15,14,27.9,0.933333333333333,0.80970695970696,21.0833333333333,6,24.8930402930403
"874","Kirby Smart","Georgia",2022,15,15,27,1,0.836891679748823,21.9285714285714,7,26.2654631083203
"875","Kirby Smart","Georgia",2023,14,13,20.7,0.928571428571429,0.848351648351648,21.775,8,26.6233516483516
"876","Kirby Smart","Georgia",2024,14,11,16.3,0.785714285714286,0.841391941391942,21.1666666666667,9,26.5080586080586
"877","Kirby Smart","Georgia",2025,6,5,17.6,0.833333333,0.840586080552747,20.81,10,26.6505860805527
"878","Kirk Ferentz","Iowa",2014,13,7,3.2,0.538461538461538,0.538461538461538,3.2,1,4.23846153846154
"879","Kirk Ferentz","Iowa",2015,14,12,11.1,0.857142857142857,0.697802197802198,7.15,2,8.8478021978022
"880","Kirk Ferentz","Iowa",2016,13,8,11,0.615384615384615,0.67032967032967,8.43333333333333,3,10.603663003663
"881","Kirk Ferentz","Iowa",2017,13,8,16.3,0.615384615384615,0.656593406593407,10.4,4,13.0565934065934
"882","Kirk Ferentz","Iowa",2018,13,9,15.4,0.692307692307692,0.663736263736264,11.4,5,14.5637362637363
"883","Kirk Ferentz","Iowa",2019,13,10,15.7,0.769230769230769,0.681318681318681,12.1166666666667,6,15.7979853479853
"884","Kirk Ferentz","Iowa",2020,8,6,15.9,0.75,0.691130298273155,12.6571428571429,7,16.848273155416
"885","Kirk Ferentz","Iowa",2021,14,10,8.6,0.714285714285714,0.694024725274725,12.15,8,16.8440247252747
"886","Kirk Ferentz","Iowa",2022,13,8,9.5,0.615384615384615,0.685286935286935,11.8555555555556,9,17.0408424908425
"887","Kirk Ferentz","Iowa",2023,14,10,5.7,0.714285714285714,0.688186813186813,11.24,10,16.9281868131868
"888","Kirk Ferentz","Iowa",2024,13,8,12.4,0.615384615384615,0.681568431568432,11.3454545454545,11,17.527022977023
"889","Kirk Ferentz","Iowa",2025,5,5,5.4,1,0.708104395604396,10.85,12,17.5581043956044
"890","Kliff Kingsbury","Texas Tech",2014,12,4,-1.3,0.333333333333333,0.333333333333333,-1.3,1,-0.466666666666667
"891","Kliff Kingsbury","Texas Tech",2015,13,7,5.2,0.538461538461538,0.435897435897436,1.95,2,3.38589743589744
"892","Kliff Kingsbury","Texas Tech",2016,12,5,1,0.416666666666667,0.42948717948718,1.63333333333333,3,3.56282051282051
"893","Kliff Kingsbury","Texas Tech",2017,13,6,4.8,0.461538461538462,0.4375,2.425,4,4.8625
"894","Kliff Kingsbury","Texas Tech",2018,12,5,7.3,0.416666666666667,0.433333333333333,3.4,5,6.33333333333333
"895","Kurt Roper","Colorado",2018,1,0,-2.4,0,0,-2.4,1,-1.9
"896","Kyle Flood","Rutgers",2014,13,8,0.4,0.615384615384615,0.615384615384615,0.4,1,1.51538461538462
"897","Kyle Flood","Rutgers",2015,12,4,-7.8,0.333333333333333,0.474358974358974,-3.7,2,-2.22564102564103
"898","Kyle Whittingham","Utah",2014,13,9,10.7,0.692307692307692,0.692307692307692,10.7,1,11.8923076923077
"899","Kyle Whittingham","Utah",2015,13,10,11.8,0.769230769230769,0.730769230769231,11.25,2,12.9807692307692
"900","Kyle Whittingham","Utah",2016,13,9,9.2,0.692307692307692,0.717948717948718,10.5666666666667,3,12.7846153846154
"901","Kyle Whittingham","Utah",2017,13,7,7.3,0.538461538461538,0.673076923076923,9.75,4,12.4230769230769
"902","Kyle Whittingham","Utah",2018,14,9,10.6,0.642857142857143,0.667032967032967,9.92,5,13.087032967033
"903","Kyle Whittingham","Utah",2019,14,11,18.8,0.785714285714286,0.686813186813187,11.4,6,15.0868131868132
"904","Kyle Whittingham","Utah",2020,5,3,NA,0.6,0.674411302982732,NA,7,NA
"905","Kyle Whittingham","Utah",2021,14,10,15.3,0.714285714285714,0.679395604395604,NA,8,NA
"906","Kyle Whittingham","Utah",2022,14,10,16.6,0.714285714285714,0.683272283272283,NA,9,NA
"907","Kyle Whittingham","Utah",2023,13,8,8.1,0.615384615384615,0.676483516483517,NA,10,NA
"908","Kyle Whittingham","Utah",2024,12,5,6.1,0.416666666666667,0.652863802863803,NA,11,NA
"909","Kyle Whittingham","Utah",2025,5,4,17.6,0.8,0.665125152625153,NA,12,NA
"910","Lance Leipold","Buffalo",2015,12,5,-10.8,0.416666666666667,0.416666666666667,-10.8,1,-9.88333333333333
"911","Lance Leipold","Buffalo",2016,12,2,-22.8,0.166666666666667,0.291666666666667,-16.8,2,-15.5083333333333
"912","Lance Leipold","Buffalo",2017,12,6,-4.3,0.5,0.361111111111111,-12.6333333333333,3,-10.7722222222222
"913","Lance Leipold","Buffalo",2018,14,10,0.5,0.714285714285714,0.449404761904762,-9.35,4,-6.90059523809524
"914","Lance Leipold","Buffalo",2019,13,8,-1,0.615384615384615,0.482600732600733,-7.68,5,-4.69739926739927
"915","Lance Leipold","Buffalo",2020,7,6,NA,0.857142857142857,0.54502442002442,NA,6,NA
"916","Lance Leipold","Kansas",2021,12,2,-14.9,0.166666666666667,0.490973312401884,NA,7,NA
"917","Lance Leipold","Kansas",2022,13,6,7.6,0.461538461538462,0.487293956043956,NA,8,NA
"918","Lance Leipold","Kansas",2023,13,9,11,0.692307692307692,0.51007326007326,NA,9,NA
"919","Lance Leipold","Kansas",2024,12,5,10.8,0.416666666666667,0.500732600732601,NA,10,NA
"920","Lance Leipold","Kansas",2025,5,4,8.8,0.8,0.527938727938728,NA,11,NA
"921","Lance Taylor","Western Michigan",2023,12,4,-14.6,0.333333333333333,0.333333333333333,-14.6,1,-13.7666666666667
"922","Lance Taylor","Western Michigan",2024,13,6,-7.6,0.461538461538462,0.397435897435897,-11.1,2,-9.7025641025641
"923","Lance Taylor","Western Michigan",2025,6,3,-0.4,0.5,0.431623931623932,-7.53333333333333,3,-5.6017094017094
"924","Lane Kiffin","Florida Atlantic",2017,14,11,9.5,0.785714285714286,0.785714285714286,9.5,1,10.7857142857143
"925","Lane Kiffin","Florida Atlantic",2018,12,5,-4,0.416666666666667,0.601190476190476,2.75,2,4.35119047619048
"926","Lane Kiffin","Florida Atlantic",2019,14,11,8.1,0.785714285714286,0.662698412698413,4.53333333333333,3,6.69603174603175
"927","Lane Kiffin","Ole Miss",2020,10,5,6.1,0.5,0.62202380952381,4.925,4,7.54702380952381
"928","Lane Kiffin","Ole Miss",2021,13,10,12.4,0.769230769230769,0.651465201465201,6.42,5,9.5714652014652
"929","Lane Kiffin","Ole Miss",2022,13,8,9.7,0.615384615384615,0.64545177045177,6.96666666666667,6,10.6121184371184
"930","Lane Kiffin","Ole Miss",2023,13,11,14,0.846153846153846,0.674123495552067,7.97142857142857,7,12.1455520669806
"931","Lane Kiffin","Ole Miss",2024,13,10,19.2,0.769230769230769,0.686011904761905,9.375,8,14.0610119047619
"932","Lane Kiffin","Ole Miss",2025,5,1,17.5,0.2,0.632010582010582,10.2777777777778,9,15.4097883597884
"933","Larry Blakeney","Troy",2014,12,3,-19.3,0.25,0.25,-19.3,1,-18.55
"934","Larry Coker","UTSA",2014,12,4,-12.8,0.333333333333333,0.333333333333333,-12.8,1,-11.9666666666667
"935","Larry Coker","UTSA",2015,12,3,-18.9,0.25,0.291666666666667,-15.85,2,-14.5583333333333
"936","Larry Fedora","North Carolina",2014,13,6,-2.3,0.461538461538462,0.461538461538462,-2.3,1,-1.33846153846154
"937","Larry Fedora","North Carolina",2015,14,11,19.2,0.785714285714286,0.623626373626374,8.45,2,10.0736263736264
"938","Larry Fedora","North Carolina",2016,13,8,10.2,0.615384615384615,0.620879120879121,9.03333333333333,3,11.1542124542125
"939","Larry Fedora","North Carolina",2017,12,3,-2.3,0.25,0.528159340659341,6.2,4,8.72815934065934
"940","Larry Fedora","North Carolina",2018,11,2,-6.5,0.181818181818182,0.458891108891109,3.66,5,6.61889110889111
"941","Lee Marks","Fresno State",2021,1,1,5.2,1,1,5.2,1,6.7
"942","Les Miles","LSU",2014,13,8,13.9,0.615384615384615,0.615384615384615,13.9,1,15.0153846153846
"943","Les Miles","LSU",2015,12,9,16.2,0.75,0.682692307692308,15.05,2,16.7326923076923
"944","Les Miles","LSU",2016,4,2,21.2,0.5,0.621794871794872,17.1,3,19.2217948717949
"945","Les Miles","Kansas",2019,12,3,-5.1,0.25,0.528846153846154,11.55,4,14.0788461538462
"946","Les Miles","Kansas",2020,9,0,-14.6,0,0.423076923076923,6.32,5,9.24307692307692
"947","Lincoln Riley","Oklahoma",2017,14,12,22.7,0.857142857142857,0.857142857142857,22.7,1,24.0571428571429
"948","Lincoln Riley","Oklahoma",2018,14,12,21.4,0.857142857142857,0.857142857142857,22.05,2,23.9071428571429
"949","Lincoln Riley","Oklahoma",2019,14,12,20.1,0.857142857142857,0.857142857142857,21.4,3,23.7571428571429
"950","Lincoln Riley","Oklahoma",2020,11,9,20.2,0.818181818181818,0.847402597402597,21.1,4,23.9474025974026
"951","Lincoln Riley","Oklahoma",2021,12,10,9.5,0.833333333333333,0.844588744588745,18.78,5,22.1245887445887
"952","Lincoln Riley","USC",2022,14,11,11.4,0.785714285714286,0.834776334776335,17.55,6,21.3847763347763
"953","Lincoln Riley","USC",2023,13,8,9,0.615384615384615,0.803434660577518,16.3285714285714,7,20.6320060891489
"954","Lincoln Riley","USC",2024,13,7,12.1,0.538461538461538,0.77031302031302,15.8,8,20.570313020313
"955","Lincoln Riley","USC",2025,5,4,17.6,0.8,0.773611573611574,16,9,21.2736115736116
"956","Lorenzo Ward","Louisville",2018,2,0,-15.4,0,0,-15.4,1,-14.9
"957","Lou Spanos","UConn",2021,10,1,-21.4,0.1,0.1,-21.4,1,-20.8
"958","Lovie Smith","Illinois",2016,12,3,-10.1,0.25,0.25,-10.1,1,-9.35
"959","Lovie Smith","Illinois",2017,12,2,-11.4,0.166666666666667,0.208333333333333,-10.75,2,-9.54166666666667
"960","Lovie Smith","Illinois",2018,12,4,-10.5,0.333333333333333,0.25,-10.6666666666667,3,-8.91666666666667
"961","Lovie Smith","Illinois",2019,13,6,-0.4,0.461538461538462,0.302884615384615,-8.1,4,-5.79711538461538
"962","Lovie Smith","Illinois",2020,7,2,-7.4,0.285714285714286,0.299450549450549,-7.96,5,-5.16054945054945
"963","Luke Fickell","Cincinnati",2017,12,4,-12.6,0.333333333333333,0.333333333333333,-12.6,1,-11.7666666666667
"964","Luke Fickell","Cincinnati",2018,13,11,7.3,0.846153846153846,0.58974358974359,-2.65,2,-1.06025641025641
"965","Luke Fickell","Cincinnati",2019,14,11,8.9,0.785714285714286,0.655067155067155,1.2,3,3.35506715506716
"966","Luke Fickell","Cincinnati",2020,10,9,NA,0.9,0.716300366300366,NA,4,NA
"967","Luke Fickell","Cincinnati",2021,14,13,16.9,0.928571428571429,0.758754578754579,NA,5,NA
"968","Luke Fickell","Wisconsin",2022,1,1,5.4,1,0.798962148962149,NA,6,NA
"969","Luke Fickell","Cincinnati",2022,12,9,5.7,0.75,0.791967556253271,NA,7,NA
"970","Luke Fickell","Wisconsin",2023,13,7,4,0.538461538461538,0.760279304029304,NA,8,NA
"971","Luke Fickell","Wisconsin",2024,12,5,4,0.416666666666667,0.722100122100122,NA,9,NA
"972","Luke Fickell","Wisconsin",2025,5,2,-0.7,0.4,0.68989010989011,NA,10,NA
"973","Mack Brown","North Carolina",2019,13,7,7.7,0.538461538461538,0.538461538461538,7.7,1,8.73846153846154
"974","Mack Brown","North Carolina",2020,12,8,NA,0.666666666666667,0.602564102564103,NA,2,NA
"975","Mack Brown","North Carolina",2021,13,6,4.7,0.461538461538462,0.555555555555555,NA,3,NA
"976","Mack Brown","North Carolina",2022,14,9,4.2,0.642857142857143,0.577380952380952,NA,4,NA
"977","Mack Brown","North Carolina",2023,13,8,8.8,0.615384615384615,0.584981684981685,NA,5,NA
"978","Mack Brown","North Carolina",2024,12,6,0.7,0.5,0.570818070818071,NA,6,NA
"979","Major Applewhite","Houston",2016,1,0,5.4,0,0,5.4,1,5.9
"980","Major Applewhite","Houston",2017,12,7,2.7,0.583333333333333,0.291666666666667,4.05,2,5.34166666666667
"981","Major Applewhite","Houston",2018,13,8,-1.1,0.615384615384615,0.39957264957265,2.33333333333333,3,4.23290598290598
"982","Major Applewhite","South Alabama",2024,13,7,-1.7,0.538461538461538,0.434294871794872,1.325,4,3.75929487179487
"983","Major Applewhite","South Alabama",2025,5,2,-11.3,0.4,0.427435897435897,-1.2,5,1.7274358974359
"984","Manny Diaz","Miami",2019,13,6,1.1,0.461538461538462,0.461538461538462,1.1,1,2.06153846153846
"985","Manny Diaz","Miami",2020,11,8,NA,0.727272727272727,0.594405594405594,NA,2,NA
"986","Manny Diaz","Miami",2021,12,7,2.9,0.583333333333333,0.590714840714841,NA,3,NA
"987","Manny Diaz","Duke",2024,13,9,1.6,0.692307692307692,0.616113053613054,NA,4,NA
"988","Manny Diaz","Duke",2025,5,3,10,0.6,0.612890442890443,NA,5,NA
"989","Marcus Arroyo","UNLV",2020,6,0,-19.2,0,0,-19.2,1,-18.7
"990","Marcus Arroyo","UNLV",2021,12,2,-7.9,0.166666666666667,0.0833333333333333,-13.55,2,-12.4666666666667
"991","Marcus Arroyo","UNLV",2022,12,5,-10,0.416666666666667,0.194444444444444,-12.3666666666667,3,-10.6722222222222
"992","Marcus Freeman","Notre Dame",2021,1,0,16.4,0,0,16.4,1,16.9
"993","Marcus Freeman","Notre Dame",2022,13,9,10,0.692307692307692,0.346153846153846,13.2,2,14.5461538461538
"994","Marcus Freeman","Notre Dame",2023,13,10,18.3,0.769230769230769,0.487179487179487,14.9,3,16.8871794871795
"995","Marcus Freeman","Notre Dame",2024,16,14,22,0.875,0.584134615384615,16.675,4,19.2591346153846
"996","Marcus Freeman","Notre Dame",2025,5,1,25.1,0.2,0.507307692307692,18.36,5,21.3673076923077
"997","Mario Cristobal","Oregon",2018,13,9,5.2,0.692307692307692,0.692307692307692,5.2,1,6.39230769230769
"998","Mario Cristobal","Oregon",2019,14,12,21,0.857142857142857,0.774725274725275,13.1,2,14.8747252747253
"999","Mario Cristobal","Oregon",2020,7,4,NA,0.571428571428571,0.706959706959707,NA,3,NA
"1000","Mario Cristobal","Oregon",2021,13,10,9.9,0.769230769230769,0.722527472527472,NA,4,NA
"1001","Mario Cristobal","Miami",2022,12,5,-4.6,0.416666666666667,0.661355311355311,NA,5,NA
"1002","Mario Cristobal","Miami",2023,13,7,8.8,0.538461538461538,0.640873015873016,NA,6,NA
"1003","Mario Cristobal","Miami",2024,13,10,15.5,0.769230769230769,0.659209837781266,NA,7,NA
"1004","Mario Cristobal","Miami",2025,5,0,24.8,0,0.576808608058608,NA,8,NA
"1005","Mark Carney","Kent State",2025,5,3,-15,0.6,0.6,-15,1,-13.9
"1006","Mark Dantonio","Michigan State",2014,13,11,20,0.846153846153846,0.846153846153846,20,1,21.3461538461538
"1007","Mark Dantonio","Michigan State",2015,14,12,14,0.857142857142857,0.851648351648352,17,2,18.8516483516484
"1008","Mark Dantonio","Michigan State",2016,12,3,1.1,0.25,0.651098901098901,11.7,3,13.8510989010989
"1009","Mark Dantonio","Michigan State",2017,13,10,12.8,0.769230769230769,0.680631868131868,11.975,4,14.6556318681319
"1010","Mark Dantonio","Michigan State",2018,13,7,6.2,0.538461538461538,0.652197802197802,10.82,5,13.9721978021978
"1011","Mark Dantonio","Michigan State",2019,13,7,5.1,0.538461538461538,0.633241758241758,9.86666666666667,6,13.4999084249084
"1012","Mark Helfrich","Oregon",2014,15,13,27.1,0.866666666666667,0.866666666666667,27.1,1,28.4666666666667
"1013","Mark Helfrich","Oregon",2015,13,9,12.3,0.692307692307692,0.779487179487179,19.7,2,21.4794871794872
"1014","Mark Helfrich","Oregon",2016,12,4,2.2,0.333333333333333,0.630769230769231,13.8666666666667,3,15.9974358974359
"1015","Mark Hudspeth","Louisiana",2014,13,9,-5.7,0.692307692307692,0.692307692307692,-5.7,1,-4.50769230769231
"1016","Mark Hudspeth","Louisiana",2015,12,4,-18.9,0.333333333333333,0.512820512820513,-12.3,2,-10.7871794871795
"1017","Mark Hudspeth","Louisiana",2016,13,6,-9.8,0.461538461538462,0.495726495726496,-11.4666666666667,3,-9.47094017094017
"1018","Mark Hudspeth","Louisiana",2017,12,5,-20,0.416666666666667,0.475961538461538,-13.6,4,-11.1240384615385
"1019","Mark Ivey","App State",2018,1,1,10.7,1,1,10.7,1,12.2
"1020","Mark Richt","Georgia",2014,13,10,23.7,0.769230769230769,0.769230769230769,23.7,1,24.9692307692308
"1021","Mark Richt","Georgia",2015,12,9,10.3,0.75,0.759615384615385,17,2,18.7596153846154
"1022","Mark Richt","Miami",2016,13,9,16.8,0.692307692307692,0.737179487179487,16.9333333333333,3,19.1705128205128
"1023","Mark Richt","Miami",2017,13,10,15.8,0.769230769230769,0.745192307692308,16.65,4,19.3951923076923
"1024","Mark Richt","Miami",2018,13,7,6.9,0.538461538461538,0.703846153846154,14.7,5,17.9038461538462
"1025","Mark Stoops","Kentucky",2014,12,5,0.1,0.416666666666667,0.416666666666667,0.1,1,1.01666666666667
"1026","Mark Stoops","Kentucky",2015,12,5,-3.1,0.416666666666667,0.416666666666667,-1.5,2,-0.0833333333333333
"1027","Mark Stoops","Kentucky",2016,13,7,0.3,0.538461538461538,0.457264957264957,-0.9,3,1.05726495726496
"1028","Mark Stoops","Kentucky",2017,13,7,0.5,0.538461538461538,0.477564102564103,-0.55,4,1.9275641025641
"1029","Mark Stoops","Kentucky",2018,13,10,14.7,0.769230769230769,0.535897435897436,2.5,5,5.53589743589744
"1030","Mark Stoops","Kentucky",2019,13,8,5.6,0.615384615384615,0.549145299145299,3.01666666666667,6,6.56581196581197
"1031","Mark Stoops","Kentucky",2020,11,5,3.9,0.454545454545455,0.535631035631036,3.14285714285714,7,7.17848817848818
"1032","Mark Stoops","Kentucky",2021,13,10,9,0.769230769230769,0.564831002331002,3.875,8,8.439831002331
"1033","Mark Stoops","Kentucky",2022,13,7,5.5,0.538461538461538,0.561901061901062,4.05555555555556,9,9.11745661745662
"1034","Mark Stoops","Kentucky",2023,13,7,5.3,0.538461538461538,0.55955710955711,4.18,10,9.73955710955711
"1035","Mark Stoops","Kentucky",2024,12,4,3,0.333333333333333,0.538991311718584,4.07272727272727,11,10.1117185844459
"1036","Mark Stoops","Kentucky",2025,5,1,1.3,0.2,0.510742035742036,3.84166666666667,12,10.3524087024087
"1037","Mark Whipple","Massachusetts",2014,12,3,-15.6,0.25,0.25,-15.6,1,-14.85
"1038","Mark Whipple","Massachusetts",2015,12,3,-14.7,0.25,0.25,-15.15,2,-13.9
"1039","Mark Whipple","Massachusetts",2016,12,2,-17,0.166666666666667,0.222222222222222,-15.7666666666667,3,-14.0444444444444
"1040","Mark Whipple","Massachusetts",2017,12,4,-10.3,0.333333333333333,0.25,-14.4,4,-12.15
"1041","Mark Whipple","Massachusetts",2018,12,4,-18.4,0.333333333333333,0.266666666666667,-15.2,5,-12.4333333333333
"1042","Matt Campbell","Toledo",2014,13,9,-4.1,0.692307692307692,0.692307692307692,-4.1,1,-2.90769230769231
"1043","Matt Campbell","Toledo",2015,11,9,10.2,0.818181818181818,0.755244755244755,3.05,2,4.80524475524475
"1044","Matt Campbell","Iowa State",2016,12,3,-1.7,0.25,0.586829836829837,1.46666666666667,3,3.5534965034965
"1045","Matt Campbell","Iowa State",2017,13,8,14.3,0.615384615384615,0.593968531468531,4.675,4,7.26896853146853
"1046","Matt Campbell","Iowa State",2018,13,8,11.4,0.615384615384615,0.598251748251748,6.02,5,9.11825174825175
"1047","Matt Campbell","Iowa State",2019,13,7,13.6,0.538461538461538,0.588286713286713,7.28333333333333,6,10.87162004662
"1048","Matt Campbell","Iowa State",2020,12,9,14.2,0.75,0.611388611388611,8.27142857142857,7,12.3828171828172
"1049","Matt Campbell","Iowa State",2021,13,7,10.6,0.538461538461538,0.602272727272727,8.5625,8,13.1647727272727
"1050","Matt Campbell","Iowa State",2022,12,4,8,0.333333333333333,0.572390572390572,8.5,9,13.5723905723906
"1051","Matt Campbell","Iowa State",2023,13,7,9,0.538461538461538,0.568997668997669,8.55,10,14.1189976689977
"1052","Matt Campbell","Iowa State",2024,14,11,11.2,0.785714285714286,0.58869917960827,8.79090909090909,11,14.8796082705174
"1053","Matt Campbell","Iowa State",2025,5,3,10,0.6,0.589640914640915,8.89166666666667,12,15.4813075813076
"1054","Matt Canada","Maryland",2018,12,5,4,0.416666666666667,0.416666666666667,4,1,4.91666666666667
"1055","Matt Drinkall","Central Michigan",2025,6,3,-12.4,0.5,0.5,-12.4,1,-11.4
"1056","Matt Entz","Fresno State",2025,5,3,-4.1,0.6,0.6,-4.1,1,-3
"1057","Matt Luke","Ole Miss",2017,12,6,1.6,0.5,0.5,1.6,1,2.6
"1058","Matt Luke","Ole Miss",2018,12,5,3.5,0.416666666666667,0.458333333333333,2.55,2,4.00833333333333
"1059","Matt Luke","Ole Miss",2019,12,4,6.5,0.333333333333333,0.416666666666667,3.86666666666667,3,5.78333333333333
"1060","Matt Rhule","Temple",2014,12,6,-4.1,0.5,0.5,-4.1,1,-3.1
"1061","Matt Rhule","Temple",2015,14,10,7.4,0.714285714285714,0.607142857142857,1.65,2,3.25714285714286
"1062","Matt Rhule","Temple",2016,13,10,7.8,0.769230769230769,0.661172161172161,3.7,3,5.86117216117216
"1063","Matt Rhule","Baylor",2017,12,1,-4.2,0.0833333333333333,0.516712454212454,1.725,4,4.24171245421245
"1064","Matt Rhule","Baylor",2018,13,7,2.6,0.538461538461538,0.521062271062271,1.9,5,4.92106227106227
"1065","Matt Rhule","Baylor",2019,14,11,14.7,0.785714285714286,0.56517094017094,4.03333333333333,6,7.59850427350427
"1066","Matt Rhule","Nebraska",2023,12,5,1.3,0.416666666666667,0.543956043956044,3.64285714285714,7,7.68681318681319
"1067","Matt Rhule","Nebraska",2024,13,7,8.5,0.538461538461538,0.543269230769231,4.25,8,8.79326923076923
"1068","Matt Rhule","Nebraska",2025,5,5,12.7,1,0.594017094017094,5.18888888888889,9,10.282905982906
"1069","Matt Viator","UL Monroe",2016,12,4,-19.6,0.333333333333333,0.333333333333333,-19.6,1,-18.7666666666667
"1070","Matt Viator","UL Monroe",2017,12,4,-12.7,0.333333333333333,0.333333333333333,-16.15,2,-14.8166666666667
"1071","Matt Viator","UL Monroe",2018,12,6,-10.9,0.5,0.388888888888889,-14.4,3,-12.5111111111111
"1072","Matt Viator","UL Monroe",2019,12,5,-9,0.416666666666667,0.395833333333333,-13.05,4,-10.6541666666667
"1073","Matt Viator","UL Monroe",2020,10,0,-24.5,0,0.316666666666667,-15.34,5,-12.5233333333333
"1074","Matt Wells","Utah State",2014,14,10,1.4,0.714285714285714,0.714285714285714,1.4,1,2.61428571428571
"1075","Matt Wells","Utah State",2015,13,6,-0.2,0.461538461538462,0.587912087912088,0.6,2,2.18791208791209
"1076","Matt Wells","Utah State",2016,12,3,-9.3,0.25,0.475274725274725,-2.7,3,-0.724725274725275
"1077","Matt Wells","Utah State",2017,13,6,-5.2,0.461538461538462,0.471840659340659,-3.325,4,-0.853159340659341
"1078","Matt Wells","Utah State",2018,12,10,13.9,0.833333333333333,0.544139194139194,0.12,5,3.16413919413919
"1079","Matt Wells","Texas Tech",2019,12,4,2.3,0.333333333333333,0.509004884004884,0.483333333333333,6,3.99233821733822
"1080","Matt Wells","Texas Tech",2020,10,4,-1.4,0.4,0.493432757718472,0.214285714285714,7,4.20771847200419
"1081","Matt Wells","Texas Tech",2021,8,5,-1.7,0.625,0.509878663003663,-0.025,8,4.48487866300366
"1082","Maurice Linguist","Buffalo",2021,12,4,-14.4,0.333333333333333,0.333333333333333,-14.4,1,-13.5666666666667
"1083","Maurice Linguist","Buffalo",2022,13,7,-7.3,0.538461538461538,0.435897435897436,-10.85,2,-9.41410256410256
"1084","Maurice Linguist","Buffalo",2023,12,3,-15.3,0.25,0.373931623931624,-12.3333333333333,3,-10.4594017094017
"1085","Maurice Linguist","Buffalo",2024,0,0,-6.1,NA,NA,-10.775,4,NA
"1086","Mel Tucker","Colorado",2019,12,5,-2.2,0.416666666666667,0.416666666666667,-2.2,1,-1.28333333333333
"1087","Mel Tucker","Michigan State",2020,7,2,-4.5,0.285714285714286,0.351190476190476,-3.35,2,-1.99880952380952
"1088","Mel Tucker","Michigan State",2021,13,11,11.1,0.846153846153846,0.516178266178266,1.46666666666667,3,3.48284493284493
"1089","Mel Tucker","Michigan State",2022,12,5,1.1,0.416666666666667,0.491300366300366,1.375,4,3.86630036630037
"1090","Mel Tucker","Michigan State",2023,2,2,-3.2,1,0.593040293040293,0.46,5,3.55304029304029
"1091","Michael Desormeaux","Louisiana",2021,1,1,5.7,1,1,5.7,1,7.2
"1092","Michael Desormeaux","Louisiana",2022,13,6,-1.7,0.461538461538462,0.730769230769231,2,2,3.73076923076923
"1093","Michael Desormeaux","Louisiana",2023,13,6,-5.9,0.461538461538462,0.641025641025641,-0.633333333333333,3,1.50769230769231
"1094","Michael Desormeaux","Louisiana",2024,14,10,-1.7,0.714285714285714,0.659340659340659,-0.9,4,1.75934065934066
"1095","Michael Desormeaux","Louisiana",2025,5,1,-17.2,0.2,0.567472527472528,-4.16,5,-1.09252747252747
"1096","Mickey Joseph","Nebraska",2022,9,3,-1.8,0.333333333333333,0.333333333333333,-1.8,1,-0.966666666666667
"1097","Mike Bloomgren","Rice",2018,13,2,-24,0.153846153846154,0.153846153846154,-24,1,-23.3461538461538
"1098","Mike Bloomgren","Rice",2019,12,3,-13.5,0.25,0.201923076923077,-18.75,2,-17.5480769230769
"1099","Mike Bloomgren","Rice",2020,5,2,-3,0.4,0.267948717948718,-13.5,3,-11.7320512820513
"1100","Mike Bloomgren","Rice",2021,12,4,-15.6,0.333333333333333,0.284294871794872,-14.025,4,-11.7407051282051
"1101","Mike Bloomgren","Rice",2022,13,5,-12.1,0.384615384615385,0.304358974358974,-13.64,5,-10.835641025641
"1102","Mike Bloomgren","Rice",2023,13,6,-4.3,0.461538461538462,0.330555555555556,-12.0833333333333,6,-8.75277777777778
"1103","Mike Bloomgren","Rice",2024,8,2,-8.6,0.25,0.319047619047619,-11.5857142857143,7,-7.76666666666667
"1104","Mike Bobo","Colorado State",2015,13,7,-8.5,0.538461538461538,0.538461538461538,-8.5,1,-7.46153846153846
"1105","Mike Bobo","Colorado State",2016,13,7,1.2,0.538461538461538,0.538461538461538,-3.65,2,-2.11153846153846
"1106","Mike Bobo","Colorado State",2017,13,7,-2.6,0.538461538461538,0.538461538461538,-3.3,3,-1.26153846153846
"1107","Mike Bobo","Colorado State",2018,12,3,-14.9,0.25,0.466346153846154,-6.2,4,-3.73365384615385
"1108","Mike Bobo","Colorado State",2019,12,4,-9.9,0.333333333333333,0.43974358974359,-6.94,5,-4.00025641025641
"1109","Mike Bobo","South Carolina",2020,3,0,-5.4,0,0.366452991452991,-6.68333333333333,6,-3.31688034188034
"1110","Mike Elko","Duke",2022,13,9,7,0.692307692307692,0.692307692307692,7,1,8.19230769230769
"1111","Mike Elko","Duke",2023,12,7,9.8,0.583333333333333,0.637820512820513,8.4,2,10.0378205128205
"1112","Mike Elko","Texas A&M",2024,13,8,12.2,0.615384615384615,0.63034188034188,9.66666666666667,3,11.7970085470085
"1113","Mike Elko","Texas A&M",2025,5,4,20.6,0.8,0.67275641025641,12.4,4,15.0727564102564
"1114","Mike Gundy","Oklahoma State",2014,13,7,2.6,0.538461538461538,0.538461538461538,2.6,1,3.63846153846154
"1115","Mike Gundy","Oklahoma State",2015,13,10,10,0.769230769230769,0.653846153846154,6.3,2,7.95384615384615
"1116","Mike Gundy","Oklahoma State",2016,13,10,12.4,0.769230769230769,0.692307692307692,8.33333333333333,3,10.525641025641
"1117","Mike Gundy","Oklahoma State",2017,13,10,18.4,0.769230769230769,0.711538461538462,10.85,4,13.5615384615385
"1118","Mike Gundy","Oklahoma State",2018,13,7,9.6,0.538461538461538,0.676923076923077,10.6,5,13.7769230769231
"1119","Mike Gundy","Oklahoma State",2019,13,8,10.8,0.615384615384615,0.666666666666667,10.6333333333333,6,14.3
"1120","Mike Gundy","Oklahoma State",2020,11,8,9.6,0.727272727272727,0.675324675324675,10.4857142857143,7,14.661038961039
"1121","Mike Gundy","Oklahoma State",2021,14,12,16.5,0.857142857142857,0.698051948051948,11.2375,8,15.9355519480519
"1122","Mike Gundy","Oklahoma State",2022,13,7,5.7,0.538461538461538,0.68031968031968,10.6222222222222,9,15.8025419025419
"1123","Mike Gundy","Oklahoma State",2023,14,10,6.1,0.714285714285714,0.683716283716284,10.17,10,15.8537162837163
"1124","Mike Gundy","Oklahoma State",2024,12,3,-1.8,0.25,0.644287530651167,9.08181818181818,11,15.2261057124693
"1125","Mike Gundy","Oklahoma State",2025,5,5,-17.9,1,0.673930236430236,6.83333333333333,12,13.5072635697636
"1126","Mike Houston","East Carolina",2019,12,4,-15.2,0.333333333333333,0.333333333333333,-15.2,1,-14.3666666666667
"1127","Mike Houston","East Carolina",2020,9,3,NA,0.333333333333333,0.333333333333333,NA,2,NA
"1128","Mike Houston","East Carolina",2021,12,7,2.8,0.583333333333333,0.416666666666667,NA,3,NA
"1129","Mike Houston","East Carolina",2022,13,8,3.8,0.615384615384615,0.466346153846154,NA,4,NA
"1130","Mike Houston","East Carolina",2023,12,2,-9.2,0.166666666666667,0.406410256410256,NA,5,NA
"1131","Mike Houston","East Carolina",2024,7,3,-5.3,0.428571428571429,0.410103785103785,NA,6,NA
"1132","Mike Jinks","Bowling Green",2016,12,4,-12.7,0.333333333333333,0.333333333333333,-12.7,1,-11.8666666666667
"1133","Mike Jinks","Bowling Green",2017,12,2,-14.3,0.166666666666667,0.25,-13.5,2,-12.25
"1134","Mike Jinks","Bowling Green",2018,7,1,-21,0.142857142857143,0.214285714285714,-16,3,-14.2857142857143
"1135","Mike Leach","Washington State",2014,12,3,-1.9,0.25,0.25,-1.9,1,-1.15
"1136","Mike Leach","Washington State",2015,13,9,8,0.692307692307692,0.471153846153846,3.05,2,4.52115384615385
"1137","Mike Leach","Washington State",2016,13,8,15.5,0.615384615384615,0.519230769230769,7.2,3,9.21923076923077
"1138","Mike Leach","Washington State",2017,13,9,6.6,0.692307692307692,0.5625,7.05,4,9.6125
"1139","Mike Leach","Washington State",2018,13,11,12.9,0.846153846153846,0.619230769230769,8.22,5,11.3392307692308
"1140","Mike Leach","Washington State",2019,13,6,6.7,0.461538461538462,0.592948717948718,7.96666666666667,6,11.5596153846154
"1141","Mike Leach","Mississippi State",2020,11,4,1.6,0.363636363636364,0.56018981018981,7.05714285714286,7,11.1173326673327
"1142","Mike Leach","Mississippi State",2021,13,7,8.9,0.538461538461538,0.557473776223776,7.2875,8,11.8449737762238
"1143","Mike Leach","Mississippi State",2022,12,8,13.1,0.666666666666667,0.56960631960632,7.93333333333333,9,13.0029396529397
"1144","Mike Locksley","Maryland",2019,12,3,-5.6,0.25,0.25,-5.6,1,-4.85
"1145","Mike Locksley","Maryland",2020,5,2,-0.4,0.4,0.325,-3,2,-1.675
"1146","Mike Locksley","Maryland",2021,13,7,-4.8,0.538461538461538,0.396153846153846,-3.6,3,-1.70384615384615
"1147","Mike Locksley","Maryland",2022,13,8,6.2,0.615384615384615,0.450961538461538,-1.15,4,1.30096153846154
"1148","Mike Locksley","Maryland",2023,13,8,8.4,0.615384615384615,0.483846153846154,0.76,5,3.74384615384615
"1149","Mike Locksley","Maryland",2024,12,4,-2,0.333333333333333,0.458760683760684,0.3,6,3.75876068376068
"1150","Mike Locksley","Maryland",2025,5,4,6,0.8,0.507509157509158,1.11428571428571,7,5.12179487179487
"1151","Mike London","Virginia",2014,12,5,5.1,0.416666666666667,0.416666666666667,5.1,1,6.01666666666667
"1152","Mike London","Virginia",2015,12,4,1.3,0.333333333333333,0.375,3.2,2,4.575
"1153","Mike MacIntyre","Colorado",2014,12,2,-4.1,0.166666666666667,0.166666666666667,-4.1,1,-3.43333333333333
"1154","Mike MacIntyre","Colorado",2015,13,4,-4.6,0.307692307692308,0.237179487179487,-4.35,2,-3.11282051282051
"1155","Mike MacIntyre","Colorado",2016,14,10,15.3,0.714285714285714,0.396214896214896,2.2,3,4.0962148962149
"1156","Mike MacIntyre","Colorado",2017,12,5,-2.8,0.416666666666667,0.401327838827839,0.95,4,3.35132783882784
"1157","Mike MacIntyre","Colorado",2018,11,5,-2.4,0.454545454545455,0.411971361971362,0.28,5,3.19197136197136
"1158","Mike MacIntyre","Florida International",2022,12,4,-22.8,0.333333333333333,0.398865023865024,-3.56666666666667,6,-0.167801642801642
"1159","Mike MacIntyre","Florida International",2023,12,4,-19.4,0.333333333333333,0.389503353789068,-5.82857142857143,7,-1.93906807478236
"1160","Mike MacIntyre","Florida International",2024,12,4,-11.6,0.333333333333333,0.382482101232101,-6.55,8,-2.1675178987679
"1161","Mike Neu","Ball State",2016,12,4,-12.2,0.333333333333333,0.333333333333333,-12.2,1,-11.3666666666667
"1162","Mike Neu","Ball State",2017,12,2,-27.9,0.166666666666667,0.25,-20.05,2,-18.8
"1163","Mike Neu","Ball State",2018,12,4,-16.4,0.333333333333333,0.277777777777778,-18.8333333333333,3,-17.0555555555556
"1164","Mike Neu","Ball State",2019,12,5,-4.9,0.416666666666667,0.3125,-15.35,4,-13.0375
"1165","Mike Neu","Ball State",2020,8,7,NA,0.875,0.425,NA,5,NA
"1166","Mike Neu","Ball State",2021,13,6,-7.3,0.461538461538462,0.431089743589744,NA,6,NA
"1167","Mike Neu","Ball State",2022,12,5,-11.6,0.416666666666667,0.429029304029304,NA,7,NA
"1168","Mike Neu","Ball State",2023,12,4,-12.8,0.333333333333333,0.417067307692308,NA,8,NA
"1169","Mike Neu","Ball State",2024,10,3,-13.4,0.3,0.404059829059829,NA,9,NA
"1170","Mike Norvell","Memphis",2016,13,8,4,0.615384615384615,0.615384615384615,4,1,5.11538461538461
"1171","Mike Norvell","Memphis",2017,13,10,10.5,0.769230769230769,0.692307692307692,7.25,2,8.94230769230769
"1172","Mike Norvell","Memphis",2018,14,8,1.2,0.571428571428571,0.652014652014652,5.23333333333333,3,7.38534798534799
"1173","Mike Norvell","Memphis",2019,14,12,14.4,0.857142857142857,0.703296703296703,7.525,4,10.2282967032967
"1174","Mike Norvell","Florida State",2020,9,3,NA,0.333333333333333,0.629304029304029,NA,5,NA
"1175","Mike Norvell","Florida State",2021,12,5,4,0.416666666666667,0.593864468864469,NA,6,NA
"1176","Mike Norvell","Florida State",2022,13,10,14.1,0.769230769230769,0.618916797488226,NA,7,NA
"1177","Mike Norvell","Florida State",2023,14,13,19.6,0.928571428571429,0.657623626373626,NA,8,NA
"1178","Mike Norvell","Florida State",2024,12,2,-6.7,0.166666666666667,0.603072853072853,NA,9,NA
"1179","Mike Norvell","Florida State",2025,5,2,18.6,0.4,0.582765567765568,NA,10,NA
"1180","Mike Price","UTEP",2017,7,0,-28.9,0,0,-28.9,1,-28.4
"1181","Mike Riley","Oregon State",2014,12,5,-1.6,0.416666666666667,0.416666666666667,-1.6,1,-0.683333333333333
"1182","Mike Riley","Nebraska",2015,13,6,6.6,0.461538461538462,0.439102564102564,2.5,2,3.93910256410256
"1183","Mike Riley","Nebraska",2016,13,9,6.9,0.692307692307692,0.523504273504274,3.96666666666667,3,5.99017094017094
"1184","Mike Riley","Nebraska",2017,12,4,-0.9,0.333333333333333,0.475961538461538,2.75,4,5.22596153846154
"1185","Mike Sanford Jr.","Western Kentucky",2017,13,6,-15,0.461538461538462,0.461538461538462,-15,1,-14.0384615384615
"1186","Mike Sanford Jr.","Western Kentucky",2018,12,3,-15.2,0.25,0.355769230769231,-15.1,2,-13.7442307692308
"1187","Mike Sanford Jr.","Colorado",2022,7,1,-14.7,0.142857142857143,0.284798534798535,-14.9666666666667,3,-13.1818681318681
"1188","Mike Uremovich","Ball State",2025,5,2,-14.2,0.4,0.4,-14.2,1,-13.3
"1189","Nate Dreiling","Utah State",2024,12,4,-11.7,0.333333333333333,0.333333333333333,-11.7,1,-10.8666666666667
"1190","Neal Brown","Troy",2015,12,4,-9.9,0.333333333333333,0.333333333333333,-9.9,1,-9.06666666666667
"1191","Neal Brown","Troy",2016,13,10,1.6,0.769230769230769,0.551282051282051,-4.15,2,-2.59871794871795
"1192","Neal Brown","Troy",2017,13,11,1.2,0.846153846153846,0.64957264957265,-2.36666666666667,3,-0.217094017094017
"1193","Neal Brown","Troy",2018,13,10,-1.4,0.769230769230769,0.67948717948718,-2.125,4,0.55448717948718
"1194","Neal Brown","West Virginia",2019,12,5,-1.7,0.416666666666667,0.626923076923077,-2.04,5,1.08692307692308
"1195","Neal Brown","West Virginia",2020,10,6,5.9,0.6,0.622435897435897,-0.716666666666666,6,2.90576923076923
"1196","Neal Brown","West Virginia",2021,13,6,1.1,0.461538461538462,0.599450549450549,-0.457142857142857,7,3.64230769230769
"1197","Neal Brown","West Virginia",2022,12,5,3.9,0.416666666666667,0.576602564102564,0.0875000000000001,8,4.66410256410256
"1198","Neal Brown","West Virginia",2023,13,9,6.5,0.692307692307692,0.58945868945869,0.8,9,5.88945868945869
"1199","Neal Brown","West Virginia",2024,12,6,1.2,0.5,0.580512820512821,0.84,10,6.42051282051282
"1200","Nick Rolovich","Hawai'i",2016,14,7,-11.4,0.5,0.5,-11.4,1,-10.4
"1201","Nick Rolovich","Hawai'i",2017,12,3,-20.3,0.25,0.375,-15.85,2,-14.475
"1202","Nick Rolovich","Hawai'i",2018,14,8,-10.1,0.571428571428571,0.44047619047619,-13.9333333333333,3,-11.9928571428571
"1203","Nick Rolovich","Hawai'i",2019,15,10,-2.3,0.666666666666667,0.49702380952381,-11.025,4,-8.52797619047619
"1204","Nick Rolovich","Washington State",2020,4,1,NA,0.25,0.447619047619048,NA,5,NA
"1205","Nick Rolovich","Washington State",2021,7,4,4.5,0.571428571428571,0.468253968253968,NA,6,NA
"1206","Nick Saban","Alabama",2014,14,12,26.5,0.857142857142857,0.857142857142857,26.5,1,27.8571428571429
"1207","Nick Saban","Alabama",2015,15,14,27.3,0.933333333333333,0.895238095238095,26.9,2,28.7952380952381
"1208","Nick Saban","Alabama",2016,15,14,33.6,0.933333333333333,0.907936507936508,29.1333333333333,3,31.5412698412698
"1209","Nick Saban","Alabama",2017,14,13,26.3,0.928571428571429,0.913095238095238,28.425,4,31.3380952380952
"1210","Nick Saban","Alabama",2018,15,14,33.5,0.933333333333333,0.917142857142857,29.44,5,32.8571428571429
"1211","Nick Saban","Alabama",2019,13,11,28.8,0.846153846153846,0.905311355311355,29.3333333333333,6,33.2386446886447
"1212","Nick Saban","Alabama",2020,13,13,31.1,1,0.91883830455259,29.5857142857143,7,34.0045525902669
"1213","Nick Saban","Alabama",2021,15,13,19.5,0.866666666666667,0.91231684981685,28.325,8,33.2373168498168
"1214","Nick Saban","Alabama",2022,13,11,21.3,0.846153846153846,0.904965404965405,27.5444444444444,9,32.9494098494098
"1215","Nick Saban","Alabama",2023,14,12,19.6,0.857142857142857,0.90018315018315,26.75,10,32.6501831501832
"1216","Norm Chow","Hawai'i",2014,13,4,-11.7,0.307692307692308,0.307692307692308,-11.7,1,-10.8923076923077
"1217","Norm Chow","Hawai'i",2015,9,2,-21.7,0.222222222222222,0.264957264957265,-16.7,2,-15.4350427350427
"1218","Nunzio Campanile","Rutgers",2019,8,1,-16.7,0.125,0.125,-16.7,1,-16.075
"1219","Nunzio Campanile","Syracuse",2023,2,1,-0.4,0.5,0.3125,-8.55,2,-7.2375
"1220","Odell Haggins","Florida State",2017,2,2,10.1,1,1,10.1,1,11.6
"1221","Odell Haggins","Florida State",2019,4,2,0.2,0.5,0.75,5.15,2,6.9
"1222","Oscar Rodriguez","Akron",2021,3,0,-22.6,0,0,-22.6,1,-22.1
"1223","P.J. Fleck","Western Michigan",2014,13,8,-3,0.615384615384615,0.615384615384615,-3,1,-1.88461538461538
"1224","P.J. Fleck","Western Michigan",2015,13,8,4.3,0.615384615384615,0.615384615384615,0.65,2,2.26538461538462
"1225","P.J. Fleck","Western Michigan",2016,14,13,13.5,0.928571428571429,0.71978021978022,4.93333333333333,3,7.15311355311355
"1226","P.J. Fleck","Minnesota",2017,12,5,2.8,0.416666666666667,0.644001831501832,4.4,4,7.04400183150183
"1227","P.J. Fleck","Minnesota",2018,13,7,5.5,0.538461538461538,0.622893772893773,4.62,5,7.74289377289377
"1228","P.J. Fleck","Minnesota",2019,13,11,15.2,0.846153846153846,0.660103785103785,6.38333333333333,6,10.0434371184371
"1229","P.J. Fleck","Minnesota",2020,7,3,0.1,0.428571428571429,0.627027734170591,5.48571428571429,7,9.61274201988488
"1230","P.J. Fleck","Minnesota",2021,13,9,6.8,0.692307692307692,0.635187728937729,5.65,8,10.2851877289377
"1231","P.J. Fleck","Minnesota",2022,13,9,10.7,0.692307692307692,0.641534391534392,6.21111111111111,9,11.3526455026455
"1232","P.J. Fleck","Minnesota",2023,13,6,-2.3,0.461538461538462,0.623534798534799,5.36,10,10.9835347985348
"1233","P.J. Fleck","Minnesota",2024,13,8,12.6,0.615384615384615,0.622793872793873,6.01818181818182,11,12.1409756909757
"1234","P.J. Fleck","Minnesota",2025,5,3,-3.7,0.6,0.620894383394384,5.20833333333333,12,11.8292277167277
"1235","Pat Fitzgerald","Northwestern",2014,12,5,-0.3,0.416666666666667,0.416666666666667,-0.3,1,0.616666666666667
"1236","Pat Fitzgerald","Northwestern",2015,13,10,3,0.769230769230769,0.592948717948718,1.35,2,2.94294871794872
"1237","Pat Fitzgerald","Northwestern",2016,13,7,9.9,0.538461538461538,0.574786324786325,4.2,3,6.27478632478632
"1238","Pat Fitzgerald","Northwestern",2017,13,10,13.1,0.769230769230769,0.623397435897436,6.425,4,9.04839743589744
"1239","Pat Fitzgerald","Northwestern",2018,14,9,6.3,0.642857142857143,0.627289377289377,6.4,5,9.52728937728938
"1240","Pat Fitzgerald","Northwestern",2019,12,3,-3.2,0.25,0.564407814407814,4.8,6,8.36440781440781
"1241","Pat Fitzgerald","Northwestern",2020,9,7,12.2,0.777777777777778,0.594889237746381,5.85714285714286,7,9.95203209488924
"1242","Pat Fitzgerald","Northwestern",2021,12,3,-7.2,0.25,0.551778083028083,4.225,8,8.77677808302808
"1243","Pat Fitzgerald","Northwestern",2022,12,1,-7.2,0.0833333333333333,0.499728666395333,2.95555555555556,9,7.95528422195089
"1244","Pat Narduzzi","Pittsburgh",2015,13,8,8.9,0.615384615384615,0.615384615384615,8.9,1,10.0153846153846
"1245","Pat Narduzzi","Pittsburgh",2016,13,8,10.6,0.615384615384615,0.615384615384615,9.75,2,11.3653846153846
"1246","Pat Narduzzi","Pittsburgh",2017,12,5,3.9,0.416666666666667,0.549145299145299,7.8,3,9.8491452991453
"1247","Pat Narduzzi","Pittsburgh",2018,14,7,5.8,0.5,0.536858974358974,7.3,4,9.83685897435898
"1248","Pat Narduzzi","Pittsburgh",2019,13,8,-0.5,0.615384615384615,0.552564102564103,5.74,5,8.7925641025641
"1249","Pat Narduzzi","Pittsburgh",2020,11,6,NA,0.545454545454545,0.551379176379176,NA,6,NA
"1250","Pat Narduzzi","Pittsburgh",2021,14,11,10.8,0.785714285714286,0.584855620569906,NA,7,NA
"1251","Pat Narduzzi","Pittsburgh",2022,13,9,6.3,0.692307692307692,0.59828712953713,NA,8,NA
"1252","Pat Narduzzi","Pittsburgh",2023,12,3,-3.3,0.25,0.55958855958856,NA,9,NA
"1253","Pat Narduzzi","Pittsburgh",2024,13,7,4.5,0.538461538461538,0.557475857475857,NA,10,NA
"1254","Pat Narduzzi","Pittsburgh",2025,6,0,8.4,0,0.506796234068961,NA,11,NA
"1255","Paul Chryst","Pittsburgh",2014,12,6,2.8,0.5,0.5,2.8,1,3.8
"1256","Paul Chryst","Wisconsin",2015,13,10,10,0.769230769230769,0.634615384615385,6.4,2,8.03461538461539
"1257","Paul Chryst","Wisconsin",2016,14,11,17.9,0.785714285714286,0.684981684981685,10.2333333333333,3,12.418315018315
"1258","Paul Chryst","Wisconsin",2017,14,13,24.7,0.928571428571429,0.745879120879121,13.85,4,16.5958791208791
"1259","Paul Chryst","Wisconsin",2018,13,8,8.8,0.615384615384615,0.71978021978022,12.84,5,16.0597802197802
"1260","Paul Chryst","Wisconsin",2019,14,10,19.9,0.714285714285714,0.718864468864469,14.0166666666667,6,17.7355311355311
"1261","Paul Chryst","Wisconsin",2020,7,4,9.5,0.571428571428571,0.697802197802198,13.3714285714286,7,17.5692307692308
"1262","Paul Chryst","Wisconsin",2021,13,9,14,0.692307692307692,0.697115384615385,13.45,8,18.1471153846154
"1263","Paul Chryst","Wisconsin",2022,5,2,5.4,0.4,0.664102564102564,12.5555555555556,9,17.7196581196581
"1264","Paul Haynes","Kent State",2014,11,2,-17.7,0.181818181818182,0.181818181818182,-17.7,1,-17.0181818181818
"1265","Paul Haynes","Kent State",2015,12,3,-17.9,0.25,0.215909090909091,-17.8,2,-16.5840909090909
"1266","Paul Haynes","Kent State",2016,12,3,-10.5,0.25,0.227272727272727,-15.3666666666667,3,-13.6393939393939
"1267","Paul Haynes","Kent State",2017,12,2,-22.7,0.166666666666667,0.212121212121212,-17.2,4,-14.9878787878788
"1268","Paul Johnson","Georgia Tech",2014,14,11,18.5,0.785714285714286,0.785714285714286,18.5,1,19.7857142857143
"1269","Paul Johnson","Georgia Tech",2015,12,3,4.6,0.25,0.517857142857143,11.55,2,13.0678571428571
"1270","Paul Johnson","Georgia Tech",2016,13,9,7.3,0.692307692307692,0.576007326007326,10.1333333333333,3,12.2093406593407
"1271","Paul Johnson","Georgia Tech",2017,11,5,8.7,0.454545454545455,0.545641858141858,9.775,4,12.3206418581419
"1272","Paul Johnson","Georgia Tech",2018,13,7,3.4,0.538461538461538,0.544205794205794,8.5,5,11.5442057942058
"1273","Paul Petrino","Idaho",2014,11,1,-22.6,0.0909090909090909,0.0909090909090909,-22.6,1,-22.0090909090909
"1274","Paul Petrino","Idaho",2015,12,4,-18.7,0.333333333333333,0.212121212121212,-20.65,2,-19.4378787878788
"1275","Paul Petrino","Idaho",2016,13,9,-4.1,0.692307692307692,0.372183372183372,-15.1333333333333,3,-13.26114996115
"1276","Paul Petrino","Idaho",2017,12,4,-14.9,0.333333333333333,0.362470862470862,-15.075,4,-12.7125291375291
"1277","Paul Rhoads","Iowa State",2014,12,2,-4.7,0.166666666666667,0.166666666666667,-4.7,1,-4.03333333333333
"1278","Paul Rhoads","Iowa State",2015,12,3,-2.2,0.25,0.208333333333333,-3.45,2,-2.24166666666667
"1279","Pete Alamar","Rice",2024,4,2,-8.6,0.5,0.5,-8.6,1,-7.6
"1280","Pete Kaligis","Washington State",2024,1,0,-0.3,0,0,-0.3,1,0.2
"1281","Pete Lembo","Ball State",2014,12,5,-10.4,0.416666666666667,0.416666666666667,-10.4,1,-9.48333333333333
"1282","Pete Lembo","Ball State",2015,12,3,-14.9,0.25,0.333333333333333,-12.65,2,-11.3166666666667
"1283","Pete Lembo","Buffalo",2024,13,9,-6.1,0.692307692307692,0.452991452991453,-10.4666666666667,3,-8.51367521367521
"1284","Pete Lembo","Buffalo",2025,6,3,-14.3,0.5,0.46474358974359,-11.425,4,-8.96025641025641
"1285","Peter Rossomando","Charlotte",2022,4,2,-18.8,0.5,0.5,-18.8,1,-17.8
"1286","Phil Bennett","North Texas",2022,1,0,-4.6,0,0,-4.6,1,-4.1
"1287","Phil Longo","Sam Houston",2025,6,3,-24.1,0.5,0.5,-24.1,1,-23.1
"1288","Philip Montgomery","Tulsa",2015,13,6,-5.3,0.461538461538462,0.461538461538462,-5.3,1,-4.33846153846154
"1289","Philip Montgomery","Tulsa",2016,13,10,5.9,0.769230769230769,0.615384615384615,0.3,2,1.91538461538462
"1290","Philip Montgomery","Tulsa",2017,12,2,-8.7,0.166666666666667,0.465811965811966,-2.7,3,-0.734188034188033
"1291","Philip Montgomery","Tulsa",2018,12,3,-12,0.25,0.411858974358974,-5.025,4,-2.61314102564103
"1292","Philip Montgomery","Tulsa",2019,12,4,-0.1,0.333333333333333,0.396153846153846,-4.04,5,-1.14384615384615
"1293","Philip Montgomery","Tulsa",2020,9,6,NA,0.666666666666667,0.441239316239316,NA,6,NA
"1294","Philip Montgomery","Tulsa",2021,13,7,-1.1,0.538461538461538,0.455128205128205,NA,7,NA
"1295","Philip Montgomery","Tulsa",2022,12,5,-4.7,0.416666666666667,0.450320512820513,NA,8,NA
"1296","Randy Edsall","Maryland",2014,13,7,0.9,0.538461538461538,0.538461538461538,0.9,1,1.93846153846154
"1297","Randy Edsall","Maryland",2015,6,2,-4,0.333333333333333,0.435897435897436,-1.55,2,-0.114102564102564
"1298","Randy Edsall","UConn",2017,12,3,-13.5,0.25,0.373931623931624,-5.53333333333333,3,-3.65940170940171
"1299","Randy Edsall","UConn",2018,12,1,-27.9,0.0833333333333333,0.301282051282051,-11.125,4,-8.82371794871795
"1300","Randy Edsall","UConn",2019,12,2,-23.2,0.166666666666667,0.274358974358974,-13.54,5,-10.765641025641
"1301","Randy Edsall","UConn",2020,0,0,NA,NA,NA,NA,6,NA
"1302","Randy Edsall","UConn",2021,2,0,-21.4,0,NA,NA,7,NA
"1303","Randy Shannon","Florida",2017,4,1,-0.9,0.25,0.25,-0.9,1,-0.15
"1304","Reed Stringer","Southern Miss",2024,5,0,-23.9,0,0,-23.9,1,-23.4
"1305","Rhett Lashlee","SMU",2022,13,7,1.9,0.538461538461538,0.538461538461538,1.9,1,2.93846153846154
"1306","Rhett Lashlee","SMU",2023,14,11,8.9,0.785714285714286,0.662087912087912,5.4,2,7.06208791208791
"1307","Rhett Lashlee","SMU",2024,14,11,15.7,0.785714285714286,0.703296703296703,8.83333333333333,3,11.03663003663
"1308","Rhett Lashlee","SMU",2025,5,4,2,0.8,0.727472527472528,7.125,4,9.85247252747253
"1309","Rich Rodriguez","Arizona",2014,14,10,10.7,0.714285714285714,0.714285714285714,10.7,1,11.9142857142857
"1310","Rich Rodriguez","Arizona",2015,13,7,-0.1,0.538461538461538,0.626373626373626,5.3,2,6.92637362637363
"1311","Rich Rodriguez","Arizona",2016,12,3,-4.9,0.25,0.500915750915751,1.9,3,3.90091575091575
"1312","Rich Rodriguez","Arizona",2017,13,7,3.4,0.538461538461538,0.510302197802198,2.275,4,4.7853021978022
"1313","Rich Rodriguez","Jacksonville State",2023,13,9,-1.2,0.692307692307692,0.546703296703297,1.58,5,4.6267032967033
"1314","Rich Rodriguez","Jacksonville State",2024,14,9,-2.8,0.642857142857143,0.562728937728938,0.85,6,4.41272893772894
"1315","Rich Rodriguez","West Virginia",2025,6,2,-3.7,0.333333333,0.529958137053375,0.2,7,4.22995813705337
"1316","Rick Stockstill","Middle Tennessee",2014,12,6,-5.9,0.5,0.5,-5.9,1,-4.9
"1317","Rick Stockstill","Middle Tennessee",2015,13,7,-3.6,0.538461538461538,0.519230769230769,-4.75,2,-3.23076923076923
"1318","Rick Stockstill","Middle Tennessee",2016,13,8,-9.4,0.615384615384615,0.551282051282051,-6.3,3,-4.24871794871795
"1319","Rick Stockstill","Middle Tennessee",2017,13,7,-8.8,0.538461538461538,0.548076923076923,-6.925,4,-4.37692307692308
"1320","Rick Stockstill","Middle Tennessee",2018,14,8,-0.9,0.571428571428571,0.552747252747253,-5.72,5,-2.66725274725275
"1321","Rick Stockstill","Middle Tennessee",2019,12,4,-7.6,0.333333333333333,0.516178266178266,-6.03333333333333,6,-2.51715506715507
"1322","Rick Stockstill","Middle Tennessee",2020,9,3,-13.6,0.333333333333333,0.490057561486133,-7.11428571428571,7,-3.12422815279958
"1323","Rick Stockstill","Middle Tennessee",2021,13,7,-8.2,0.538461538461538,0.496108058608059,-7.25,8,-2.75389194139194
"1324","Rick Stockstill","Middle Tennessee",2022,13,8,-7.7,0.615384615384615,0.509361009361009,-7.3,9,-2.29063899063899
"1325","Rick Stockstill","Middle Tennessee",2023,12,4,-8.1,0.333333333333333,0.491758241758242,-7.38,10,-1.88824175824176
"1326","Ricky Rahne","Old Dominion",2020,0,0,NA,NA,NA,NA,1,NA
"1327","Ricky Rahne","Old Dominion",2021,13,6,-9.2,0.461538461538462,NA,NA,2,NA
"1328","Ricky Rahne","Old Dominion",2022,12,3,-9.6,0.25,NA,NA,3,NA
"1329","Ricky Rahne","Old Dominion",2023,13,6,-8.7,0.461538461538462,NA,NA,4,NA
"1330","Ricky Rahne","Old Dominion",2024,12,5,-1.6,0.416666666666667,NA,NA,5,NA
"1331","Ricky Rahne","Old Dominion",2025,5,5,12.7,1,NA,NA,6,NA
"1332","Rocky Long","San Diego State",2014,13,7,-4.5,0.538461538461538,0.538461538461538,-4.5,1,-3.46153846153846
"1333","Rocky Long","San Diego State",2015,14,11,6.2,0.785714285714286,0.662087912087912,0.85,2,2.51208791208791
"1334","Rocky Long","San Diego State",2016,14,11,5.4,0.785714285714286,0.703296703296703,2.36666666666667,3,4.56996336996337
"1335","Rocky Long","San Diego State",2017,13,10,3.1,0.769230769230769,0.71978021978022,2.55,4,5.26978021978022
"1336","Rocky Long","San Diego State",2018,13,7,-4.8,0.538461538461538,0.683516483516484,1.08,5,4.26351648351648
"1337","Rocky Long","San Diego State",2019,13,10,1.7,0.769230769230769,0.697802197802198,1.18333333333333,6,4.88113553113553
"1338","Rod Carey","Northern Illinois",2014,14,11,-4.8,0.785714285714286,0.785714285714286,-4.8,1,-3.51428571428571
"1339","Rod Carey","Northern Illinois",2015,14,8,-0.1,0.571428571428571,0.678571428571429,-2.45,2,-0.771428571428571
"1340","Rod Carey","Northern Illinois",2016,12,5,-3.2,0.416666666666667,0.591269841269841,-2.7,3,-0.608730158730158
"1341","Rod Carey","Northern Illinois",2017,13,8,-0.1,0.615384615384615,0.597298534798535,-2.05,4,0.547298534798535
"1342","Rod Carey","Northern Illinois",2018,14,8,-4.5,0.571428571428571,0.592124542124542,-2.54,5,0.552124542124542
"1343","Rod Carey","Temple",2019,13,8,-2.7,0.615384615384615,0.596001221001221,-2.56666666666667,6,1.02933455433455
"1344","Rod Carey","Temple",2020,7,1,NA,0.142857142857143,0.531266352694924,NA,7,NA
"1345","Rod Carey","Temple",2021,12,3,-19.7,0.25,0.496108058608059,NA,8,NA
"1346","Rod Smith","Illinois",2020,1,0,-7.4,0,0,-7.4,1,-6.9
"1347","Ron Caragher","San José State",2014,12,3,-15,0.25,0.25,-15,1,-14.25
"1348","Ron Caragher","San José State",2015,13,6,-6.9,0.461538461538462,0.355769230769231,-10.95,2,-9.59423076923077
"1349","Ron Caragher","San José State",2016,12,4,-17.2,0.333333333333333,0.348290598290598,-13.0333333333333,3,-11.1850427350427
"1350","Ron Turner","Florida International",2014,12,4,-8.5,0.333333333333333,0.333333333333333,-8.5,1,-7.66666666666667
"1351","Ron Turner","Florida International",2015,12,5,-13.5,0.416666666666667,0.375,-11,2,-9.625
"1352","Ron Turner","Florida International",2016,4,0,-19.1,0,0.25,-13.7,3,-11.95
"1353","Ruffin McNeill","East Carolina",2014,13,8,1,0.615384615384615,0.615384615384615,1,1,2.11538461538462
"1354","Ruffin McNeill","East Carolina",2015,12,5,1.8,0.416666666666667,0.516025641025641,1.4,2,2.91602564102564
"1355","Ryan Beard","Missouri State",2025,6,4,-10,0.666666667,0.666666667,-10,1,-8.833333333
"1356","Ryan Carty","Delaware",2025,6,4,-7.7,0.666666667,0.666666667,-7.7,1,-6.533333333
"1357","Ryan Day","Ohio State",2018,3,3,18.1,1,1,18.1,1,19.6
"1358","Ryan Day","Ohio State",2019,14,13,32.8,0.928571428571429,0.964285714285714,25.45,2,27.4142857142857
"1359","Ryan Day","Ohio State",2020,8,7,21.6,0.875,0.93452380952381,24.1666666666667,3,26.6011904761905
"1360","Ryan Day","Ohio State",2021,13,11,21,0.846153846153846,0.912431318681319,23.375,4,26.2874313186813
"1361","Ryan Day","Ohio State",2022,13,11,22.5,0.846153846153846,0.899175824175824,23.2,5,26.5991758241758
"1362","Ryan Day","Ohio State",2023,13,11,23.4,0.846153846153846,0.890338827838828,23.2333333333333,6,27.1236721611722
"1363","Ryan Day","Ohio State",2024,16,14,24.6,0.875,0.888147566718995,23.4285714285714,7,27.8167189952904
"1364","Ryan Day","Ohio State",2025,5,3,22.4,0.6,0.852129120879121,23.3,8,28.1521291208791
"1365","Ryan Silverfield","Memphis",2020,11,8,NA,0.727272727272727,0.727272727272727,NA,1,NA
"1366","Ryan Silverfield","Memphis",2021,12,6,-3,0.5,0.613636363636364,NA,2,NA
"1367","Ryan Silverfield","Memphis",2022,13,7,5.4,0.538461538461538,0.588578088578089,NA,3,NA
"1368","Ryan Silverfield","Memphis",2023,13,10,1.8,0.769230769230769,0.633741258741259,NA,4,NA
"1369","Ryan Silverfield","Memphis",2024,13,11,3.2,0.846153846153846,0.676223776223776,NA,5,NA
"1370","Ryan Silverfield","Memphis",2025,5,4,8.7,0.8,0.696853146853147,NA,6,NA
"1371","Ryan Switzer","Tulsa",2024,1,0,-23.8,0,0,-23.8,1,-23.3
"1372","Ryan Walters","Purdue",2023,12,4,-1.9,0.333333333333333,0.333333333333333,-1.9,1,-1.06666666666667
"1373","Ryan Walters","Purdue",2024,12,1,-8,0.0833333333333333,0.208333333333333,-4.95,2,-3.74166666666667
"1374","Sam Pittman","Arkansas",2020,10,3,3.3,0.3,0.3,3.3,1,4.1
"1375","Sam Pittman","Arkansas",2021,13,9,9.7,0.692307692307692,0.496153846153846,6.5,2,7.99615384615385
"1376","Sam Pittman","Arkansas",2022,13,7,6.5,0.538461538461538,0.51025641025641,6.5,3,8.51025641025641
"1377","Sam Pittman","Arkansas",2023,12,4,1.1,0.333333333333333,0.466025641025641,5.15,4,7.61602564102564
"1378","Sam Pittman","Arkansas",2024,13,7,6.1,0.538461538461538,0.480512820512821,5.34,5,8.32051282051282
"1379","Sam Pittman","Arkansas",2025,5,2,7.3,0.4,0.467094017094017,5.66666666666667,6,9.13376068376068
"1380","Scot Loeffler","Bowling Green",2019,12,3,-28.5,0.25,0.25,-28.5,1,-27.75
"1381","Scot Loeffler","Bowling Green",2020,5,0,NA,0,0.125,NA,2,NA
"1382","Scot Loeffler","Bowling Green",2021,12,4,-17.7,0.333333333333333,0.194444444444444,NA,3,NA
"1383","Scot Loeffler","Bowling Green",2022,13,6,-14.3,0.461538461538462,0.261217948717949,NA,4,NA
"1384","Scot Loeffler","Bowling Green",2023,13,7,-3.8,0.538461538461538,0.316666666666667,NA,5,NA
"1385","Scot Loeffler","Bowling Green",2024,13,7,-1.9,0.538461538461538,0.353632478632479,NA,6,NA
"1386","Scott Abell","Rice",2025,5,3,-17.3,0.6,0.6,-17.3,1,-16.2
"1387","Scott Frost","UCF",2016,13,6,-1.2,0.461538461538462,0.461538461538462,-1.2,1,-0.238461538461538
"1388","Scott Frost","UCF",2017,13,13,20.7,1,0.730769230769231,9.75,2,11.4807692307692
"1389","Scott Frost","Nebraska",2018,12,4,2.5,0.333333333333333,0.598290598290598,7.33333333333333,3,9.43162393162393
"1390","Scott Frost","Nebraska",2019,12,5,3.2,0.416666666666667,0.552884615384615,6.3,4,8.85288461538462
"1391","Scott Frost","Nebraska",2020,8,3,0.5,0.375,0.517307692307692,5.14,5,8.15730769230769
"1392","Scott Frost","Nebraska",2021,12,3,7.3,0.25,0.47275641025641,5.5,6,8.97275641025641
"1393","Scott Frost","Nebraska",2022,3,1,-1.8,0.333333333333333,0.452838827838828,4.45714285714286,7,8.40998168498168
"1394","Scott Frost","UCF",2025,6,2,0.4,0.333333333,0.437900640983974,3.95,8,8.38790064098398
"1395","Scott Satterfield","App State",2014,12,7,-8.2,0.583333333333333,0.583333333333333,-8.2,1,-7.11666666666667
"1396","Scott Satterfield","App State",2015,13,11,2.4,0.846153846153846,0.71474358974359,-2.9,2,-1.18525641025641
"1397","Scott Satterfield","App State",2016,13,10,5,0.769230769230769,0.732905982905983,-0.266666666666666,3,1.96623931623932
"1398","Scott Satterfield","App State",2017,13,9,1.6,0.692307692307692,0.72275641025641,0.2,4,2.92275641025641
"1399","Scott Satterfield","App State",2018,12,10,10.7,0.833333333333333,0.744871794871795,2.3,5,5.54487179487179
"1400","Scott Satterfield","Louisville",2019,13,8,0.1,0.615384615384615,0.723290598290598,1.93333333333333,6,5.65662393162393
"1401","Scott Satterfield","Louisville",2020,11,4,NA,0.363636363636364,0.671911421911422,NA,7,NA
"1402","Scott Satterfield","Louisville",2021,13,6,8.1,0.461538461538462,0.645614801864802,NA,8,NA
"1403","Scott Satterfield","Louisville",2022,12,7,10.6,0.583333333333333,0.638694638694639,NA,9,NA
"1404","Scott Satterfield","Cincinnati",2023,12,3,-3.7,0.25,0.599825174825175,NA,10,NA
"1405","Scott Satterfield","Cincinnati",2024,12,5,4.4,0.416666666666667,0.58317440135622,NA,11,NA
"1406","Scott Satterfield","Cincinnati",2025,5,4,9.7,0.8,0.601243201243201,NA,12,NA
"1407","Scott Shafer","Syracuse",2014,12,3,-3.9,0.25,0.25,-3.9,1,-3.15
"1408","Scott Shafer","Syracuse",2015,12,4,-0.9,0.333333333333333,0.291666666666667,-2.4,2,-1.10833333333333
"1409","Scottie Montgomery","East Carolina",2016,12,3,-13.2,0.25,0.25,-13.2,1,-12.45
"1410","Scottie Montgomery","East Carolina",2017,12,3,-14.8,0.25,0.25,-14,2,-12.75
"1411","Scottie Montgomery","East Carolina",2018,11,3,-15.7,0.272727272727273,0.257575757575758,-14.5666666666667,3,-12.8090909090909
"1412","Scotty Walden","Southern Miss",2020,4,1,-15,0.25,0.25,-15,1,-14.25
"1413","Scotty Walden","UTEP",2024,12,3,-20.2,0.25,0.25,-17.6,2,-16.35
"1414","Scotty Walden","UTEP",2025,5,1,-12.3,0.2,0.233333333333333,-15.8333333333333,3,-14.1
"1415","Sean Kugler","UTEP",2014,13,7,-5.9,0.538461538461538,0.538461538461538,-5.9,1,-4.86153846153846
"1416","Sean Kugler","UTEP",2015,12,5,-22.4,0.416666666666667,0.477564102564103,-14.15,2,-12.6724358974359
"1417","Sean Kugler","UTEP",2016,12,4,-21.3,0.333333333333333,0.429487179487179,-16.5333333333333,3,-14.6038461538462
"1418","Sean Kugler","UTEP",2017,5,0,-28.9,0,0.322115384615385,-19.625,4,-17.3028846153846
"1419","Sean Lewis","Kent State",2018,12,2,-19.4,0.166666666666667,0.166666666666667,-19.4,1,-18.7333333333333
"1420","Sean Lewis","Kent State",2019,13,7,-7.2,0.538461538461538,0.352564102564103,-13.3,2,-11.9474358974359
"1421","Sean Lewis","Kent State",2020,4,3,NA,0.75,0.485042735042735,NA,3,NA
"1422","Sean Lewis","Kent State",2021,14,7,-13.5,0.5,0.488782051282051,NA,4,NA
"1423","Sean Lewis","Kent State",2022,12,5,-6.4,0.416666666666667,0.474358974358974,NA,5,NA
"1424","Sean Lewis","San Diego State",2024,12,3,-16.6,0.25,0.436965811965812,NA,6,NA
"1425","Sean Lewis","San Diego State",2025,5,3,1.4,0.6,0.46025641025641,NA,7,NA
"1426","Seth Littrell","North Texas",2016,13,5,-16.5,0.384615384615385,0.384615384615385,-16.5,1,-15.6153846153846
"1427","Seth Littrell","North Texas",2017,14,9,-8.2,0.642857142857143,0.513736263736264,-12.35,2,-10.8362637362637
"1428","Seth Littrell","North Texas",2018,13,9,-2.3,0.692307692307692,0.573260073260073,-9,3,-6.92673992673993
"1429","Seth Littrell","North Texas",2019,12,4,-11.8,0.333333333333333,0.513278388278388,-9.7,4,-7.18672161172161
"1430","Seth Littrell","North Texas",2020,10,4,-19.8,0.4,0.490622710622711,-11.72,5,-8.72937728937729
"1431","Seth Littrell","North Texas",2021,13,6,-12.1,0.461538461538462,0.485775335775336,-11.7833333333333,6,-8.29755799755799
"1432","Seth Littrell","North Texas",2022,13,7,-4.6,0.538461538461538,0.493301936159079,-10.7571428571429,7,-6.76384092098377
"1433","Shane Beamer","South Carolina",2021,13,7,0,0.538461538461538,0.538461538461538,0,1,1.03846153846154
"1434","Shane Beamer","South Carolina",2022,13,8,6.3,0.615384615384615,0.576923076923077,3.15,2,4.72692307692308
"1435","Shane Beamer","South Carolina",2023,12,5,2.7,0.416666666666667,0.523504273504274,3,3,5.02350427350427
"1436","Shane Beamer","South Carolina",2024,13,9,15.8,0.692307692307692,0.565705128205128,6.2,4,8.76570512820513
"1437","Shane Beamer","South Carolina",2025,5,3,4.1,0.6,0.572564102564103,5.78,5,8.8525641025641
"1438","Shane Montgomery","Massachusetts",2024,2,0,-17.4,0,0,-17.4,1,-16.9
"1439","Shaun Aguano","Arizona State",2022,9,2,-3.9,0.222222222222222,0.222222222222222,-3.9,1,-3.17777777777778
"1440","Shawn Clark","App State",2019,1,1,11.5,1,1,11.5,1,13
"1441","Shawn Clark","App State",2020,12,9,8,0.75,0.875,9.75,2,11.625
"1442","Shawn Clark","App State",2021,14,10,8,0.714285714285714,0.821428571428572,9.16666666666667,3,11.4880952380952
"1443","Shawn Clark","App State",2022,12,6,-0.8,0.5,0.741071428571429,6.675,4,9.41607142857143
"1444","Shawn Clark","App State",2023,14,9,0.8,0.642857142857143,0.721428571428571,5.5,5,8.72142857142857
"1445","Shawn Clark","App State",2024,11,5,-7.6,0.454545454545455,0.676948051948052,3.31666666666667,6,6.99361471861472
"1446","Shawn Elliott","South Carolina",2015,6,1,1.4,0.166666666666667,0.166666666666667,1.4,1,2.06666666666667
"1447","Shawn Elliott","Georgia State",2017,12,7,-12.6,0.583333333333333,0.375,-5.6,2,-4.225
"1448","Shawn Elliott","Georgia State",2018,12,2,-19.4,0.166666666666667,0.305555555555556,-10.2,3,-8.39444444444444
"1449","Shawn Elliott","Georgia State",2019,13,7,-10.3,0.538461538461538,0.363782051282051,-10.225,4,-7.86121794871795
"1450","Shawn Elliott","Georgia State",2020,10,6,1.9,0.6,0.411025641025641,-7.8,5,-4.88897435897436
"1451","Shawn Elliott","Georgia State",2021,13,8,-6.6,0.615384615384615,0.44508547008547,-7.6,6,-4.15491452991453
"1452","Shawn Elliott","Georgia State",2022,12,4,-5.2,0.333333333333333,0.429120879120879,-7.25714285714286,7,-3.32802197802198
"1453","Shawn Elliott","Georgia State",2023,13,7,-7.7,0.538461538461538,0.442788461538462,-7.3125,8,-2.86971153846154
"1454","Shawn Elliott","Georgia State",2024,0,0,-12.9,NA,NA,-7.93333333333333,9,NA
"1455","Sherrone Moore","Michigan",2024,13,8,8.9,0.615384615384615,0.615384615384615,8.9,1,10.0153846153846
"1456","Sherrone Moore","Michigan",2025,5,5,13.5,1,0.807692307692308,11.2,2,13.0076923076923
"1457","Skip Holtz","Louisiana Tech",2014,14,9,10.6,0.642857142857143,0.642857142857143,10.6,1,11.7428571428571
"1458","Skip Holtz","Louisiana Tech",2015,13,9,-0.3,0.692307692307692,0.667582417582418,5.15,2,6.81758241758242
"1459","Skip Holtz","Louisiana Tech",2016,14,9,1.5,0.642857142857143,0.659340659340659,3.93333333333333,3,6.09267399267399
"1460","Skip Holtz","Louisiana Tech",2017,13,7,-5.3,0.538461538461538,0.629120879120879,1.625,4,4.25412087912088
"1461","Skip Holtz","Louisiana Tech",2018,13,8,-7.9,0.615384615384615,0.626373626373626,-0.28,5,2.84637362637363
"1462","Skip Holtz","Louisiana Tech",2019,13,10,-2.6,0.769230769230769,0.65018315018315,-0.666666666666667,6,2.98351648351648
"1463","Skip Holtz","Louisiana Tech",2020,10,5,-11.5,0.5,0.6287284144427,-2.21428571428571,7,1.91444270015699
"1464","Skip Holtz","Louisiana Tech",2021,12,3,-7.8,0.25,0.581387362637363,-2.9125,8,1.66888736263736
"1465","Slade Nagle","Tulane",2023,1,0,2,0,0,2,1,2.5
"1466","Sonny Cumbie","Texas Tech",2021,5,2,-1.7,0.4,0.4,-1.7,1,-0.8
"1467","Sonny Cumbie","Louisiana Tech",2022,12,3,-14.3,0.25,0.325,-8,2,-6.675
"1468","Sonny Cumbie","Louisiana Tech",2023,12,3,-14.4,0.25,0.3,-10.1333333333333,3,-8.33333333333333
"1469","Sonny Cumbie","Louisiana Tech",2024,13,5,-12.6,0.384615384615385,0.321153846153846,-10.75,4,-8.42884615384615
"1470","Sonny Cumbie","Louisiana Tech",2025,5,2,7.8,0.4,0.336923076923077,-7.04,5,-4.20307692307692
"1471","Sonny Dykes","California",2014,12,5,2.5,0.416666666666667,0.416666666666667,2.5,1,3.41666666666667
"1472","Sonny Dykes","California",2015,13,8,11,0.615384615384615,0.516025641025641,6.75,2,8.26602564102564
"1473","Sonny Dykes","California",2016,12,5,2,0.416666666666667,0.482905982905983,5.16666666666667,3,7.14957264957265
"1474","Sonny Dykes","SMU",2018,12,5,-9.4,0.416666666666667,0.466346153846154,1.525,4,3.99134615384615
"1475","Sonny Dykes","SMU",2019,13,10,7.7,0.769230769230769,0.526923076923077,2.76,5,5.78692307692308
"1476","Sonny Dykes","SMU",2020,10,7,NA,0.7,0.555769230769231,NA,6,NA
"1477","Sonny Dykes","SMU",2021,12,8,6.1,0.666666666666667,0.571611721611722,NA,7,NA
"1478","Sonny Dykes","TCU",2022,15,13,16.7,0.866666666666667,0.60849358974359,NA,8,NA
"1479","Sonny Dykes","TCU",2023,12,5,8.6,0.416666666666667,0.587179487179487,NA,9,NA
"1480","Sonny Dykes","TCU",2024,13,9,9.2,0.692307692307692,0.597692307692308,NA,10,NA
"1481","Sonny Dykes","TCU",2025,5,2,8.4,0.4,0.57972027972028,NA,11,NA
"1482","Spencer Danielson","Boise State",2023,4,3,6.4,0.75,0.75,6.4,1,7.65
"1483","Spencer Danielson","Boise State",2024,14,12,9.9,0.857142857142857,0.803571428571429,8.15,2,9.95357142857143
"1484","Spencer Danielson","Boise State",2025,5,3,2.3,0.6,0.735714285714286,6.2,3,8.43571428571429
"1485","Stan Drayton","Temple",2022,12,3,-10.2,0.25,0.25,-10.2,1,-9.45
"1486","Stan Drayton","Temple",2023,12,3,-19.6,0.25,0.25,-14.9,2,-13.65
"1487","Stan Drayton","Temple",2024,10,3,-17,0.3,0.266666666666667,-15.6,3,-13.8333333333333
"1488","Steve Addazio","Boston College",2014,13,7,6.2,0.538461538461538,0.538461538461538,6.2,1,7.23846153846154
"1489","Steve Addazio","Boston College",2015,12,3,-0.1,0.25,0.394230769230769,3.05,2,4.44423076923077
"1490","Steve Addazio","Boston College",2016,13,7,-2.4,0.538461538461538,0.442307692307692,1.23333333333333,3,3.17564102564103
"1491","Steve Addazio","Boston College",2017,13,7,11.2,0.538461538461538,0.466346153846154,3.725,4,6.19134615384615
"1492","Steve Addazio","Boston College",2018,12,7,5.3,0.583333333333333,0.48974358974359,4.04,5,7.02974358974359
"1493","Steve Addazio","Boston College",2019,12,6,-2.9,0.5,0.491452991452991,2.88333333333333,6,6.37478632478632
"1494","Steve Addazio","Colorado State",2020,4,1,-11.3,0.25,0.456959706959707,0.857142857142857,7,4.81410256410256
"1495","Steve Addazio","Colorado State",2021,12,3,-0.5,0.25,0.431089743589744,0.6875,8,5.11858974358974
"1496","Steve Campbell","South Alabama",2018,12,3,-22.1,0.25,0.25,-22.1,1,-21.35
"1497","Steve Campbell","South Alabama",2019,12,2,-17.2,0.166666666666667,0.208333333333333,-19.65,2,-18.4416666666667
"1498","Steve Campbell","South Alabama",2020,11,4,-8.5,0.363636363636364,0.26010101010101,-15.9333333333333,3,-14.1732323232323
"1499","Steve Campbell","South Alabama",2021,0,0,-8.6,NA,NA,-14.1,4,NA
"1500","Steve Sarkisian","USC",2014,13,9,16.6,0.692307692307692,0.692307692307692,16.6,1,17.7923076923077
"1501","Steve Sarkisian","Texas",2021,12,5,3.9,0.416666666666667,0.55448717948718,10.25,2,11.8044871794872
"1502","Steve Sarkisian","Texas",2022,13,8,17.1,0.615384615384615,0.574786324786325,12.5333333333333,3,14.6081196581197
"1503","Steve Sarkisian","Texas",2023,14,12,22,0.857142857142857,0.645375457875458,14.9,4,17.5453754578755
"1504","Steve Sarkisian","Texas",2024,16,13,19.4,0.8125,0.678800366300366,15.8,5,18.9788003663004
"1505","Steve Sarkisian","Texas",2025,5,3,9.6,0.6,0.665666971916972,14.7666666666667,6,18.4323336385836
"1506","Steve Spurrier","South Carolina",2014,13,7,7.4,0.538461538461538,0.538461538461538,7.4,1,8.43846153846154
"1507","Steve Spurrier","South Carolina",2015,6,2,1.4,0.333333333333333,0.435897435897436,4.4,2,5.83589743589744
"1508","Terry Bowden","Akron",2014,12,5,-14,0.416666666666667,0.416666666666667,-14,1,-13.0833333333333
"1509","Terry Bowden","Akron",2015,13,8,-5.4,0.615384615384615,0.516025641025641,-9.7,2,-8.18397435897436
"1510","Terry Bowden","Akron",2016,12,5,-11.6,0.416666666666667,0.482905982905983,-10.3333333333333,3,-8.35042735042735
"1511","Terry Bowden","Akron",2017,14,7,-8.9,0.5,0.487179487179487,-9.975,4,-7.48782051282051
"1512","Terry Bowden","Akron",2018,12,4,-14.5,0.333333333333333,0.456410256410256,-10.88,5,-7.92358974358974
"1513","Terry Bowden","UL Monroe",2021,12,4,-14.4,0.333333333333333,0.435897435897436,-11.4666666666667,6,-8.03076923076923
"1514","Terry Bowden","UL Monroe",2022,12,4,-12.2,0.333333333333333,0.421245421245421,-11.5714285714286,7,-7.65018315018315
"1515","Terry Bowden","UL Monroe",2023,12,2,-17.1,0.166666666666667,0.389423076923077,-12.2625,8,-7.87307692307692
"1516","Thomas Hammock","Northern Illinois",2019,12,5,-14.5,0.416666666666667,0.416666666666667,-14.5,1,-13.5833333333333
"1517","Thomas Hammock","Northern Illinois",2020,6,0,NA,0,0.208333333333333,NA,2,NA
"1518","Thomas Hammock","Northern Illinois",2021,14,9,-6,0.642857142857143,0.353174603174603,NA,3,NA
"1519","Thomas Hammock","Northern Illinois",2022,12,3,-15,0.25,0.327380952380952,NA,4,NA
"1520","Thomas Hammock","Northern Illinois",2023,13,7,-8.8,0.538461538461538,0.36959706959707,NA,5,NA
"1521","Thomas Hammock","Northern Illinois",2024,13,8,-1.1,0.615384615384615,0.410561660561661,NA,6,NA
"1522","Thomas Hammock","Northern Illinois",2025,6,4,-15.9,0.666666667,0.447148090052852,NA,7,NA
"1523","Tim Albin","Ohio",2021,12,3,-13.8,0.25,0.25,-13.8,1,-13.05
"1524","Tim Albin","Ohio",2022,14,10,-3.6,0.714285714285714,0.482142857142857,-8.7,2,-7.21785714285714
"1525","Tim Albin","Ohio",2023,13,10,-5.8,0.769230769230769,0.577838827838828,-7.73333333333333,3,-5.65549450549451
"1526","Tim Albin","Ohio",2024,14,11,1.7,0.785714285714286,0.629807692307692,-5.375,4,-2.74519230769231
"1527","Tim Albin","Charlotte",2025,5,1,-27.1,0.2,0.543846153846154,-9.72,5,-6.67615384615385
"1528","Tim Beck","Coastal Carolina",2023,13,8,-0.9,0.615384615384615,0.615384615384615,-0.9,1,0.215384615384615
"1529","Tim Beck","Coastal Carolina",2024,13,6,-9.2,0.461538461538462,0.538461538461539,-5.05,2,-3.51153846153846
"1530","Tim Beck","Coastal Carolina",2025,5,2,-11.5,0.4,0.492307692307692,-7.2,3,-5.20769230769231
"1531","Tim Beckman","Illinois",2014,13,6,-4,0.461538461538462,0.461538461538462,-4,1,-3.03846153846154
"1532","Tim Billings","Southern Miss",2020,5,2,-15,0.4,0.4,-15,1,-14.1
"1533","Tim Brewster","Charlotte",2024,2,2,-12.4,1,1,-12.4,1,-10.9
"1534","Tim DeRuyter","Fresno State",2014,14,6,-10.4,0.428571428571429,0.428571428571429,-10.4,1,-9.47142857142857
"1535","Tim DeRuyter","Fresno State",2015,12,3,-17.9,0.25,0.339285714285714,-14.15,2,-12.8107142857143
"1536","Tim DeRuyter","Fresno State",2016,8,1,-20.5,0.125,0.267857142857143,-16.2666666666667,3,-14.4988095238095
"1537","Tim Lappano","Georgia State",2016,2,1,-14.6,0.5,0.5,-14.6,1,-13.6
"1538","Tim Lester","Western Michigan",2017,12,6,-4.4,0.5,0.5,-4.4,1,-3.4
"1539","Tim Lester","Western Michigan",2018,13,7,-10.3,0.538461538461538,0.519230769230769,-7.35,2,-5.83076923076923
"1540","Tim Lester","Western Michigan",2019,13,7,-4.5,0.538461538461538,0.525641025641026,-6.4,3,-4.37435897435898
"1541","Tim Lester","Western Michigan",2020,6,4,NA,0.666666666666667,0.560897435897436,NA,4,NA
"1542","Tim Lester","Western Michigan",2021,13,8,-7,0.615384615384615,0.571794871794872,NA,5,NA
"1543","Tim Lester","Western Michigan",2022,12,5,-13.6,0.416666666666667,0.545940170940171,NA,6,NA
"1544","Tim Skipper","Fresno State",2024,13,6,-6,0.461538461538462,0.461538461538462,-6,1,-5.03846153846154
"1545","Timmy Chang","Hawai'i",2022,13,3,-18.4,0.230769230769231,0.230769230769231,-18.4,1,-17.6692307692308
"1546","Timmy Chang","Hawai'i",2023,13,5,-12.7,0.384615384615385,0.307692307692308,-15.55,2,-14.2423076923077
"1547","Timmy Chang","Hawai'i",2024,12,5,-12.9,0.416666666666667,0.344017094017094,-14.6666666666667,3,-12.8226495726496
"1548","Timmy Chang","Hawai'i",2025,5,5,-11,1,0.50801282051282,-13.75,4,-11.2419871794872
"1549","Todd Berry","UL Monroe",2014,12,4,-12.6,0.333333333333333,0.333333333333333,-12.6,1,-11.7666666666667
"1550","Todd Berry","UL Monroe",2015,12,2,-25,0.166666666666667,0.25,-18.8,2,-17.55
"1551","Todd Fitch","Vanderbilt",2020,1,0,-14.4,0,0,-14.4,1,-13.9
"1552","Todd Graham","Arizona State",2014,13,10,13.4,0.769230769230769,0.769230769230769,13.4,1,14.6692307692308
"1553","Todd Graham","Arizona State",2015,13,6,6.9,0.461538461538462,0.615384615384615,10.15,2,11.7653846153846
"1554","Todd Graham","Arizona State",2016,12,5,-2.1,0.416666666666667,0.549145299145299,6.06666666666667,3,8.11581196581196
"1555","Todd Graham","Arizona State",2017,13,7,2.6,0.538461538461538,0.546474358974359,5.2,4,7.74647435897436
"1556","Todd Graham","Hawai'i",2020,9,5,-3.3,0.555555555555556,0.548290598290598,3.5,5,6.5482905982906
"1557","Todd Graham","Hawai'i",2021,13,6,-7.8,0.461538461538462,0.533831908831909,1.61666666666667,6,5.15049857549858
"1558","Todd Monken","Southern Miss",2014,12,3,-13.9,0.25,0.25,-13.9,1,-13.15
"1559","Todd Monken","Southern Miss",2015,14,9,1.8,0.642857142857143,0.446428571428571,-6.05,2,-4.60357142857143
"1560","Tom Allen","Indiana",2016,1,0,1,0,0,1,1,1.5
"1561","Tom Allen","Indiana",2017,12,5,6,0.416666666666667,0.208333333333333,3.5,2,4.70833333333333
"1562","Tom Allen","Indiana",2018,12,5,1.5,0.416666666666667,0.277777777777778,2.83333333333333,3,4.61111111111111
"1563","Tom Allen","Indiana",2019,13,8,6.8,0.615384615384615,0.362179487179487,3.825,4,6.18717948717949
"1564","Tom Allen","Indiana",2020,8,6,13.2,0.75,0.43974358974359,5.7,5,8.63974358974359
"1565","Tom Allen","Indiana",2021,12,2,-6.9,0.166666666666667,0.394230769230769,3.6,6,6.99423076923077
"1566","Tom Allen","Indiana",2022,12,4,-3.5,0.333333333333333,0.385531135531136,2.58571428571429,7,6.47124542124542
"1567","Tom Allen","Indiana",2023,12,3,-3.5,0.25,0.368589743589744,1.825,8,6.19358974358974
"1568","Tom Arth","Akron",2019,12,0,-34.7,0,0,-34.7,1,-34.2
"1569","Tom Arth","Akron",2020,6,1,NA,0.166666666666667,0.0833333333333333,NA,2,NA
"1570","Tom Arth","Akron",2021,9,2,-22.6,0.222222222222222,0.12962962962963,NA,3,NA
"1571","Tom Herman","Houston",2015,14,13,14.3,0.928571428571429,0.928571428571429,14.3,1,15.7285714285714
"1572","Tom Herman","Houston",2016,12,9,5.4,0.75,0.839285714285714,9.85,2,11.6892857142857
"1573","Tom Herman","Texas",2017,13,7,11.1,0.538461538461538,0.739010989010989,10.2666666666667,3,12.5056776556777
"1574","Tom Herman","Texas",2018,14,10,12.1,0.714285714285714,0.73282967032967,10.725,4,13.4578296703297
"1575","Tom Herman","Texas",2019,13,8,16,0.615384615384615,0.709340659340659,11.78,5,14.9893406593407
"1576","Tom Herman","Texas",2020,10,7,13.3,0.7,0.707783882783883,12.0333333333333,6,15.7411172161172
"1577","Tom Herman","Florida Atlantic",2023,12,4,-9.8,0.333333333333333,0.65429094714809,8.91428571428571,7,13.0685766614338
"1578","Tom Herman","Florida Atlantic",2024,10,2,-15.4,0.2,0.597504578754579,5.875,8,10.4725045787546
"1579","Tommy Tuberville","Cincinnati",2014,13,9,1.6,0.692307692307692,0.692307692307692,1.6,1,2.79230769230769
"1580","Tommy Tuberville","Cincinnati",2015,13,7,0.1,0.538461538461538,0.615384615384615,0.85,2,2.46538461538462
"1581","Tommy Tuberville","Cincinnati",2016,12,4,-11.7,0.333333333333333,0.521367521367521,-3.33333333333333,3,-1.31196581196581
"1582","Tony Elliott","Virginia",2022,10,3,-6,0.3,0.3,-6,1,-5.2
"1583","Tony Elliott","Virginia",2023,12,3,-4.4,0.25,0.275,-5.2,2,-3.925
"1584","Tony Elliott","Virginia",2024,12,5,-1.9,0.416666666666667,0.322222222222222,-4.1,3,-2.27777777777778
"1585","Tony Elliott","Virginia",2025,6,5,15.4,0.833333333,0.449999999916667,0.775,4,3.22499999991667
"1586","Tony Gibson","Marshall",2025,5,4,-9,0.8,0.8,-9,1,-7.7
"1587","Tony Levine","Houston",2014,12,7,-2.3,0.583333333333333,0.583333333333333,-2.3,1,-1.21666666666667
"1588","Tony Sanchez","UNLV",2015,12,3,-15,0.25,0.25,-15,1,-14.25
"1589","Tony Sanchez","UNLV",2016,12,4,-15.3,0.333333333333333,0.291666666666667,-15.15,2,-13.8583333333333
"1590","Tony Sanchez","UNLV",2017,12,5,-9.9,0.416666666666667,0.333333333333333,-13.4,3,-11.5666666666667
"1591","Tony Sanchez","UNLV",2018,12,4,-14.7,0.333333333333333,0.333333333333333,-13.725,4,-11.3916666666667
"1592","Tony Sanchez","UNLV",2019,12,4,-16.5,0.333333333333333,0.333333333333333,-14.28,5,-11.4466666666667
"1593","Tony Sanchez","New Mexico State",2024,12,3,-22.1,0.25,0.319444444444444,-15.5833333333333,6,-12.2638888888889
"1594","Tony Sanchez","New Mexico State",2025,5,3,-13,0.6,0.35952380952381,-15.2142857142857,7,-11.3547619047619
"1595","Tracy Claeys","Minnesota",2015,6,2,0.2,0.333333333333333,0.333333333333333,0.2,1,1.03333333333333
"1596","Tracy Claeys","Minnesota",2016,13,9,9,0.692307692307692,0.512820512820513,4.6,2,6.11282051282051
"1597","Tre Lamb","Tulsa",2025,5,3,-13.7,0.6,0.6,-13.7,1,-12.6
"1598","Trent Bray","Oregon State",2024,12,5,-9.2,0.416666666666667,0.416666666666667,-9.2,1,-8.28333333333333
"1599","Trent Bray","Oregon State",2025,5,5,-12.7,1,0.708333333333333,-10.95,2,-9.24166666666667
"1600","Trent Dilfer","UAB",2023,12,4,-14.3,0.333333333333333,0.333333333333333,-14.3,1,-13.4666666666667
"1601","Trent Dilfer","UAB",2024,12,3,-11.6,0.25,0.291666666666667,-12.95,2,-11.6583333333333
"1602","Trent Dilfer","UAB",2025,5,4,-14.4,0.8,0.461111111111111,-13.4333333333333,3,-11.4722222222222
"1603","Trent Miles","Georgia State",2014,12,1,-26.4,0.0833333333333333,0.0833333333333333,-26.4,1,-25.8166666666667
"1604","Trent Miles","Georgia State",2015,13,6,-11,0.461538461538462,0.272435897435897,-18.7,2,-17.4275641025641
"1605","Trent Miles","Georgia State",2016,10,1,-14.6,0.1,0.214957264957265,-17.3333333333333,3,-15.6183760683761
"1606","Trooper Taylor","Duke",2023,1,1,9.8,1,1,9.8,1,11.3
"1607","Troy Calhoun","Air Force",2014,13,10,-1.2,0.769230769230769,0.769230769230769,-1.2,1,0.0692307692307693
"1608","Troy Calhoun","Air Force",2015,14,8,0.2,0.571428571428571,0.67032967032967,-0.5,2,1.17032967032967
"1609","Troy Calhoun","Air Force",2016,13,10,1.2,0.769230769230769,0.703296703296703,0.0666666666666667,3,2.26996336996337
"1610","Troy Calhoun","Air Force",2017,12,5,-7.8,0.416666666666667,0.631639194139194,-1.9,4,0.731639194139194
"1611","Troy Calhoun","Air Force",2018,12,5,-1.8,0.416666666666667,0.588644688644689,-1.88,5,1.20864468864469
"1612","Troy Calhoun","Air Force",2019,13,11,10.2,0.846153846153846,0.631562881562882,0.133333333333333,6,3.76489621489621
"1613","Troy Calhoun","Air Force",2020,6,3,4.7,0.5,0.612768184196756,0.785714285714286,7,4.89848246991104
"1614","Troy Calhoun","Air Force",2021,13,10,8.8,0.769230769230769,0.632326007326007,1.7875,8,6.41982600732601
"1615","Troy Calhoun","Air Force",2022,13,10,4.2,0.769230769230769,0.647537647537648,2.05555555555556,9,7.2030932030932
"1616","Troy Calhoun","Air Force",2023,13,9,1.1,0.692307692307692,0.652014652014652,1.96,10,7.61201465201465
"1617","Troy Calhoun","Air Force",2024,12,5,-11.5,0.416666666666667,0.630619380619381,0.736363636363636,11,6.86698301698302
"1618","Troy Calhoun","Air Force",2025,5,1,-11.9,0.2,0.594734432234432,-0.316666666666667,12,6.27806776556777
"1619","Troy Taylor","Stanford",2023,12,3,-5.5,0.25,0.25,-5.5,1,-4.75
"1620","Troy Taylor","Stanford",2024,12,3,-5.7,0.25,0.25,-5.6,2,-4.35
"1621","Turner Gill","Liberty",2018,12,6,-10.3,0.5,0.5,-10.3,1,-9.3
"1622","Tyson Helton","Western Kentucky",2019,13,9,0,0.692307692307692,0.692307692307692,0,1,1.19230769230769
"1623","Tyson Helton","Western Kentucky",2020,12,5,-10.2,0.416666666666667,0.55448717948718,-5.1,2,-3.54551282051282
"1624","Tyson Helton","Western Kentucky",2021,14,9,5,0.642857142857143,0.583943833943834,-1.73333333333333,3,0.350610500610501
"1625","Tyson Helton","Western Kentucky",2022,14,9,-0.1,0.642857142857143,0.598672161172161,-1.325,4,1.27367216117216
"1626","Tyson Helton","Western Kentucky",2023,13,8,-2.8,0.615384615384615,0.602014652014652,-1.62,5,1.48201465201465
"1627","Tyson Helton","Western Kentucky",2024,14,8,-5.4,0.571428571428571,0.596916971916972,-2.25,6,1.34691697191697
"1628","Tyson Helton","Western Kentucky",2025,6,5,-3.9,0.833333333,0.630690737785976,-2.48571428571429,7,1.64497645207169
"1629","Tyson Summers","Georgia Southern",2016,12,5,-7.8,0.416666666666667,0.416666666666667,-7.8,1,-6.88333333333333
"1630","Tyson Summers","Georgia Southern",2017,6,0,-17.4,0,0.208333333333333,-12.6,2,-11.3916666666667
"1631","Urban Meyer","Ohio State",2014,15,14,23.9,0.933333333333333,0.933333333333333,23.9,1,25.3333333333333
"1632","Urban Meyer","Ohio State",2015,13,12,21.9,0.923076923076923,0.928205128205128,22.9,2,24.8282051282051
"1633","Urban Meyer","Ohio State",2016,13,11,23.3,0.846153846153846,0.900854700854701,23.0333333333333,3,25.434188034188
"1634","Urban Meyer","Ohio State",2017,14,12,25.6,0.857142857142857,0.88992673992674,23.675,4,26.5649267399267
"1635","Urban Meyer","Ohio State",2018,11,10,18.1,0.909090909090909,0.893759573759574,22.56,5,25.9537595737596
"1636","Vai Taua","Nevada",2021,1,0,6.3,0,0,6.3,1,6.8
"1637","Walt Bell","Massachusetts",2019,12,1,-40.6,0.0833333333333333,0.0833333333333333,-40.6,1,-40.0166666666667
"1638","Walt Bell","Massachusetts",2020,4,0,-26.2,0,0.0416666666666667,-33.4,2,-32.3583333333333
"1639","Walt Bell","Massachusetts",2021,9,1,-19.7,0.111111111111111,0.0648148148148148,-28.8333333333333,3,-27.2685185185185
"1640","Will Hall","Southern Miss",2021,12,3,-19.1,0.25,0.25,-19.1,1,-18.35
"1641","Will Hall","Southern Miss",2022,13,7,-5.2,0.538461538461538,0.394230769230769,-12.15,2,-10.7557692307692
"1642","Will Hall","Southern Miss",2023,12,3,-13.1,0.25,0.346153846153846,-12.4666666666667,3,-10.6205128205128
"1643","Will Hall","Southern Miss",2024,7,1,-23.9,0.142857142857143,0.29532967032967,-15.325,4,-13.0296703296703
"1644","Will Healy","Charlotte",2019,13,7,-10.3,0.538461538461538,0.538461538461538,-10.3,1,-9.26153846153846
"1645","Will Healy","Charlotte",2020,6,2,-14.8,0.333333333333333,0.435897435897436,-12.55,2,-11.1141025641026
"1646","Will Healy","Charlotte",2021,12,5,-16.4,0.416666666666667,0.42948717948718,-13.8333333333333,3,-11.9038461538462
"1647","Will Healy","Charlotte",2022,8,1,-18.8,0.125,0.353365384615385,-15.075,4,-12.7216346153846
"1648","Will Muschamp","Florida",2014,11,6,9.6,0.545454545454545,0.545454545454545,9.6,1,10.6454545454545
"1649","Will Muschamp","South Carolina",2016,13,6,-2.8,0.461538461538462,0.503496503496504,3.4,2,4.9034965034965
"1650","Will Muschamp","South Carolina",2017,13,9,7.3,0.692307692307692,0.566433566433566,4.7,3,6.76643356643357
"1651","Will Muschamp","South Carolina",2018,13,7,9.7,0.538461538461538,0.559440559440559,5.95,4,8.50944055944056
"1652","Will Muschamp","South Carolina",2019,12,4,2.1,0.333333333333333,0.514219114219114,5.18,5,8.19421911421911
"1653","Will Muschamp","South Carolina",2020,7,2,-5.4,0.285714285714286,0.476134976134976,3.41666666666667,6,6.89280164280164
"1654","Willie Fritz","Georgia Southern",2014,12,9,-0.1,0.75,0.75,-0.1,1,1.15
"1655","Willie Fritz","Georgia Southern",2015,13,9,4,0.692307692307692,0.721153846153846,1.95,2,3.67115384615385
"1656","Willie Fritz","Tulane",2016,12,4,-10.3,0.333333333333333,0.591880341880342,-2.13333333333333,3,-0.0414529914529913
"1657","Willie Fritz","Tulane",2017,12,5,-3.6,0.416666666666667,0.548076923076923,-2.5,4,0.0480769230769229
"1658","Willie Fritz","Tulane",2018,13,7,-5.4,0.538461538461538,0.546153846153846,-3.08,5,-0.0338461538461541
"1659","Willie Fritz","Tulane",2019,13,7,4.7,0.538461538461538,0.544871794871795,-1.78333333333333,6,1.76153846153846
"1660","Willie Fritz","Tulane",2020,12,6,NA,0.5,0.538461538461538,NA,7,NA
"1661","Willie Fritz","Tulane",2021,12,2,-6.6,0.166666666666667,0.491987179487179,NA,8,NA
"1662","Willie Fritz","Tulane",2022,14,12,10.5,0.857142857142857,0.532560032560032,NA,9,NA
"1663","Willie Fritz","Tulane",2023,13,11,2,0.846153846153846,0.563919413919414,NA,10,NA
"1664","Willie Fritz","Houston",2024,12,4,-2,0.333333333333333,0.542957042957043,NA,11,NA
"1665","Willie Fritz","Houston",2025,6,4,5.1,0.666666667,0.553266178293956,NA,12,NA
"1666","Willie Simmons","Florida International",2025,5,2,-19.3,0.4,0.4,-19.3,1,-18.4
"1667","Willie Taggart","South Florida",2014,12,4,-14.9,0.333333333333333,0.333333333333333,-14.9,1,-14.0666666666667
"1668","Willie Taggart","South Florida",2015,13,8,8.4,0.615384615384615,0.474358974358974,-3.25,2,-1.77564102564103
"1669","Willie Taggart","South Florida",2016,12,10,7.2,0.833333333333333,0.594017094017094,0.233333333333333,3,2.32735042735043
"1670","Willie Taggart","Oregon",2017,13,7,4.6,0.538461538461538,0.580128205128205,1.325,4,3.90512820512821
"1671","Willie Taggart","Florida State",2018,12,5,-2.8,0.416666666666667,0.547435897435897,0.5,5,3.5474358974359
"1672","Willie Taggart","Florida State",2019,9,4,0.2,0.444444444444444,0.530270655270655,0.45,6,3.98027065527066
"1673","Willie Taggart","Florida Atlantic",2020,9,5,-8.2,0.555555555555556,0.533882783882784,-0.785714285714286,7,3.2481684981685
"1674","Willie Taggart","Florida Atlantic",2021,12,5,-7.6,0.416666666666667,0.519230769230769,-1.6375,8,2.88173076923077
"1675","Willie Taggart","Florida Atlantic",2022,12,5,-5.9,0.416666666666667,0.507834757834758,-2.11111111111111,9,2.89672364672365
"1676","Zach Arnett","Mississippi State",2022,1,1,13.1,1,1,13.1,1,14.6
"1677","Zach Arnett","Mississippi State",2023,10,4,-1.7,0.4,0.7,5.7,2,7.4
"1678","Zach Kittley","Florida Atlantic",2025,5,2,-16.9,0.4,0.4,-16.9,1,-16
