"Year","TeamId","Team","Classification","Conference","Division","ExpectedWins","Total Games","Total Wins","Total Losses","Total Ties","ConferenceGames Games","ConferenceGames Wins","ConferenceGames Losses","ConferenceGames Ties","HomeGames Games","HomeGames Wins","HomeGames Losses","HomeGames Ties","AwayGames Games","AwayGames Wins","AwayGames Losses","AwayGames Ties","NeutralSiteGames Games","NeutralSiteGames Wins","NeutralSiteGames Losses","NeutralSiteGames Ties","RegularSeason Games","RegularSeason Wins","RegularSeason Losses","RegularSeason Ties","Postseason Games","Postseason Wins","Postseason Losses","Postseason Ties"
"2025","2657","Tuskegee","ii","SIAC","","0.011159360408782959","6","2","4","0","4","1","3","0","2","1","1","0","2","0","2","0","2","1","1","0","6","2","4","0","0","0","0","0"
"2025","375","St. Scholastica","iii","Minnesota","","","5","2","3","0","4","1","3","0","3","1","2","0","2","1","1","0","0","0","0","0","5","2","3","0","0","0","0","0"
"2025","2256","Greensboro College","iii","USA South","","0.00584256649017334","5","1","4","0","2","0","2","0","2","0","2","0","3","1","2","0","0","0","0","0","5","1","4","0","0","0","0","0"
"2025","2951","SUNY Maritime","iii","NEWMAC","","","6","3","3","0","3","1","2","0","2","1","1","0","4","2","2","0","0","0","0","0","6","3","3","0","0","0","0","0"
"2025","252","BYU","fbs","Big 12","","5.470164579339325","6","6","0","0","3","3","0","0","3","3","0","0","3","3","0","0","0","0","0","0","6","6","0","0","0","0","0","0"
"2025","2460","Northern Iowa","fcs","MVFC","","1.9486789712682366","6","2","4","0","2","0","2","0","3","2","1","0","3","0","3","0","0","0","0","0","6","2","4","0","0","0","0","0"
"2025","275","Wisconsin","fbs","Big Ten","","2.255897581577301","6","2","4","0","3","0","3","0","4","2","2","0","2","0","2","0","0","0","0","0","6","2","4","0","0","0","0","0"
"2025","2433","UL Monroe","fbs","Sun Belt","West","3.0661664344370365","6","3","3","0","2","1","1","0","2","2","0","0","4","1","3","0","0","0","0","0","6","3","3","0","0","0","0","0"
"2025","2817","Minnesota State Moorhead","ii","Northern Sun","","","7","5","2","0","6","4","2","0","3","2","1","0","4","3","1","0","0","0","0","0","7","5","2","0","0","0","0","0"
"2025","2198","Eastern Kentucky","fcs","UAC","","2.3925188183784485","6","3","3","0","2","1","1","0","3","3","0","0","3","0","3","0","0","0","0","0","6","3","3","0","0","0","0","0"
"2025","2222","Ferris State","ii","GLIAC","","","6","6","0","0","2","2","0","0","4","4","0","0","2","2","0","0","0","0","0","0","6","6","0","0","0","0","0","0"
"2025","2210","Elon","fcs","CAA","","4.21647385507822","7","4","3","0","3","2","1","0","3","2","1","0","4","2","2","0","0","0","0","0","7","4","3","0","0","0","0","0"
"2025","398","Wilkes","iii","Landmark Conference","","","6","4","2","0","2","2","0","0","3","2","1","0","3","2","1","0","0","0","0","0","6","4","2","0","0","0","0","0"
"2025","2802","Bethel (MN)","iii","Minnesota","","","5","5","0","0","4","4","0","0","2","2","0","0","3","3","0","0","0","0","0","0","5","5","0","0","0","0","0","0"
"2025","2614","Saint Vincent","iii","Presidents'","","","6","2","4","0","3","1","2","0","3","1","2","0","3","1","2","0","0","0","0","0","6","2","4","0","0","0","0","0"
"2025","352","Kenyon","iii","North Coast","","","5","1","4","0","2","1","1","0","2","0","2","0","3","1","2","0","0","0","0","0","5","1","4","0","0","0","0","0"
"2025","48","Delaware","fbs","Conference USA","","2.288790389895439","5","3","2","0","2","1","1","0","3","2","1","0","2","1","1","0","0","0","0","0","5","3","2","0","0","0","0","0"
"2025","2362","Manchester","iii","Heartland","","","5","0","5","0","1","0","1","0","3","0","3","0","2","0","2","0","0","0","0","0","5","0","5","0","0","0","0","0"
"2025","2551","Shaw","ii","CIAA","Southern","","6","2","4","0","4","2","2","0","3","1","2","0","3","1","2","0","0","0","0","0","6","2","4","0","0","0","0","0"
"2025","63","Buena Vista","iii","American Rivers","","","5","2","3","0","3","1","2","0","3","2","1","0","2","0","2","0","0","0","0","0","5","2","3","0","0","0","0","0"
"2025","324","Coastal Carolina","fbs","Sun Belt","East","2.8490742817521095","6","3","3","0","3","2","1","0","3","2","1","0","3","1","2","0","0","0","0","0","6","3","3","0","0","0","0","0"
"2025","2674","Valparaiso","fcs","Pioneer","","1.2768930792808533","6","1","5","0","2","0","2","0","3","1","2","0","3","0","3","0","0","0","0","0","6","1","5","0","0","0","0","0"
"2025","2919","Monmouth (IL)","iii","Midwest","","","5","4","1","0","4","4","0","0","2","2","0","0","3","2","1","0","0","0","0","0","5","4","1","0","0","0","0","0"
"2025","265","Washington State","fbs","Pac-12","","2.2023463882505894","6","3","3","0","0","0","0","0","3","2","1","0","3","1","2","0","0","0","0","0","6","3","3","0","0","0","0","0"
"2025","154","Wake Forest","fbs","ACC","","4.275142095983028","6","4","2","0","3","1","2","0","4","2","2","0","2","2","0","0","0","0","0","0","6","4","2","0","0","0","0","0"
"2025","2141","Coe College","iii","American Rivers","","","6","4","2","0","4","3","1","0","2","2","0","0","4","2","2","0","0","0","0","0","6","4","2","0","0","0","0","0"
"2025","2424","New Mexico Highlands","ii","Rocky Mountain","","","6","3","3","0","4","1","3","0","3","2","1","0","3","1","2","0","0","0","0","0","6","3","3","0","0","0","0","0"
"2025","2738","Wisconsin-Eau Claire","iii","Wisconsin","","","5","3","2","0","2","0","2","0","3","2","1","0","2","1","1","0","0","0","0","0","5","3","2","0","0","0","0","0"
"2025","75","North Park","iii","CCIW","","","5","2","3","0","4","1","3","0","2","1","1","0","3","1","2","0","0","0","0","0","5","2","3","0","0","0","0","0"
"2025","2323","Lane College","ii","SIAC","","0.03832894563674927","6","0","6","0","4","0","4","0","3","0","3","0","3","0","3","0","0","0","0","0","6","0","6","0","0","0","0","0"
"2025","2415","Morgan State","fcs","MEAC","","3.9806304574012756","7","3","4","0","0","0","0","0","3","2","1","0","3","0","3","0","1","1","0","0","7","3","4","0","0","0","0","0"
"2025","2400","Mississippi Valley State","fcs","SWAC","East","0.5892335176467896","5","0","5","0","3","0","3","0","2","0","2","0","3","0","3","0","0","0","0","0","5","0","5","0","0","0","0","0"
"2025","284","Stonehill","fcs","NEC","","2.163110598921776","6","2","4","0","2","1","1","0","3","1","2","0","3","1","2","0","0","0","0","0","6","2","4","0","0","0","0","0"
"2025","2382","Mercer","fcs","Southern","","5.0609416626393795","6","5","1","0","4","4","0","0","3","2","1","0","3","3","0","0","0","0","0","0","6","5","1","0","0","0","0","0"
"2025","210","Millersville","ii","Pennsylvania State Athletic","Eastern","","6","0","6","0","4","0","4","0","4","0","4","0","2","0","2","0","0","0","0","0","6","0","6","0","0","0","0","0"
"2025","2262","Hanover College","iii","Heartland","","0","5","3","2","0","2","2","0","0","1","0","1","0","4","3","1","0","0","0","0","0","5","3","2","0","0","0","0","0"
"2025","61","Georgia","fbs","SEC","","3.8957314044237137","6","5","1","0","4","3","1","0","4","3","1","0","2","2","0","0","0","0","0","0","6","5","1","0","0","0","0","0"
"2025","272","Wisconsin-Platteville","iii","Wisconsin","","","5","4","1","0","2","1","1","0","2","2","0","0","3","2","1","0","0","0","0","0","5","4","1","0","0","0","0","0"
"2025","2261","Hampton","fcs","CAA","","2.1567725613713264","7","2","5","0","3","0","3","0","3","2","1","0","3","0","3","0","1","0","1","0","7","2","5","0","0","0","0","0"
"2025","2233","Franklin","iii","Heartland","","","5","2","3","0","1","0","1","0","3","1","2","0","2","1","1","0","0","0","0","0","5","2","3","0","0","0","0","0"
"2025","30","USC","fbs","Big Ten","","5.218744896352291","6","5","1","0","4","3","1","0","4","4","0","0","2","1","1","0","0","0","0","0","6","5","1","0","0","0","0","0"
"2025","2364","Minnesota State Mankato","ii","Northern Sun","","","7","6","1","0","5","4","1","0","4","4","0","0","2","1","1","0","1","1","0","0","7","6","1","0","0","0","0","0"
"2025","166","New Mexico State","fbs","Conference USA","","2.700057029724121","5","3","2","0","2","1","1","0","3","3","0","0","2","0","2","0","0","0","0","0","5","3","2","0","0","0","0","0"
"2025","2318","La Verne","iii","So. Cal.","","","4","0","4","0","3","0","3","0","3","0","3","0","1","0","1","0","0","0","0","0","4","0","4","0","0","0","0","0"
"2025","221","Pittsburgh","fbs","ACC","","4.31644880771637","6","4","2","0","3","2","1","0","4","3","1","0","2","1","1","0","0","0","0","0","6","4","2","0","0","0","0","0"
"2025","98","Western Kentucky","fbs","Conference USA","","4.515176840126514","6","5","1","0","3","3","0","0","3","3","0","0","3","2","1","0","0","0","0","0","6","5","1","0","0","0","0","0"
"2025","233","South Dakota","fcs","MVFC","","3.482099696993828","7","4","3","0","3","2","1","0","3","3","0","0","4","1","3","0","0","0","0","0","7","4","3","0","0","0","0","0"
"2025","2532","Salisbury","iii","New Jersey","","","5","5","0","0","2","2","0","0","2","2","0","0","3","3","0","0","0","0","0","0","5","5","0","0","0","0","0","0"
"2025","301","San Diego","fcs","Pioneer","","2.3223869390785694","7","3","4","0","3","1","2","0","4","2","2","0","3","1","2","0","0","0","0","0","7","3","4","0","0","0","0","0"
"2025","57","Florida","fbs","SEC","","2.591913640499115","6","2","4","0","3","1","2","0","3","2","1","0","3","0","3","0","0","0","0","0","6","2","4","0","0","0","0","0"
"2025","2754","Youngstown State","fcs","MVFC","","1.786344051361084","6","3","3","0","2","0","2","0","3","2","1","0","3","1","2","0","0","0","0","0","6","3","3","0","0","0","0","0"
"2025","2168","Dayton","fcs","Pioneer","","4.699332747608423","6","5","1","0","3","3","0","0","2","2","0","0","4","3","1","0","0","0","0","0","6","5","1","0","0","0","0","0"
"2025","2060","Bentley","ii","Northeast 10","","0.005258023738861084","6","3","3","0","4","3","1","0","3","1","2","0","3","2","1","0","0","0","0","0","6","3","3","0","0","0","0","0"
"2025","2127","Charleston Southern","fcs","Big South-OVC","","1.4951090514659882","7","1","6","0","3","0","3","0","3","1","2","0","4","0","4","0","0","0","0","0","7","1","6","0","0","0","0","0"
"2025","266","Beloit","iii","Midwest","","","5","0","5","0","4","0","4","0","2","0","2","0","3","0","3","0","0","0","0","0","5","0","5","0","0","0","0","0"
"2025","2220","Fayetteville State","ii","CIAA","Southern","0","7","4","3","0","4","4","0","0","2","2","0","0","5","2","3","0","0","0","0","0","7","4","3","0","0","0","0","0"
"2025","247","Kings College (PA)","iii","Mid Atlantic","","","5","2","3","0","4","2","2","0","2","1","1","0","3","1","2","0","0","0","0","0","5","2","3","0","0","0","0","0"
"2025","184","University of Rochester (NY)","iii","Liberty League","","","6","4","2","0","2","0","2","0","4","3","1","0","2","1","1","0","0","0","0","0","6","4","2","0","0","0","0","0"
"2025","424","Capital","iii","Ohio","","","5","2","3","0","3","0","3","0","3","1","2","0","2","1","1","0","0","0","0","0","5","2","3","0","0","0","0","0"
"2025","36","Colorado State","fbs","Mountain West","","2.7898743860423565","6","2","4","0","2","1","1","0","4","2","2","0","2","0","2","0","0","0","0","0","6","2","4","0","0","0","0","0"
"2025","2441","New Haven","fcs","NEC","","3.080528736114502","7","4","3","0","0","0","0","0","3","3","0","0","4","1","3","0","0","0","0","0","7","4","3","0","0","0","0","0"
"2025","2393","Middle Tennessee","fbs","Conference USA","","1.185462225228548","6","1","5","0","2","0","2","0","3","0","3","0","3","1","2","0","0","0","0","0","6","1","5","0","0","0","0","0"
"2025","236","Chattanooga","fcs","Southern","","1.9711742727085948","6","2","4","0","2","1","1","0","2","1","1","0","4","1","3","0","0","0","0","0","6","2","4","0","0","0","0","0"
"2025","2686","Washington & Jefferson","iii","Presidents'","","","5","3","2","0","2","2","0","0","2","1","1","0","3","2","1","0","0","0","0","0","5","3","2","0","0","0","0","0"
"2025","437","Lake Erie","ii","Great Midwest Athletic","","","6","1","5","0","4","1","3","0","4","0","4","0","2","1","1","0","0","0","0","0","6","1","5","0","0","0","0","0"
"2025","2466","Northwestern State","fcs","Southland","","1.1712809158489108","6","1","5","0","2","0","2","0","2","1","1","0","4","0","4","0","0","0","0","0","6","1","5","0","0","0","0","0"
"2025","193","Miami (OH)","fbs","Mid-American","","2.9695256277918816","6","3","3","0","2","2","0","0","2","1","1","0","4","2","2","0","0","0","0","0","6","3","3","0","0","0","0","0"
"2025","2106","Carthage","iii","CCIW","","","5","2","3","0","4","1","3","0","2","0","2","0","3","2","1","0","0","0","0","0","5","2","3","0","0","0","0","0"
"2025","2385","Mercyhurst","fcs","NEC","","1.5710084587335587","7","3","4","0","2","2","0","0","2","2","0","0","5","1","4","0","0","0","0","0","7","3","4","0","0","0","0","0"
"2025","111674","Reading","iii","Mid Atlantic","","","5","0","5","0","4","0","4","0","3","0","3","0","1","0","1","0","1","0","1","0","5","0","5","0","0","0","0","0"
"2025","32","Carroll University (WI)","iii","CCIW","","","5","2","3","0","4","2","2","0","2","1","1","0","3","1","2","0","0","0","0","0","5","2","3","0","0","0","0","0"
"2025","126","Kalamazoo","iii","Michigan","","","5","3","2","0","2","0","2","0","3","2","1","0","2","1","1","0","0","0","0","0","5","3","2","0","0","0","0","0"
"2025","2047","Averett","iii","Old Dominion","","","5","0","5","0","2","0","2","0","2","0","2","0","3","0","3","0","0","0","0","0","5","0","5","0","0","0","0","0"
"2025","2822","North Greenville","ii","Carolinas","","","6","3","3","0","5","2","3","0","3","1","2","0","3","2","1","0","0","0","0","0","6","3","3","0","0","0","0","0"
"2025","2333","Lewis & Clark College","iii","Northwest","","","5","5","0","0","4","4","0","0","2","2","0","0","3","3","0","0","0","0","0","0","5","5","0","0","0","0","0","0"
"2025","62","Hawai'i","fbs","Mountain West","","3.700375109910965","7","5","2","0","3","2","1","0","5","4","1","0","2","1","1","0","0","0","0","0","7","5","2","0","0","0","0","0"
"2025","365","Alfred University","iii","Empire 8","","","5","3","2","0","2","1","1","0","3","2","1","0","2","1","1","0","0","0","0","0","5","3","2","0","0","0","0","0"
"2025","2316","Kentucky Wesleyan","ii","Great Midwest Athletic","","","6","0","6","0","4","0","4","0","4","0","4","0","1","0","1","0","1","0","1","0","6","0","6","0","0","0","0","0"
"2025","391","Oberlin","iii","North Coast","","","6","0","6","0","4","0","4","0","3","0","3","0","3","0","3","0","0","0","0","0","6","0","6","0","0","0","0","0"
"2025","311","Maine","fcs","CAA","","3.449830980040133","7","3","4","0","3","2","1","0","2","1","1","0","5","2","3","0","0","0","0","0","7","3","4","0","0","0","0","0"
"2025","200","Southern Nazarene","ii","Great American","","","6","1","5","0","6","1","5","0","3","0","3","0","3","1","2","0","0","0","0","0","6","1","5","0","0","0","0","0"
"2025","197","Oklahoma State","fbs","Big 12","","1.117757061496377","6","1","5","0","3","0","3","0","4","1","3","0","2","0","2","0","0","0","0","0","6","1","5","0","0","0","0","0"
"2025","2587","Southwest Minnesota State","ii","Northern Sun","","","6","1","5","0","5","0","5","0","3","0","3","0","2","0","2","0","1","1","0","0","6","1","5","0","0","0","0","0"
"2025","6","South Alabama","fbs","Sun Belt","West","1.6562490686774254","6","1","5","0","2","0","2","0","3","1","2","0","3","0","3","0","0","0","0","0","6","1","5","0","0","0","0","0"
"2025","2582","Southern","fcs","SWAC","West","1.2688446193933487","6","1","5","0","4","1","3","0","2","0","2","0","3","1","2","0","1","0","1","0","6","1","5","0","0","0","0","0"
"2025","215","Slippery Rock","ii","Pennsylvania State Athletic","Western","","6","4","2","0","5","3","2","0","3","2","1","0","2","1","1","0","1","1","0","0","6","4","2","0","0","0","0","0"
"2025","83","Depauw","iii","North Coast","","","5","5","0","0","3","3","0","0","2","2","0","0","3","3","0","0","0","0","0","0","5","5","0","0","0","0","0","0"
"2025","59","Georgia Tech","fbs","ACC","","4.212820395827293","6","6","0","0","3","3","0","0","4","4","0","0","2","2","0","0","0","0","0","0","6","6","0","0","0","0","0","0"
"2025","2383","Merchant Marine Academy","iii","NEWMAC","","","5","4","1","0","3","2","1","0","3","2","1","0","2","2","0","0","0","0","0","0","5","4","1","0","0","0","0","0"
"2025","150","Duke","fbs","ACC","","4.28418340254575","6","4","2","0","3","3","0","0","3","2","1","0","3","2","1","0","0","0","0","0","6","4","2","0","0","0","0","0"
"2025","348","Hamilton","iii","NESCAC","","","5","1","4","0","5","1","4","0","3","1","2","0","2","0","2","0","0","0","0","0","5","1","4","0","0","0","0","0"
"2025","135","Minnesota","fbs","Big Ten","","3.098553240299225","6","4","2","0","3","2","1","0","4","4","0","0","2","0","2","0","0","0","0","0","6","4","2","0","0","0","0","0"
"2025","218","Temple","fbs","American Athletic","","3.339613527059555","6","3","3","0","2","1","1","0","4","2","2","0","2","1","1","0","0","0","0","0","6","3","3","0","0","0","0","0"
"2025","2071","Bloomsburg","ii","Pennsylvania State Athletic","Eastern","","6","1","5","0","5","1","4","0","2","1","1","0","4","0","4","0","0","0","0","0","6","1","5","0","0","0","0","0"
"2025","132","Bemidji State","ii","Northern Sun","","","7","2","5","0","6","2","4","0","3","1","2","0","4","1","3","0","0","0","0","0","7","2","5","0","0","0","0","0"
"2025","2506","Presbyterian","fcs","Pioneer","","5.1269799172878265","6","6","0","0","2","2","0","0","3","3","0","0","3","3","0","0","0","0","0","0","6","6","0","0","0","0","0","0"
"2025","2280","Husson","iii","Commonwealth Coast","","","5","1","4","0","2","0","2","0","2","0","2","0","3","1","2","0","0","0","0","0","5","1","4","0","0","0","0","0"
"2025","2894","Sioux Falls","ii","Northern Sun","","","7","4","3","0","6","3","3","0","3","1","2","0","4","3","1","0","0","0","0","0","7","4","3","0","0","0","0","0"
"2025","304","Idaho State","fcs","Big Sky","","1.6010020971298218","7","2","5","0","3","1","2","0","2","1","1","0","5","1","4","0","0","0","0","0","7","2","5","0","0","0","0","0"
"2025","249","North Texas","fbs","American Athletic","","4.103224967606366","6","5","1","0","2","1","1","0","4","3","1","0","2","2","0","0","0","0","0","0","6","5","1","0","0","0","0","0"
"2025","219","Pennsylvania","fcs","Ivy","","2.4966898262500763","4","3","1","0","1","1","0","0","2","2","0","0","2","1","1","0","0","0","0","0","4","3","1","0","0","0","0","0"
"2025","411","Chapman","iii","So. Cal.","","","5","3","2","0","3","3","0","0","3","2","1","0","2","1","1","0","0","0","0","0","5","3","2","0","0","0","0","0"
"2025","2151","Concordia University Chicago","iii","NACC","","","5","3","2","0","3","1","2","0","3","2","1","0","2","1","1","0","0","0","0","0","5","3","2","0","0","0","0","0"
"2025","191","Heidelberg","iii","Ohio","","","5","3","2","0","3","2","1","0","3","2","1","0","2","1","1","0","0","0","0","0","5","3","2","0","0","0","0","0"
"2025","2097","Campbell","fcs","CAA","","2.613040430471301","7","2","5","0","3","2","1","0","3","1","2","0","4","1","3","0","0","0","0","0","7","2","5","0","0","0","0","0"
"2025","297","Hampden-Sydney","iii","Old Dominion","","","5","4","1","0","3","2","1","0","3","2","1","0","2","2","0","0","0","0","0","0","5","4","1","0","0","0","0","0"
"2025","2403","Missouri Southern State","ii","Mid America","","","6","2","4","0","4","0","4","0","3","1","2","0","3","1","2","0","0","0","0","0","6","2","4","0","0","0","0","0"
"2025","23","San José State","fbs","Mountain West","","2.676718980073929","6","2","4","0","2","1","1","0","3","2","1","0","3","0","3","0","0","0","0","0","6","2","4","0","0","0","0","0"
"2025","2640","Texas Southern","fcs","SWAC","West","2.98897448182106","6","3","3","0","4","3","1","0","3","1","2","0","3","2","1","0","0","0","0","0","6","3","3","0","0","0","0","0"
"2025","2392","Michigan Tech","ii","GLIAC","","","6","5","1","0","2","2","0","0","2","1","1","0","4","4","0","0","0","0","0","0","6","5","1","0","0","0","0","0"
"2025","333","Alabama","fbs","SEC","","4.141115888953209","6","5","1","0","3","3","0","0","3","3","0","0","3","2","1","0","0","0","0","0","6","5","1","0","0","0","0","0"
"2025","12","Arizona","fbs","Big 12","","3.9464188665151596","6","4","2","0","3","1","2","0","5","4","1","0","1","0","1","0","0","0","0","0","6","4","2","0","0","0","0","0"
"2025","55","Jacksonville State","fbs","Conference USA","","2.7410380840301514","6","3","3","0","2","2","0","0","2","2","0","0","3","0","3","0","1","1","0","0","6","3","3","0","0","0","0","0"
"2025","2001","Adams State","ii","Rocky Mountain","","","6","0","6","0","4","0","4","0","3","0","3","0","3","0","3","0","0","0","0","0","6","0","6","0","0","0","0","0"
"2025","2304","Johnson C Smith","ii","CIAA","Southern","","6","5","1","0","4","3","1","0","2","2","0","0","3","2","1","0","1","1","0","0","6","5","1","0","0","0","0","0"
"2025","2633","Tennessee","fbs","SEC","","5.290241897106171","6","5","1","0","3","2","1","0","4","3","1","0","1","1","0","0","1","1","0","0","6","5","1","0","0","0","0","0"
"2025","2005","Air Force","fbs","Mountain West","","2.3708471208810806","6","1","5","0","4","0","4","0","3","1","2","0","3","0","3","0","0","0","0","0","6","1","5","0","0","0","0","0"
"2025","2166","Davidson","fcs","Pioneer","","1.1354571301490068","6","1","5","0","2","0","2","0","3","1","2","0","3","0","3","0","0","0","0","0","6","1","5","0","0","0","0","0"
"2025","322","Lafayette","fcs","Patriot","","4.484209485352039","7","5","2","0","3","3","0","0","4","3","1","0","3","2","1","0","0","0","0","0","7","5","2","0","0","0","0","0"
"2025","8","Arkansas","fbs","SEC","","3.1103921458125114","6","2","4","0","2","0","2","0","2","1","1","0","3","0","3","0","1","1","0","0","6","2","4","0","0","0","0","0"
"2025","122774","Keystone","iii","Independent DIII","","","2","1","1","0","0","0","0","0","1","0","1","0","1","1","0","0","0","0","0","0","2","1","1","0","0","0","0","0"
"2025","2804","Chowan","ii","Carolinas","","","6","2","4","0","5","1","4","0","4","1","3","0","2","1","1","0","0","0","0","0","6","2","4","0","0","0","0","0"
"2025","143","Washington University (St. Louis)","iii","CCIW","","","5","4","1","0","4","3","1","0","3","2","1","0","2","2","0","0","0","0","0","0","5","4","1","0","0","0","0","0"
"2025","2823","Northwestern Oklahoma State","ii","Great American","","","6","0","6","0","6","0","6","0","3","0","3","0","3","0","3","0","0","0","0","0","6","0","6","0","0","0","0","0"
"2025","3111","Apprentice School","iii","Independent DIII","","","3","0","3","0","0","0","0","0","1","0","1","0","2","0","2","0","0","0","0","0","3","0","3","0","0","0","0","0"
"2025","2224","Findlay","ii","Great Midwest Athletic","","","6","6","0","0","4","4","0","0","4","4","0","0","2","2","0","0","0","0","0","0","6","6","0","0","0","0","0","0"
"2025","2571","South Dakota State","fcs","MVFC","","4.456055521965027","6","6","0","0","2","2","0","0","4","4","0","0","2","2","0","0","0","0","0","0","6","6","0","0","0","0","0","0"
"2025","2042","Augustana (IL)","iii","CCIW","","","5","4","1","0","4","3","1","0","2","1","1","0","3","3","0","0","0","0","0","0","5","4","1","0","0","0","0","0"
"2025","471","Stevenson","iii","Mid Atlantic","","","5","4","1","0","4","3","1","0","2","1","1","0","3","3","0","0","0","0","0","0","5","4","1","0","0","0","0","0"
"2025","2426","Navy","fbs","American Athletic","","4.971190235577524","6","6","0","0","4","4","0","0","4","4","0","0","2","2","0","0","0","0","0","0","6","6","0","0","0","0","0","0"
"2025","138","Northwest Missouri St","ii","Mid America","","","6","5","1","0","4","4","0","0","2","2","0","0","4","3","1","0","0","0","0","0","6","5","1","0","0","0","0","0"
"2025","2830","St. Anselm","ii","Northeast 10","","","6","4","2","0","5","4","1","0","2","2","0","0","4","2","2","0","0","0","0","0","6","4","2","0","0","0","0","0"
"2025","56","Stetson","fcs","Pioneer","","3.218687880784273","7","3","4","0","3","2","1","0","5","3","2","0","2","0","2","0","0","0","0","0","7","3","4","0","0","0","0","0"
"2025","349","Army","fbs","American Athletic","","3.7005728241056204","6","3","3","0","4","2","2","0","3","1","2","0","3","2","1","0","0","0","0","0","6","3","3","0","0","0","0","0"
"2025","3071","North Central College","iii","CCIW","","","5","5","0","0","4","4","0","0","4","4","0","0","1","1","0","0","0","0","0","0","5","5","0","0","0","0","0","0"
"2025","2781","Brockport","iii","Empire 8","","","5","3","2","0","2","1","1","0","2","2","0","0","3","1","2","0","0","0","0","0","5","3","2","0","0","0","0","0"
"2025","2810","Hardin-Simmons","iii","American Southwest","","","5","5","0","0","2","2","0","0","4","4","0","0","1","1","0","0","0","0","0","0","5","5","0","0","0","0","0","0"
"2025","2528","Rensselaer","iii","Liberty League","","","6","5","1","0","3","3","0","0","3","3","0","0","3","2","1","0","0","0","0","0","6","5","1","0","0","0","0","0"
"2025","2442","College Of New Jersey","iii","New Jersey","","","5","4","1","0","2","1","1","0","3","3","0","0","2","1","1","0","0","0","0","0","5","4","1","0","0","0","0","0"
"2025","2649","Toledo","fbs","Mid-American","","3.8991335332393646","6","3","3","0","3","1","2","0","3","3","0","0","3","0","3","0","0","0","0","0","6","3","3","0","0","0","0","0"
"2025","2655","Tulane","fbs","American Athletic","","4.379241157323122","6","5","1","0","2","2","0","0","3","3","0","0","3","2","1","0","0","0","0","0","6","5","1","0","0","0","0","0"
"2025","2065","Bethune-Cookman","fcs","SWAC","East","2.3627198338508606","7","3","4","0","3","2","1","0","3","3","0","0","4","0","4","0","0","0","0","0","7","3","4","0","0","0","0","0"
"2025","290","Georgia Southern","fbs","Sun Belt","East","2.1929004937410355","6","2","4","0","2","0","2","0","3","2","1","0","3","0","3","0","0","0","0","0","6","2","4","0","0","0","0","0"
"2025","2302","John Carroll University","iii","Ohio","","","6","5","1","0","0","0","0","0","2","2","0","0","4","3","1","0","0","0","0","0","6","5","1","0","0","0","0","0"
"2025","2658","Texas A&M-Kingsville","ii","Lone Star","","","6","3","3","0","4","2","2","0","3","2","1","0","3","1","2","0","0","0","0","0","6","3","3","0","0","0","0","0"
"2025","309","Louisiana","fbs","Sun Belt","West","1.6220762953162193","6","2","4","0","2","1","1","0","3","2","1","0","3","0","3","0","0","0","0","0","6","2","4","0","0","0","0","0"
"2025","2808","Delaware Valley","iii","Mid Atlantic","","","5","2","3","0","4","2","2","0","3","1","2","0","2","1","1","0","0","0","0","0","5","2","3","0","0","0","0","0"
"2025","2359","Macalester","iii","Minnesota","","","5","2","3","0","4","1","3","0","1","1","0","0","4","1","3","0","0","0","0","0","5","2","3","0","0","0","0","0"
"2025","122666","Wilson","ii","Carolinas","","","6","1","5","0","0","0","0","0","2","0","2","0","4","1","3","0","0","0","0","0","6","1","5","0","0","0","0","0"
"2025","2827","Rowan","iii","New Jersey","","","5","3","1","1","2","1","1","0","3","1","1","1","2","2","0","0","0","0","0","0","5","3","1","1","0","0","0","0"
"2025","2122","Central Oklahoma","ii","Mid America","","","6","3","3","0","5","3","2","0","3","2","1","0","3","1","2","0","0","0","0","0","6","3","3","0","0","0","0","0"
"2025","7","Amherst","iii","NESCAC","","","5","4","1","0","5","4","1","0","2","2","0","0","3","2","1","0","0","0","0","0","5","4","1","0","0","0","0","0"
"2025","16","Sacramento State","fcs","Big Sky","","3.6139169335365295","6","3","3","0","2","1","1","0","3","2","1","0","3","1","2","0","0","0","0","0","6","3","3","0","0","0","0","0"
"2025","2667","Ursinus","iii","Centennial","","","5","4","1","0","2","1","1","0","2","2","0","0","3","2","1","0","0","0","0","0","5","4","1","0","0","0","0","0"
"2025","2038","Assumption","ii","Northeast 10","","","5","4","1","0","4","4","0","0","2","2","0","0","3","2","1","0","0","0","0","0","5","4","1","0","0","0","0","0"
"2025","183","Syracuse","fbs","ACC","","2.23854012042284","6","3","3","0","3","1","2","0","3","2","1","0","2","1","1","0","1","0","1","0","6","3","3","0","0","0","0","0"
"2025","2291","Indiana-Pennsylvania","ii","Pennsylvania State Athletic","Western","","5","4","1","0","4","4","0","0","4","3","1","0","1","1","0","0","0","0","0","0","5","4","1","0","0","0","0","0"
"2025","2824","Oklahoma Panhandle St","ii","Independent DII","","","1","0","1","0","0","0","0","0","0","0","0","0","1","0","1","0","0","0","0","0","1","0","1","0","0","0","0","0"
"2025","93","Murray State","fcs","MVFC","","0.13677115738391876","6","0","6","0","2","0","2","0","2","0","2","0","4","0","4","0","0","0","0","0","6","0","6","0","0","0","0","0"
"2025","87","Notre Dame","fbs","FBS Independents","","4.294386513531208","6","4","2","0","0","0","0","0","4","3","1","0","2","1","1","0","0","0","0","0","6","4","2","0","0","0","0","0"
"2025","159","Dartmouth","fcs","Ivy","","2.387320041656494","4","3","1","0","2","1","1","0","2","2","0","0","2","1","1","0","0","0","0","0","4","3","1","0","0","0","0","0"
"2025","163","Princeton","fcs","Ivy","","2.107994755730033","4","2","2","0","1","1","0","0","3","1","2","0","1","1","0","0","0","0","0","0","4","2","2","0","0","0","0","0"
"2025","2851","Winona State","ii","Northern Sun","","","7","3","4","0","7","3","4","0","4","3","1","0","3","0","3","0","0","0","0","0","7","3","4","0","0","0","0","0"
"2025","2815","Lindenwood","fcs","Big South-OVC","","2.4984912276268005","6","3","3","0","2","2","0","0","2","2","0","0","4","1","3","0","0","0","0","0","6","3","3","0","0","0","0","0"
"2025","2102","Carnegie Mellon","iii","Presidents'","","","5","3","2","0","0","0","0","0","3","2","1","0","2","1","1","0","0","0","0","0","5","3","2","0","0","0","0","0"
"2025","2395","Midwestern State","ii","Lone Star","","","6","2","4","0","4","2","2","0","3","1","2","0","3","1","2","0","0","0","0","0","6","2","4","0","0","0","0","0"
"2025","129","Saginaw Valley State","ii","GLIAC","","0.19291424751281738","6","3","3","0","2","2","0","0","5","3","2","0","1","0","1","0","0","0","0","0","6","3","3","0","0","0","0","0"
"2025","101161","LYONCOLL","iii","Southern Collegiate Athletic","","","5","1","3","1","1","0","1","0","1","1","0","0","3","0","2","1","1","0","1","0","5","1","3","1","0","0","0","0"
"2025","2779","St. Lawrence","iii","Liberty League","","","6","2","4","0","2","0","2","0","4","2","2","0","2","0","2","0","0","0","0","0","6","2","4","0","0","0","0","0"
"2025","110242","West Florida","ii","Gulf South","","","6","6","0","0","3","3","0","0","1","1","0","0","3","3","0","0","2","2","0","0","6","6","0","0","0","0","0","0"
"2025","2523","Robert Morris","fcs","NEC","","1.5841619223356247","6","1","5","0","1","0","1","0","3","1","2","0","3","0","3","0","0","0","0","0","6","1","5","0","0","0","0","0"
"2025","235","Memphis","fbs","American Athletic","","5.575797259807587","6","6","0","0","2","2","0","0","3","3","0","0","3","3","0","0","0","0","0","0","6","6","0","0","0","0","0","0"
"2025","344","Mississippi State","fbs","SEC","","4.062639951705933","6","4","2","0","2","0","2","0","4","3","1","0","2","1","1","0","0","0","0","0","6","4","2","0","0","0","0","0"
"2025","6353","Lakeland","iii","NACC","","","5","1","4","0","3","1","2","0","3","0","3","0","2","1","1","0","0","0","0","0","5","1","4","0","0","0","0","0"
"2025","131","Wayne State (MI)","ii","GLIAC","","","6","0","6","0","2","0","2","0","3","0","3","0","3","0","3","0","0","0","0","0","6","0","6","0","0","0","0","0"
"2025","2843","Western Connecticut St","iii","MSCAC","","0.010750949382781982","5","4","1","0","0","0","0","0","2","2","0","0","3","2","1","0","0","0","0","0","5","4","1","0","0","0","0","0"
"2025","68","Boise State","fbs","Mountain West","","3.8342072814702988","6","4","2","0","2","2","0","0","3","3","0","0","3","1","2","0","0","0","0","0","6","4","2","0","0","0","0","0"
"2025","2635","Tennessee Tech","fcs","Big South-OVC","","4.925147287547588","6","6","0","0","3","3","0","0","4","4","0","0","2","2","0","0","0","0","0","0","6","6","0","0","0","0","0","0"
"2025","245","Texas A&M","fbs","SEC","","5.5858944952487946","6","6","0","0","3","3","0","0","5","5","0","0","1","1","0","0","0","0","0","0","6","6","0","0","0","0","0","0"
"2025","2743","Wisconsin-Stevens Pt","iii","Wisconsin","","","5","3","2","0","2","0","2","0","3","2","1","0","2","1","1","0","0","0","0","0","5","3","2","0","0","0","0","0"
"2025","2394","Middlebury","iii","NESCAC","","","5","2","3","0","5","2","3","0","2","1","1","0","3","1","2","0","0","0","0","0","5","2","3","0","0","0","0","0"
"2025","336","Wesleyan University (CT)","iii","NESCAC","","","5","4","1","0","5","4","1","0","2","2","0","0","3","2","1","0","0","0","0","0","5","4","1","0","0","0","0","0"
"2025","306","Illinois Wesleyan","iii","CCIW","","","5","2","3","0","4","2","2","0","3","1","2","0","2","1","1","0","0","0","0","0","5","2","3","0","0","0","0","0"
"2025","2448","North Carolina A&T","fcs","CAA","","1.529422191902995","7","1","6","0","3","1","2","0","3","1","2","0","4","0","4","0","0","0","0","0","7","1","6","0","0","0","0","0"
"2025","2654","Truman State","ii","Great Lakes","","","6","3","3","0","3","2","1","0","3","2","1","0","3","1","2","0","0","0","0","0","6","3","3","0","0","0","0","0"
"2025","2542","Savannah St","ii","SIAC","","0","6","3","3","0","4","2","2","0","3","1","2","0","3","2","1","0","0","0","0","0","6","3","3","0","0","0","0","0"
"2025","2277","Houston Christian","fcs","Southland","","2.1651529483497143","6","2","4","0","1","1","0","0","3","2","1","0","3","0","3","0","0","0","0","0","6","2","4","0","0","0","0","0"
"2025","2011","Alabama State","fcs","SWAC","East","4.299627491272986","6","4","2","0","4","3","1","0","2","2","0","0","4","2","2","0","0","0","0","0","6","4","2","0","0","0","0","0"
"2025","241","McMurry","iii","Southern Collegiate Athletic","","","5","2","3","0","1","1","0","0","3","2","1","0","2","0","2","0","0","0","0","0","5","2","3","0","0","0","0","0"
"2025","3101","Utah Tech","fcs","UAC","","1.622548945248127","7","1","6","0","3","0","3","0","3","1","2","0","4","0","4","0","0","0","0","0","7","1","6","0","0","0","0","0"
"2025","583","Northwestern (MN)","iii","Upper Midwest","","","5","0","5","0","2","0","2","0","2","0","2","0","3","0","3","0","0","0","0","0","5","0","5","0","0","0","0","0"
"2025","147","Montana State","fcs","Big Sky","","4.904451351612806","7","5","2","0","3","3","0","0","5","4","1","0","2","1","1","0","0","0","0","0","7","5","2","0","0","0","0","0"
"2025","367","Gannon","ii","Pennsylvania State Athletic","Western","","6","1","5","0","4","1","3","0","4","1","3","0","2","0","2","0","0","0","0","0","6","1","5","0","0","0","0","0"
"2025","2032","Arkansas State","fbs","Sun Belt","West","1.7762947976589203","6","2","4","0","2","1","1","0","3","2","1","0","2","0","2","0","1","0","1","0","6","2","4","0","0","0","0","0"
"2025","222","Villanova","fcs","CAA","","2.919962288811803","6","4","2","0","4","3","1","0","2","2","0","0","4","2","2","0","0","0","0","0","6","4","2","0","0","0","0","0"
"2025","2045","Austin","iii","Southern Collegiate Athletic","","","4","1","3","0","1","1","0","0","2","1","1","0","2","0","2","0","0","0","0","0","4","1","3","0","0","0","0","0"
"2025","2003","Adrian","iii","Michigan","","0.7026592493057251","5","5","0","0","2","2","0","0","3","3","0","0","2","2","0","0","0","0","0","0","5","5","0","0","0","0","0","0"
"2025","2685","Wartburg","iii","American Rivers","","","6","6","0","0","4","4","0","0","3","3","0","0","3","3","0","0","0","0","0","0","6","6","0","0","0","0","0","0"
"2025","2745","Wisconsin-Whitewater","iii","Wisconsin","","","5","4","1","0","2","1","1","0","2","1","1","0","3","3","0","0","0","0","0","0","5","4","1","0","0","0","0","0"
"2025","2264","Harding University","ii","Great American","","","6","6","0","0","6","6","0","0","3","3","0","0","3","3","0","0","0","0","0","0","6","6","0","0","0","0","0","0"
"2025","417","Gallaudet","iii","Old Dominion","","","5","1","4","0","0","0","0","0","3","1","2","0","1","0","1","0","1","0","1","0","5","1","4","0","0","0","0","0"
"2025","548","Lagrange College","iii","USA South","","","5","4","1","0","2","2","0","0","3","2","1","0","1","1","0","0","1","1","0","0","5","4","1","0","0","0","0","0"
"2025","271","Wisconsin-Oshkosh","iii","Wisconsin","","","5","3","2","0","2","1","1","0","1","1","0","0","4","2","2","0","0","0","0","0","5","3","2","0","0","0","0","0"
"2025","2369","Mars Hill","ii","South Atlantic","","","6","3","3","0","4","2","2","0","5","3","2","0","1","0","1","0","0","0","0","0","6","3","3","0","0","0","0","0"
"2025","2033","Arkansas Tech","ii","Great American","","","6","4","2","0","6","4","2","0","3","2","1","0","3","2","1","0","0","0","0","0","6","4","2","0","0","0","0","0"
"2025","164","Rutgers","fbs","Big Ten","","3.3830503672361374","6","3","3","0","3","0","3","0","4","3","1","0","2","0","2","0","0","0","0","0","6","3","3","0","0","0","0","0"
"2025","2757","Berry College","iii","Southern Athletic","","","5","4","1","0","2","2","0","0","3","3","0","0","2","1","1","0","0","0","0","0","5","4","1","0","0","0","0","0"
"2025","2782","Cortland","iii","Empire 8","","","5","4","1","0","3","3","0","0","3","2","1","0","2","2","0","0","0","0","0","0","5","4","1","0","0","0","0","0"
"2025","2634","Tennessee State","fcs","Big South-OVC","","0.9697743430733681","6","1","5","0","3","0","3","0","4","1","3","0","2","0","2","0","0","0","0","0","6","1","5","0","0","0","0","0"
"2025","338","Kennesaw State","fbs","Conference USA","","3.7955557703971863","6","4","2","0","2","2","0","0","4","4","0","0","2","0","2","0","0","0","0","0","6","4","2","0","0","0","0","0"
"2025","2248","Gettysburg","iii","Centennial","","","5","0","5","0","2","0","2","0","3","0","3","0","2","0","2","0","0","0","0","0","5","0","5","0","0","0","0","0"
"2025","274","Maine Maritime","iii","Commonwealth Coast","","","5","0","5","0","0","0","0","0","2","0","2","0","3","0","3","0","0","0","0","0","5","0","5","0","0","0","0","0"
"2025","2714","Western Colorado","ii","Rocky Mountain","","","6","6","0","0","4","4","0","0","3","3","0","0","3","3","0","0","0","0","0","0","6","6","0","0","0","0","0","0"
"2025","2567","SMU","fbs","ACC","","4.748554321937263","6","4","2","0","2","2","0","0","4","3","1","0","2","1","1","0","0","0","0","0","6","4","2","0","0","0","0","0"
"2025","3066","Concordia University St Paul","ii","Northern Sun","","","7","1","6","0","5","1","4","0","3","0","3","0","4","1","3","0","0","0","0","0","7","1","6","0","0","0","0","0"
"2025","2842","UVA Wise","ii","South Atlantic","","","6","1","5","0","5","1","4","0","4","1","3","0","2","0","2","0","0","0","0","0","6","1","5","0","0","0","0","0"
"2025","2194","East Texas Baptist University","iii","American Southwest","","","6","4","2","0","2","0","2","0","3","2","1","0","3","2","1","0","0","0","0","0","6","4","2","0","0","0","0","0"
"2025","2559","Shippensburg","ii","Pennsylvania State Athletic","Eastern","","6","2","4","0","5","2","3","0","3","2","1","0","3","0","3","0","0","0","0","0","6","2","4","0","0","0","0","0"
"2025","128","Northern Michigan","ii","GLIAC","","0.18728531897068024","6","0","6","0","3","0","3","0","4","0","4","0","2","0","2","0","0","0","0","0","6","0","6","0","0","0","0","0"
"2025","2249","Glenville State","ii","Mountain East","","","6","3","3","0","3","2","1","0","3","1","2","0","3","2","1","0","0","0","0","0","6","3","3","0","0","0","0","0"
"2025","173","Hartwick","iii","Empire 8","","","6","2","4","0","4","0","4","0","3","1","2","0","3","1","2","0","0","0","0","0","6","2","4","0","0","0","0","0"
"2025","2207","Elizabeth City State","ii","CIAA","Northern","0.24372214078903198","6","1","5","0","4","1","3","0","4","1","3","0","2","0","2","0","0","0","0","0","6","1","5","0","0","0","0","0"
"2025","2229","Florida International","fbs","Conference USA","","1.966110683977604","5","2","3","0","1","0","1","0","3","2","1","0","2","0","2","0","0","0","0","0","5","2","3","0","0","0","0","0"
"2025","2698","West Georgia","fcs","UAC","","5.04855116084218","7","5","2","0","4","2","2","0","3","2","1","0","4","3","1","0","0","0","0","0","7","5","2","0","0","0","0","0"
"2025","379","UMass Dartmouth","iii","MSCAC","","","5","2","3","0","3","2","1","0","2","2","0","0","3","0","3","0","0","0","0","0","5","2","3","0","0","0","0","0"
"2025","2368","Marist","fcs","Pioneer","","2.11882958188653","6","3","3","0","2","1","1","0","3","2","1","0","3","1","2","0","0","0","0","0","6","3","3","0","0","0","0","0"
"2025","2128","University Of Charleston (WV)","ii","Mountain East","","","6","4","2","0","3","3","0","0","2","2","0","0","4","2","2","0","0","0","0","0","6","4","2","0","0","0","0","0"
"2025","2086","Butler","fcs","Pioneer","","2.4561480581760406","7","4","3","0","3","2","1","0","3","2","1","0","4","2","2","0","0","0","0","0","7","4","3","0","0","0","0","0"
"2025","2464","Northern Arizona","fcs","Big Sky","","2.4587419237941504","7","4","3","0","3","1","2","0","3","2","1","0","4","2","2","0","0","0","0","0","7","4","3","0","0","0","0","0"
"2025","2678","VMI","fcs","Southern","","1.1310460679233074","6","1","5","0","2","0","2","0","2","1","1","0","4","0","4","0","0","0","0","0","6","1","5","0","0","0","0","0"
"2025","2535","Samford","fcs","Southern","","0.2565285861492157","6","0","6","0","4","0","4","0","3","0","3","0","3","0","3","0","0","0","0","0","6","0","6","0","0","0","0","0"
"2025","127954","Eastern University","iii","Mid Atlantic","","","5","4","1","0","4","3","1","0","1","1","0","0","2","1","1","0","2","2","0","0","5","4","1","0","0","0","0","0"
"2025","2237","Fort Lewis","ii","Rocky Mountain","","","6","1","5","0","4","0","4","0","3","0","3","0","2","0","2","0","1","1","0","0","6","1","5","0","0","0","0","0"
"2025","2509","Purdue","fbs","Big Ten","","2.9326093271374702","6","2","4","0","3","0","3","0","4","2","2","0","2","0","2","0","0","0","0","0","6","2","4","0","0","0","0","0"
"2025","2687","Washburn","ii","Mid America","","","6","1","5","0","4","0","4","0","3","1","2","0","3","0","3","0","0","0","0","0","6","1","5","0","0","0","0","0"
"2025","2653","Troy","fbs","Sun Belt","West","2.862850844860077","6","4","2","0","2","2","0","0","3","2","1","0","3","2","1","0","0","0","0","0","6","4","2","0","0","0","0","0"
"2025","2710","Western Illinois","fcs","Big South-OVC","","0.6999204605817795","7","1","6","0","3","0","3","0","2","1","1","0","5","0","5","0","0","0","0","0","7","1","6","0","0","0","0","0"
"2025","2741","Wisconsin-Lutheran","iii","NACC","","","5","1","4","0","3","1","2","0","4","1","3","0","1","0","1","0","0","0","0","0","5","1","4","0","0","0","0","0"
"2025","2046","Austin Peay","fcs","UAC","","4.373774688690901","7","4","3","0","4","2","2","0","3","3","0","0","4","1","3","0","0","0","0","0","7","4","3","0","0","0","0","0"
"2025","366","Ferrum","ii","Carolinas","","0.001994490623474121","6","2","4","0","0","0","0","0","3","2","1","0","3","0","3","0","0","0","0","0","6","2","4","0","0","0","0","0"
"2025","257","Richmond","fcs","Patriot","","4.388752959668636","7","4","3","0","0","0","0","0","2","2","0","0","5","2","3","0","0","0","0","0","7","4","3","0","0","0","0","0"
"2025","2569","South Carolina State","fcs","MEAC","","4.298215655609965","7","4","3","0","0","0","0","0","3","3","0","0","4","1","3","0","0","0","0","0","7","4","3","0","0","0","0","0"
"2025","2570","CSU Pueblo","ii","Rocky Mountain","","","7","6","1","0","5","5","0","0","4","3","1","0","3","3","0","0","0","0","0","0","7","6","1","0","0","0","0","0"
"2025","2884","Nichols College","iii","Commonwealth Coast","","","5","2","3","0","0","0","0","0","2","1","1","0","3","1","2","0","0","0","0","0","5","2","3","0","0","0","0","0"
"2025","21","San Diego State","fbs","Mountain West","","4.581871867179871","6","5","1","0","2","2","0","0","3","3","0","0","3","2","1","0","0","0","0","0","6","5","1","0","0","0","0","0"
"2025","119","Towson","fcs","CAA","","2.1577668003737926","7","3","4","0","3","1","2","0","3","0","3","0","4","3","1","0","0","0","0","0","7","3","4","0","0","0","0","0"
"2025","2116","UCF","fbs","Big 12","","3.0363811925053596","6","3","3","0","3","0","3","0","4","3","1","0","2","0","2","0","0","0","0","0","6","3","3","0","0","0","0","0"
"2025","238","Vanderbilt","fbs","SEC","","4.943505520001054","6","5","1","0","2","1","1","0","3","3","0","0","3","2","1","0","0","0","0","0","6","5","1","0","0","0","0","0"
"2025","455","West Virginia Wesleyan","ii","Mountain East","","","7","0","7","0","4","0","4","0","4","0","4","0","2","0","2","0","1","0","1","0","7","0","7","0","0","0","0","0"
"2025","2733","Wilmington (OH)","iii","Ohio","","","5","1","4","0","4","0","4","0","3","1","2","0","2","0","2","0","0","0","0","0","5","1","4","0","0","0","0","0"
"2025","286","North Carolina Wesleyan","iii","USA South","","","5","2","3","0","2","0","2","0","3","1","2","0","2","1","1","0","0","0","0","0","5","2","3","0","0","0","0","0"
"2025","2348","Louisiana Tech","fbs","Conference USA","","3.803450718522072","6","4","2","0","3","2","1","0","3","3","0","0","3","1","2","0","0","0","0","0","6","4","2","0","0","0","0","0"
"2025","374","St John Fisher University","iii","Empire 8","","","6","5","1","0","3","3","0","0","3","3","0","0","3","2","1","0","0","0","0","0","6","5","1","0","0","0","0","0"
"2025","66","Iowa State","fbs","Big 12","","4.618425980210304","7","5","2","0","4","2","2","0","3","3","0","0","3","1","2","0","1","1","0","0","7","5","2","0","0","0","0","0"
"2025","2968","Gustavus Adolphus","iii","Minnesota","","","5","1","4","0","4","1","3","0","2","0","2","0","3","1","2","0","0","0","0","0","5","1","4","0","0","0","0","0"
"2025","2467","Norwich","iii","NEWMAC","","","5","1","4","0","2","0","2","0","3","1","2","0","2","0","2","0","0","0","0","0","5","1","4","0","0","0","0","0"
"2025","65","Grinnell","iii","Midwest","","","5","1","4","0","4","1","3","0","3","1","2","0","2","0","2","0","0","0","0","0","5","1","4","0","0","0","0","0"
"2025","174","Hobart College","iii","Liberty League","","","6","1","5","0","3","0","3","0","2","1","1","0","4","0","4","0","0","0","0","0","6","1","5","0","0","0","0","0"
"2025","2871","Kean","iii","New Jersey","","","5","1","4","0","2","0","2","0","3","1","2","0","2","0","2","0","0","0","0","0","5","1","4","0","0","0","0","0"
"2025","2832","St. Norbert","iii","NACC","","","5","2","3","0","3","2","1","0","2","0","2","0","3","2","1","0","0","0","0","0","5","2","3","0","0","0","0","0"
"2025","2800","Alma","iii","Michigan","","","5","3","2","0","2","2","0","0","3","2","1","0","2","1","1","0","0","0","0","0","5","3","2","0","0","0","0","0"
"2025","2450","Norfolk State","fcs","MEAC","","3.086595121771097","7","1","6","0","0","0","0","0","3","1","2","0","4","0","4","0","0","0","0","0","7","1","6","0","0","0","0","0"
"2025","9","Arizona State","fbs","Big 12","","3.070996105670929","6","4","2","0","3","2","1","0","3","3","0","0","3","1","2","0","0","0","0","0","6","4","2","0","0","0","0","0"
"2025","2206","Edward Waters","ii","SIAC","","0.0077991485595703125","6","4","2","0","4","3","1","0","3","3","0","0","3","1","2","0","0","0","0","0","6","4","2","0","0","0","0","0"
"2025","255","Knox College","iii","Midwest","","","5","2","3","0","4","2","2","0","3","1","2","0","2","1","1","0","0","0","0","0","5","2","3","0","0","0","0","0"
"2025","101","Eureka College","iii","NACC","","","6","2","4","0","4","1","3","0","3","1","2","0","3","1","2","0","0","0","0","0","6","2","4","0","0","0","0","0"
"2025","29","Redlands","iii","So. Cal.","","","5","3","2","0","3","1","2","0","2","1","1","0","3","2","1","0","0","0","0","0","5","3","2","0","0","0","0","0"
"2025","124","Augsburg","iii","Minnesota","","","5","2","3","0","4","2","2","0","2","1","1","0","2","1","1","0","1","0","1","0","5","2","3","0","0","0","0","0"
"2025","2006","Akron","fbs","Mid-American","","2.362697757780552","7","2","5","0","3","1","2","0","4","2","2","0","3","0","3","0","0","0","0","0","7","2","5","0","0","0","0","0"
"2025","2241","Gardner-Webb","fcs","Big South-OVC","","2.8416402586735785","6","4","2","0","2","2","0","0","2","2","0","0","4","2","2","0","0","0","0","0","6","4","2","0","0","0","0","0"
"2025","2916","Incarnate Word","fcs","Southland","","2.5214784741401672","6","2","4","0","2","0","2","0","3","2","1","0","3","0","3","0","0","0","0","0","6","2","4","0","0","0","0","0"
"2025","2390","Miami","fbs","ACC","","4.816759072244167","5","5","0","0","1","1","0","0","4","4","0","0","1","1","0","0","0","0","0","0","5","5","0","0","0","0","0","0"
"2025","2234","Franklin & Marshall","iii","Centennial","","","5","4","1","0","2","2","0","0","3","2","1","0","2","2","0","0","0","0","0","0","5","4","1","0","0","0","0","0"
"2025","223","West Chester","ii","Pennsylvania State Athletic","Eastern","","6","3","3","0","5","2","3","0","2","1","1","0","4","2","2","0","0","0","0","0","6","3","3","0","0","0","0","0"
"2025","203","Linfield College","iii","Northwest","","","4","3","1","0","2","2","0","0","3","2","1","0","1","1","0","0","0","0","0","0","4","3","1","0","0","0","0","0"
"2025","2825","Quincy","ii","Great Lakes","","","6","4","2","0","3","2","1","0","2","1","1","0","3","3","0","0","1","0","1","0","6","4","2","0","0","0","0","0"
"2025","354","Olivet College","iii","Michigan","","","5","1","4","0","2","1","1","0","3","0","3","0","2","1","1","0","0","0","0","0","5","1","4","0","0","0","0","0"
"2025","127991","Roosevelt","ii","GLIAC","","","5","1","4","0","2","0","2","0","1","0","1","0","2","0","2","0","2","1","1","0","5","1","4","0","0","0","0","0"
"2025","2028","Arkansas-Monticello","ii","Great American","","","6","2","4","0","6","2","4","0","3","1","2","0","3","1","2","0","0","0","0","0","6","2","4","0","0","0","0","0"
"2025","2377","McNeese","fcs","Southland","","1.432648442685604","6","1","5","0","2","0","2","0","3","1","2","0","3","0","3","0","0","0","0","0","6","1","5","0","0","0","0","0"
"2025","2812","Hope College","iii","Michigan","","","5","4","1","0","2","1","1","0","2","1","1","0","3","3","0","0","0","0","0","0","5","4","1","0","0","0","0","0"
"2025","2638","UTEP","fbs","Conference USA","","1.2786043398082256","6","1","5","0","2","0","2","0","4","1","3","0","2","0","2","0","0","0","0","0","6","1","5","0","0","0","0","0"
"2025","2519","Rhodes College","iii","Southern Athletic","","","5","1","4","0","3","0","3","0","2","1","1","0","3","0","3","0","0","0","0","0","5","1","4","0","0","0","0","0"
"2025","2529","Sacred Heart","fcs","FCS Independents","","3.3524947464466095","7","5","2","0","0","0","0","0","3","3","0","0","4","2","2","0","0","0","0","0","7","5","2","0","0","0","0","0"
"2025","389","Upper Iowa University","ii","Great Lakes","","0.000213623046875","6","4","2","0","3","2","1","0","2","2","0","0","4","2","2","0","0","0","0","0","6","4","2","0","0","0","0","0"
"2025","228","Clemson","fbs","ACC","","3.819315427914262","6","3","3","0","4","2","2","0","3","1","2","0","3","2","1","0","0","0","0","0","6","3","3","0","0","0","0","0"
"2025","2184","Duquesne","fcs","NEC","","3.9997926354408264","7","4","3","0","2","2","0","0","5","4","1","0","2","0","2","0","0","0","0","0","7","4","3","0","0","0","0","0"
"2025","433","Westminster College (MO)","iii","Upper Midwest","","","5","2","3","0","2","0","2","0","2","1","1","0","3","1","2","0","0","0","0","0","5","2","3","0","0","0","0","0"
"2025","2837","East Texas A&M","fcs","Southland","","1.9687569485977292","6","1","5","0","2","1","1","0","2","0","2","0","4","1","3","0","0","0","0","0","6","1","5","0","0","0","0","0"
"2025","2221","FDU-Florham","iii","Mid Atlantic","","","5","0","5","0","4","0","4","0","2","0","2","0","3","0","3","0","0","0","0","0","5","0","5","0","0","0","0","0"
"2025","2617","Stephen F. Austin","fcs","Southland","","3.8836058378219604","6","4","2","0","2","2","0","0","3","3","0","0","3","1","2","0","0","0","0","0","6","4","2","0","0","0","0","0"
"2025","282","Indiana State","fcs","MVFC","","1.2499157935380936","6","2","4","0","2","0","2","0","3","2","1","0","3","0","3","0","0","0","0","0","6","2","4","0","0","0","0","0"
"2025","248","Houston","fbs","Big 12","","3.5537583818659186","6","5","1","0","3","2","1","0","3","2","1","0","3","3","0","0","0","0","0","0","6","5","1","0","0","0","0","0"
"2025","2119","Central State (OH)","ii","SIAC","","0.08401387929916382","7","2","5","0","6","2","4","0","3","1","2","0","3","1","2","0","1","0","1","0","7","2","5","0","0","0","0","0"
"2025","2062","Bethany (WV)","iii","Presidents'","","","5","0","5","0","3","0","3","0","3","0","3","0","2","0","2","0","0","0","0","0","5","0","5","0","0","0","0","0"
"2025","81","Springfield","iii","NEWMAC","","","5","3","2","0","2","2","0","0","2","2","0","0","3","1","2","0","0","0","0","0","5","3","2","0","0","0","0","0"
"2025","2844","Wayne State (NE)","ii","Northern Sun","","","7","3","4","0","6","3","3","0","4","2","2","0","3","1","2","0","0","0","0","0","7","3","4","0","0","0","0","0"
"2025","2453","North Alabama","fcs","UAC","","1.7315403819084167","6","1","5","0","2","0","2","0","2","1","1","0","4","0","4","0","0","0","0","0","6","1","5","0","0","0","0","0"
"2025","2740","Wisconsin-Lacrosse","iii","Wisconsin","","","4","4","0","0","2","2","0","0","2","2","0","0","2","2","0","0","0","0","0","0","4","4","0","0","0","0","0","0"
"2025","2197","Eastern Illinois","fcs","Big South-OVC","","2.637019359972328","6","3","3","0","3","2","1","0","4","2","2","0","2","1","1","0","0","0","0","0","6","3","3","0","0","0","0","0"
"2025","52","Florida State","fbs","ACC","","3.891068495810032","6","3","3","0","3","0","3","0","5","3","2","0","1","0","1","0","0","0","0","0","6","3","3","0","0","0","0","0"
"2025","2586","Southwest Baptist","ii","Great Lakes","","","6","3","3","0","4","2","2","0","3","0","3","0","2","2","0","0","1","1","0","0","6","3","3","0","0","0","0","0"
"2025","308","Ashland","ii","Great Midwest Athletic","","","6","5","1","0","4","4","0","0","2","2","0","0","4","3","1","0","0","0","0","0","6","5","1","0","0","0","0","0"
"2025","2079","Bridgewater (VA)","iii","Old Dominion","","","6","1","5","0","3","1","2","0","3","0","3","0","3","1","2","0","0","0","0","0","6","1","5","0","0","0","0","0"
"2025","331","Eastern Washington","fcs","Big Sky","","2.096364736557007","6","2","4","0","2","1","1","0","2","2","0","0","4","0","4","0","0","0","0","0","6","2","4","0","0","0","0","0"
"2025","2213","Emory & Henry College","ii","South Atlantic","","","7","6","1","0","6","5","1","0","3","3","0","0","4","3","1","0","0","0","0","0","7","6","1","0","0","0","0","0"
"2025","2405","Monmouth","fcs","CAA","","4.413835922256112","6","5","1","0","2","2","0","0","2","2","0","0","4","3","1","0","0","0","0","0","6","5","1","0","0","0","0","0"
"2025","25","California","fbs","ACC","","3.238124574534595","6","4","2","0","2","1","1","0","3","2","1","0","3","2","1","0","0","0","0","0","6","4","2","0","0","0","0","0"
"2025","2134","Clarion","ii","Pennsylvania State Athletic","Western","","6","5","1","0","4","3","1","0","3","3","0","0","3","2","1","0","0","0","0","0","6","5","1","0","0","0","0","0"
"2025","2619","Stony Brook","fcs","CAA","","3.226878471672535","6","3","3","0","2","1","1","0","3","2","1","0","3","1","2","0","0","0","0","0","6","3","3","0","0","0","0","0"
"2025","2438","Nebraska-Kearney","ii","Mid America","","","7","5","2","0","5","3","2","0","3","3","0","0","4","2","2","0","0","0","0","0","7","5","2","0","0","0","0","0"
"2025","2329","Lehigh","fcs","Patriot","","5.66829448658973","7","7","0","0","1","1","0","0","4","4","0","0","3","3","0","0","0","0","0","0","7","7","0","0","0","0","0","0"
"2025","2963","Case Western Reserve","iii","Presidents'","","","6","3","2","1","4","3","1","0","2","1","1","0","4","2","1","1","0","0","0","0","6","3","2","1","0","0","0","0"
"2025","2108","Catholic","iii","Landmark Conference","","","6","2","4","0","2","1","1","0","3","2","1","0","3","0","3","0","0","0","0","0","6","2","4","0","0","0","0","0"
"2025","2534","Sam Houston","fbs","Conference USA","","0.382936455309391","6","0","6","0","3","0","3","0","0","0","0","0","4","0","4","0","2","0","2","0","6","0","6","0","0","0","0","0"
"2025","2673","Valdosta State","ii","Gulf South","","","6","2","4","0","1","1","0","0","2","0","2","0","3","1","2","0","1","1","0","0","6","2","4","0","0","0","0","0"
"2025","2201","Eastern New Mexico","ii","Lone Star","","","6","1","5","0","4","1","3","0","3","0","3","0","3","1","2","0","0","0","0","0","6","1","5","0","0","0","0","0"
"2025","323","Moravian","iii","Landmark Conference","","","6","0","6","0","2","0","2","0","3","0","3","0","3","0","3","0","0","0","0","0","6","0","6","0","0","0","0","0"
"2025","114","Fitchburg State","iii","MSCAC","","","5","3","2","0","3","1","2","0","3","2","1","0","2","1","1","0","0","0","0","0","5","3","2","0","0","0","0","0"
"2025","125","Grand Valley State University","ii","GLIAC","","","5","4","1","0","2","2","0","0","3","3","0","0","2","1","1","0","0","0","0","0","5","4","1","0","0","0","0","0"
"2025","2341","Long Island University","fcs","NEC","","1.6806864365935326","6","1","5","0","2","0","2","0","1","0","1","0","5","1","4","0","0","0","0","0","6","1","5","0","0","0","0","0"
"2025","2896","Southern Virginia","iii","USA South","","","5","4","1","0","2","1","1","0","2","2","0","0","3","2","1","0","0","0","0","0","5","4","1","0","0","0","0","0"
"2025","2148","Concord University","ii","Mountain East","","","6","2","4","0","4","1","3","0","2","1","1","0","4","1","3","0","0","0","0","0","6","2","4","0","0","0","0","0"
"2025","118","Johns Hopkins University","iii","Centennial","","","5","5","0","0","1","1","0","0","3","3","0","0","2","2","0","0","0","0","0","0","5","5","0","0","0","0","0","0"
"2025","2085","Buffalo State","iii","Liberty League","","","6","1","5","0","2","0","2","0","3","0","3","0","3","1","2","0","0","0","0","0","6","1","5","0","0","0","0","0"
"2025","2188","East Stroudsburg University","ii","Pennsylvania State Athletic","Eastern","","6","5","1","0","5","4","1","0","3","2","1","0","3","3","0","0","0","0","0","0","6","5","1","0","0","0","0","0"
"2025","126086","Post University","ii","Northeast 10","","","5","3","2","0","4","2","2","0","1","0","1","0","2","1","1","0","2","2","0","0","5","3","2","0","0","0","0","0"
"2025","112","Tufts","iii","NESCAC","","","5","2","3","0","5","2","3","0","2","1","1","0","3","1","2","0","0","0","0","0","5","2","3","0","0","0","0","0"
"2025","112334","Franklin Pierce","ii","Northeast 10","","","6","3","3","0","5","3","2","0","2","1","1","0","2","1","1","0","2","1","1","0","6","3","3","0","0","0","0","0"
"2025","2560","Shorter","ii","Carolinas","","","7","1","6","0","2","0","2","0","3","1","2","0","3","0","3","0","1","0","1","0","7","1","6","0","0","0","0","0"
"2025","130","Michigan","fbs","Big Ten","","3.731999009847641","6","4","2","0","3","2","1","0","3","3","0","0","3","1","2","0","0","0","0","0","6","4","2","0","0","0","0","0"
"2025","2075","Bowie State","ii","CIAA","Northern","0.05608123540878296","6","1","5","0","4","0","4","0","3","0","3","0","3","1","2","0","0","0","0","0","6","1","5","0","0","0","0","0"
"2025","2419","Mount St. Joseph","iii","Heartland","","","5","2","3","0","2","1","1","0","3","1","2","0","2","1","1","0","0","0","0","0","5","2","3","0","0","0","0","0"
"2025","2972","Plymouth State","iii","MSCAC","","","5","5","0","0","3","3","0","0","2","2","0","0","2","2","0","0","1","1","0","0","5","5","0","0","0","0","0","0"
"2025","216","Susquehanna","iii","Landmark Conference","","","5","3","2","0","1","1","0","0","4","3","1","0","1","0","1","0","0","0","0","0","5","3","2","0","0","0","0","0"
"2025","2121","Centre College Kentucky","iii","Southern Athletic","","","5","2","3","0","1","1","0","0","3","2","1","0","2","0","2","0","0","0","0","0","5","2","3","0","0","0","0","0"
"2025","2428","North Carolina Central","fcs","MEAC","","4.623075041919947","7","5","2","0","0","0","0","0","2","1","1","0","4","3","1","0","1","1","0","0","7","5","2","0","0","0","0","0"
"2025","2084","Buffalo","fbs","Mid-American","","2.4951929450035095","6","3","3","0","2","2","0","0","4","2","2","0","2","1","1","0","0","0","0","0","6","3","3","0","0","0","0","0"
"2025","43","Yale","fcs","Ivy","","2.0525894165039062","4","2","2","0","2","1","1","0","2","2","0","0","2","0","2","0","0","0","0","0","4","2","2","0","0","0","0","0"
"2025","2193","East Tennessee State","fcs","Southern","","3.0652706027030945","7","3","4","0","3","1","2","0","4","3","1","0","3","0","3","0","0","0","0","0","7","3","4","0","0","0","0","0"
"2025","231","Furman","fcs","Southern","","3.194546088576317","6","4","2","0","3","2","1","0","3","2","1","0","3","2","1","0","0","0","0","0","6","4","2","0","0","0","0","0"
"2025","2305","Kansas","fbs","Big 12","","4.688542537391186","7","4","3","0","4","2","2","0","4","3","1","0","3","1","2","0","0","0","0","0","7","4","3","0","0","0","0","0"
"2025","158","Nebraska","fbs","Big Ten","","3.848155528306961","6","5","1","0","3","2","1","0","4","3","1","0","1","1","0","0","1","1","0","0","6","5","1","0","0","0","0","0"
"2025","2447","Nicholls","fcs","Southland","","1.2616483233869076","6","1","5","0","2","1","1","0","2","1","1","0","4","0","4","0","0","0","0","0","6","1","5","0","0","0","0","0"
"2025","2676","Virginia Union","ii","CIAA","Northern","","6","5","1","0","4","4","0","0","1","1","0","0","4","3","1","0","1","1","0","0","6","5","1","0","0","0","0","0"
"2025","2271","Henderson State","ii","Great American","","","6","5","1","0","6","5","1","0","3","2","1","0","3","3","0","0","0","0","0","0","6","5","1","0","0","0","0","0"
"2025","124180","Bluefield State","ii","CIAA","Northern","","6","3","3","0","3","2","1","0","4","3","1","0","2","0","2","0","0","0","0","0","6","3","3","0","0","0","0","0"
"2025","167","New Mexico","fbs","Mountain West","","2.989048182964325","6","3","3","0","2","0","2","0","2","2","0","0","4","1","3","0","0","0","0","0","6","3","3","0","0","0","0","0"
"2025","2015","Albright","iii","Mid Atlantic","","","5","3","2","0","4","2","2","0","2","1","1","0","3","2","1","0","0","0","0","0","5","3","2","0","0","0","0","0"
"2025","2331","Lenoir-Rhyne","ii","South Atlantic","","","7","3","4","0","5","2","3","0","3","1","2","0","3","2","1","0","1","0","1","0","7","3","4","0","0","0","0","0"
"2025","259","Virginia Tech","fbs","ACC","","2.2445756085217","7","2","5","0","3","1","2","0","4","1","3","0","2","1","1","0","1","0","1","0","7","2","5","0","0","0","0","0"
"2025","188","Baldwin Wallace","iii","Ohio","","","5","4","1","0","4","3","1","0","2","1","1","0","3","3","0","0","0","0","0","0","5","4","1","0","0","0","0","0"
"2025","2858","PennWest California","ii","Pennsylvania State Athletic","Western","","6","4","2","0","5","3","2","0","4","3","1","0","2","1","1","0","0","0","0","0","6","4","2","0","0","0","0","0"
"2025","40","Curry College","iii","Commonwealth Coast","","","5","4","1","0","0","0","0","0","3","3","0","0","1","0","1","0","1","1","0","0","5","4","1","0","0","0","0","0"
"2025","237","Union (NY)","iii","Liberty League","","","6","4","2","0","3","3","0","0","3","3","0","0","3","1","2","0","0","0","0","0","6","4","2","0","0","0","0","0"
"2025","2627","Tarleton State","fcs","UAC","","5.099542843177915","7","7","0","0","3","3","0","0","3","3","0","0","4","4","0","0","0","0","0","0","7","7","0","0","0","0","0","0"
"2025","262","Lake Forest College","iii","Midwest","","","5","2","3","0","4","2","2","0","2","1","1","0","2","1","1","0","1","0","1","0","5","2","3","0","0","0","0","0"
"2025","2371","Mary Hardin-Baylor","iii","American Southwest","","","5","2","3","0","2","1","1","0","2","1","1","0","3","1","2","0","0","0","0","0","5","2","3","0","0","0","0","0"
"2025","2504","Prairie View A&M","fcs","SWAC","West","3.1149530485272408","6","4","2","0","3","3","0","0","2","1","1","0","3","2","1","0","1","1","0","0","6","4","2","0","0","0","0","0"
"2025","2000","Abilene Christian","fcs","UAC","","3.3467299938201904","7","4","3","0","3","3","0","0","3","3","0","0","4","1","3","0","0","0","0","0","7","4","3","0","0","0","0","0"
"2025","6845","Nebraska Wesleyan","iii","American Rivers","","","6","1","5","0","4","1","3","0","2","1","1","0","2","0","2","0","2","0","2","0","6","1","5","0","0","0","0","0"
"2025","155","North Dakota","fcs","MVFC","","4.786606534384191","6","4","2","0","2","2","0","0","3","3","0","0","3","1","2","0","0","0","0","0","6","4","2","0","0","0","0","0"
"2025","293","Castleton","iii","New Jersey","","","5","2","3","0","1","1","0","0","3","1","2","0","2","1","1","0","0","0","0","0","5","2","3","0","0","0","0","0"
"2025","2286","Illinois College","iii","Midwest","","","5","3","2","0","4","2","2","0","3","3","0","0","2","0","2","0","0","0","0","0","5","3","2","0","0","0","0","0"
"2025","418","Hendrix College","iii","Southern Athletic","","","5","3","2","0","2","1","1","0","4","2","2","0","1","1","0","0","0","0","0","0","5","3","2","0","0","0","0","0"
"2025","107","Holy Cross","fcs","Patriot","","0.6083731725811958","6","0","6","0","1","0","1","0","2","0","2","0","4","0","4","0","0","0","0","0","6","0","6","0","0","0","0","0"
"2025","2986","Fairmont State","ii","Mountain East","","","6","3","3","0","4","1","3","0","3","2","1","0","3","1","2","0","0","0","0","0","6","3","3","0","0","0","0","0"
"2025","111675","Biddeford","iii","Commonwealth Coast","","","5","4","1","0","2","1","1","0","3","3","0","0","2","1","1","0","0","0","0","0","5","4","1","0","0","0","0","0"
"2025","2440","Nevada","fbs","Mountain West","","1.2903410196304321","6","1","5","0","2","0","2","0","3","1","2","0","3","0","3","0","0","0","0","0","6","1","5","0","0","0","0","0"
"2025","2744","Wisconsin-Stout","iii","Wisconsin","","","5","4","1","0","2","2","0","0","3","2","1","0","2","2","0","0","0","0","0","0","5","4","1","0","0","0","0","0"
"2025","254","Utah","fbs","Big 12","","4.989370113238692","6","5","1","0","3","2","1","0","3","2","1","0","3","3","0","0","0","0","0","0","6","5","1","0","0","0","0","0"
"2025","2273","Hillsdale","ii","Great Midwest Athletic","","","6","2","4","0","4","1","3","0","2","1","1","0","4","1","3","0","0","0","0","0","6","2","4","0","0","0","0","0"
"2025","96","Kentucky","fbs","SEC","","2.190284326672554","5","2","3","0","3","0","3","0","3","2","1","0","2","0","2","0","0","0","0","0","5","2","3","0","0","0","0","0"
"2025","2838","Tiffin","ii","Great Midwest Athletic","","","6","4","2","0","4","3","1","0","2","2","0","0","4","2","2","0","0","0","0","0","6","4","2","0","0","0","0","0"
"2025","427","Ohio Northern","iii","Ohio","","","5","4","1","0","4","4","0","0","2","2","0","0","3","2","1","0","0","0","0","0","5","4","1","0","0","0","0","0"
"2025","2723","Wisconsin-River Falls","iii","Wisconsin","","","5","4","1","0","2","1","1","0","4","3","1","0","1","1","0","0","0","0","0","0","5","4","1","0","0","0","0","0"
"2025","2117","Central Michigan","fbs","Mid-American","","3.0296216309070587","6","3","3","0","2","1","1","0","2","2","0","0","4","1","3","0","0","0","0","0","6","3","3","0","0","0","0","0"
"2025","11","Colorado Mesa","ii","Rocky Mountain","","","6","3","3","0","4","2","2","0","3","2","1","0","3","1","2","0","0","0","0","0","6","3","3","0","0","0","0","0"
"2025","2487","Pace","ii","Northeast 10","","0.22073894739151","7","0","7","0","5","0","5","0","2","0","2","0","4","0","4","0","1","0","1","0","7","0","7","0","0","0","0","0"
"2025","120","Maryland","fbs","Big Ten","","4.253417015075684","6","4","2","0","3","1","2","0","5","3","2","0","1","1","0","0","0","0","0","0","6","4","2","0","0","0","0","0"
"2025","225","Brown","fcs","Ivy","","2.6078852117061615","4","3","1","0","1","0","1","0","2","2","0","0","2","1","1","0","0","0","0","0","4","3","1","0","0","0","0","0"
"2025","2477","Ohio Dominican","ii","Great Midwest Athletic","","","5","3","2","0","4","2","2","0","2","1","1","0","3","2","1","0","0","0","0","0","5","3","2","0","0","0","0","0"
"2025","2751","Wyoming","fbs","Mountain West","","2.4012318635359406","6","3","3","0","2","1","1","0","4","2","2","0","2","1","1","0","0","0","0","0","6","3","3","0","0","0","0","0"
"2025","2927","Southwestern Oklahoma State","ii","Great American","","","6","2","4","0","6","2","4","0","3","1","2","0","3","1","2","0","0","0","0","0","6","2","4","0","0","0","0","0"
"2025","2094","California Lutheran University","iii","So. Cal.","","","5","5","0","0","3","3","0","0","2","2","0","0","3","3","0","0","0","0","0","0","5","5","0","0","0","0","0","0"
"2025","110","Mass Maritime","iii","MSCAC","","","5","1","4","0","2","0","2","0","2","0","2","0","3","1","2","0","0","0","0","0","5","1","4","0","0","0","0","0"
"2025","2132","Cincinnati","fbs","Big 12","","4.880571484565735","6","5","1","0","3","3","0","0","4","4","0","0","1","1","0","0","1","0","1","0","6","5","1","0","0","0","0","0"
"2025","2258","Guilford College","iii","Old Dominion","","","6","2","4","0","3","0","3","0","3","0","3","0","3","2","1","0","0","0","0","0","6","2","4","0","0","0","0","0"
"2025","89","Wabash College","iii","North Coast","","","6","5","1","0","3","3","0","0","3","3","0","0","3","2","1","0","0","0","0","0","6","5","1","0","0","0","0","0"
"2025","2568","Southern Arkansas","ii","Great American","","","6","5","1","0","6","5","1","0","3","2","1","0","3","3","0","0","0","0","0","0","6","5","1","0","0","0","0","0"
"2025","326","Texas State","fbs","Sun Belt","West","4.057361990213394","6","3","3","0","2","0","2","0","3","2","1","0","3","1","2","0","0","0","0","0","6","3","3","0","0","0","0","0"
"2025","46","Georgetown","fcs","Patriot","","2.733107253909111","6","3","3","0","1","0","1","0","3","2","1","0","3","1","2","0","0","0","0","0","6","3","3","0","0","0","0","0"
"2025","2572","Southern Miss","fbs","Sun Belt","West","3.9326096028089523","6","4","2","0","2","2","0","0","4","3","1","0","2","1","1","0","0","0","0","0","6","4","2","0","0","0","0","0"
"2025","196","Northeastern State","ii","Independent DII","","0","5","2","3","0","0","0","0","0","2","0","2","0","3","2","1","0","0","0","0","0","5","2","3","0","0","0","0","0"
"2025","110254","Davenport","ii","GLIAC","","","6","2","3","1","3","1","2","0","2","0","1","1","4","2","2","0","0","0","0","0","6","2","3","1","0","0","0","0"
"2025","2043","Augustana University (SD)","ii","Northern Sun","","","7","7","0","0","5","5","0","0","4","4","0","0","3","3","0","0","0","0","0","0","7","7","0","0","0","0","0","0"
"2025","2171","Denison University","iii","North Coast","","","5","3","2","0","3","2","1","0","1","1","0","0","4","2","2","0","0","0","0","0","5","3","2","0","0","0","0","0"
"2025","2231","Fort Hays State","ii","Mid America","","","7","4","3","0","5","3","2","0","4","2","2","0","3","2","1","0","0","0","0","0","7","4","3","0","0","0","0","0"
"2025","2205","Edinboro University","ii","Pennsylvania State Athletic","Western","","6","3","3","0","6","3","3","0","3","2","1","0","3","1","2","0","0","0","0","0","6","3","3","0","0","0","0","0"
"2025","2396","Miles College","ii","SIAC","","0.0027802586555480957","7","1","6","0","4","1","3","0","2","0","2","0","3","1","2","0","2","0","2","0","7","1","6","0","0","0","0","0"
"2025","2969","Misericordia","iii","Mid Atlantic","","","5","4","1","0","4","4","0","0","2","2","0","0","3","2","1","0","0","0","0","0","5","4","1","0","0","0","0","0"
"2025","2636","UTSA","fbs","American Athletic","","2.7723248898983","6","3","3","0","2","1","1","0","3","2","1","0","3","1","2","0","0","0","0","0","6","3","3","0","0","0","0","0"
"2025","103","Boston College","fbs","ACC","","2.451095264405012","6","1","5","0","4","0","4","0","3","1","2","0","3","0","3","0","0","0","0","0","6","1","5","0","0","0","0","0"
"2025","341","Frostburg State","ii","Mountain East","","","6","5","1","0","4","3","1","0","4","3","1","0","2","2","0","0","0","0","0","0","6","5","1","0","0","0","0","0"
"2025","17","Claremont-Mudd-Scripps College","iii","So. Cal.","","","5","2","3","0","3","0","3","0","1","0","1","0","3","1","2","0","1","1","0","0","5","2","3","0","0","0","0","0"
"2025","426","University of Mount Union","iii","Ohio","","","5","5","0","0","3","3","0","0","2","2","0","0","3","3","0","0","0","0","0","0","5","5","0","0","0","0","0","0"
"2025","2339","Lincoln (PA)","ii","CIAA","Northern","0.008951425552368164","6","0","6","0","4","0","4","0","1","0","1","0","5","0","5","0","0","0","0","0","6","0","6","0","0","0","0","0"
"2025","258","Virginia","fbs","ACC","","3.8468347787857056","6","5","1","0","3","3","0","0","4","4","0","0","2","1","1","0","0","0","0","0","6","5","1","0","0","0","0","0"
"2025","204","Oregon State","fbs","Pac-12","","2.4241731390357018","7","0","7","0","0","0","0","0","4","0","4","0","3","0","3","0","0","0","0","0","7","0","7","0","0","0","0","0"
"2025","146","Grove City College","iii","Presidents'","","","5","3","2","0","3","2","1","0","3","1","2","0","2","2","0","0","0","0","0","0","5","3","2","0","0","0","0","0"
"2025","2191","East Central (OK)","ii","Great American","","","6","4","2","0","6","4","2","0","3","2","1","0","3","2","1","0","0","0","0","0","6","4","2","0","0","0","0","0"
"2025","2816","McKendree","ii","Great Lakes","","0.02113252878189087","6","3","3","0","4","3","1","0","2","1","1","0","4","2","2","0","0","0","0","0","6","3","3","0","0","0","0","0"
"2025","2681","Wagner","fcs","NEC","","1.7342738062143326","6","1","5","0","1","0","1","0","3","1","2","0","3","0","3","0","0","0","0","0","6","1","5","0","0","0","0","0"
"2025","2074","Bluffton","iii","Heartland","","","5","4","1","0","2","2","0","0","3","2","1","0","2","2","0","0","0","0","0","0","5","4","1","0","0","0","0","0"
"2025","2876","Lincoln (MO)","ii","Great Lakes","","","6","2","4","0","3","0","3","0","4","1","3","0","2","1","1","0","0","0","0","0","6","2","4","0","0","0","0","0"
"2025","112335","Wheeling","ii","Mountain East","","","6","3","3","0","3","2","1","0","3","1","2","0","3","2","1","0","0","0","0","0","6","3","3","0","0","0","0","0"
"2025","2938","Huntingdon College (AL)","iii","USA South","","","5","3","2","0","2","2","0","0","3","2","1","0","2","1","1","0","0","0","0","0","5","3","2","0","0","0","0","0"
"2025","2502","Portland State","fcs","Big Sky","","0.22467863373458385","6","0","6","0","2","0","2","0","2","0","2","0","4","0","4","0","0","0","0","0","6","0","6","0","0","0","0","0"
"2025","18","Bridgewater State","iii","MSCAC","","","5","1","4","0","4","1","3","0","2","1","1","0","3","0","3","0","0","0","0","0","5","1","4","0","0","0","0","0"
"2025","121","Bates","iii","NESCAC","","","5","2","3","0","5","2","3","0","3","1","2","0","2","1","1","0","0","0","0","0","5","2","3","0","0","0","0","0"
"2025","2458","Northern Colorado","fcs","Big Sky","","3.640499707311392","6","3","3","0","2","1","1","0","2","1","1","0","4","2","2","0","0","0","0","0","6","3","3","0","0","0","0","0"
"2025","446","Martin Luther","iii","Upper Midwest","","","5","2","3","0","2","0","2","0","2","1","1","0","3","1","2","0","0","0","0","0","5","2","3","0","0","0","0","0"
"2025","2736","Winston-Salem","ii","CIAA","Southern","","7","3","4","0","5","2","3","0","3","1","2","0","3","2","1","0","1","0","1","0","7","3","4","0","0","0","0","0"
"2025","162","Hamline University","iii","Minnesota","","","5","1","4","0","4","0","4","0","4","1","3","0","1","0","1","0","0","0","0","0","5","1","4","0","0","0","0","0"
"2025","209","Lock Haven University","ii","Pennsylvania State Athletic","Eastern","","6","2","4","0","5","1","4","0","3","1","2","0","3","1","2","0","0","0","0","0","6","2","4","0","0","0","0","0"
"2025","302","UC Davis","fcs","Big Sky","","4.572392702102661","6","5","1","0","3","3","0","0","3","3","0","0","3","2","1","0","0","0","0","0","6","5","1","0","0","0","0","0"
"2025","278","Fresno State","fbs","Mountain West","","3.939612030982971","7","5","2","0","3","2","1","0","3","3","0","0","4","2","2","0","0","0","0","0","7","5","2","0","0","0","0","0"
"2025","328","Utah State","fbs","Mountain West","","2.977477729320526","6","3","3","0","2","1","1","0","3","3","0","0","3","0","3","0","0","0","0","0","6","3","3","0","0","0","0","0"
"2025","2557","Coast Guard","iii","NEWMAC","","","5","4","1","0","2","2","0","0","2","2","0","0","3","2","1","0","0","0","0","0","5","4","1","0","0","0","0","0"
"2025","2398","Millsaps","iii","Southern Athletic","","","5","3","2","0","3","2","1","0","1","1","0","0","4","2","2","0","0","0","0","0","5","3","2","0","0","0","0","0"
"2025","202","Tulsa","fbs","American Athletic","","1.9647744046524167","6","2","4","0","3","0","3","0","3","1","2","0","3","1","2","0","0","0","0","0","6","2","4","0","0","0","0","0"
"2025","2294","Iowa","fbs","Big Ten","","4.025212988257408","6","4","2","0","3","2","1","0","3","2","1","0","3","2","1","0","0","0","0","0","6","4","2","0","0","0","0","0"
"2025","2623","Missouri State","fbs","Conference USA","","2.5025372626259923","6","3","3","0","2","1","1","0","3","1","2","0","3","2","1","0","0","0","0","0","6","3","3","0","0","0","0","0"
"2025","2546","Southeast Missouri State","fcs","Big South-OVC","","1.9819168578833342","6","2","4","0","2","1","1","0","3","2","1","0","3","0","3","0","0","0","0","0","6","2","4","0","0","0","0","0"
"2025","41","UConn","fbs","FBS Independents","","4.985474243760109","6","4","2","0","0","0","0","0","3","3","0","0","3","1","2","0","0","0","0","0","6","4","2","0","0","0","0","0"
"2025","58","South Florida","fbs","American Athletic","","4.341120417229831","6","5","1","0","2","2","0","0","3","3","0","0","3","2","1","0","0","0","0","0","6","5","1","0","0","0","0","0"
"2025","268","Lawrence University","iii","Midwest","","","5","0","5","0","4","0","4","0","2","0","2","0","3","0","3","0","0","0","0","0","5","0","5","0","0","0","0","0"
"2025","2292","Indianapolis","ii","Great Lakes","","","7","6","1","0","4","4","0","0","3","3","0","0","3","2","1","0","1","1","0","0","7","6","1","0","0","0","0","0"
"2025","2152","Concordia Moorhead","iii","Minnesota","","","5","4","1","0","4","3","1","0","3","3","0","0","2","1","1","0","0","0","0","0","5","4","1","0","0","0","0","0"
"2025","50","Florida A&M","fcs","SWAC","East","0.4966527847573161","5","1","4","0","1","0","1","0","3","1","2","0","1","0","1","0","1","0","1","0","5","1","4","0","0","0","0","0"
"2025","2101","Carleton","iii","Minnesota","","","5","4","1","0","4","4","0","0","2","2","0","0","3","2","1","0","0","0","0","0","5","4","1","0","0","0","0","0"
"2025","2010","Alabama A&M","fcs","SWAC","East","2.6962841749191284","7","4","3","0","4","2","2","0","3","3","0","0","3","1","2","0","1","0","1","0","7","4","3","0","0","0","0","0"
"2025","2257","Greenville","iii","Upper Midwest","","","5","3","1","1","2","2","0","0","2","1","0","1","3","2","1","0","0","0","0","0","5","3","1","1","0","0","0","0"
"2025","108","Harvard","fcs","Ivy","","3.8999966718256474","4","4","0","0","2","2","0","0","2","2","0","0","2","2","0","0","0","0","0","0","4","4","0","0","0","0","0","0"
"2025","90","Pittsburg St","ii","Mid America","","","7","5","2","0","5","4","1","0","4","4","0","0","3","1","2","0","0","0","0","0","7","5","2","0","0","0","0","0"
"2025","2704","West Texas A&M","ii","Lone Star","","","6","3","3","0","4","3","1","0","3","2","1","0","3","1","2","0","0","0","0","0","6","3","3","0","0","0","0","0"
"2025","2354","Lycoming","iii","Landmark Conference","","","6","1","5","0","2","1","1","0","4","1","3","0","1","0","1","0","1","0","1","0","6","1","5","0","0","0","0","0"
"2025","2018","Allegheny","iii","Presidents'","","","6","2","4","0","4","2","2","0","3","1","2","0","3","1","2","0","0","0","0","0","6","2","4","0","0","0","0","0"
"2025","133","St. Olaf","iii","Minnesota","","","5","2","3","0","4","1","3","0","3","2","1","0","2","0","2","0","0","0","0","0","5","2","3","0","0","0","0","0"
"2025","2900","St. Thomas (MN)","fcs","Pioneer","","3.9690423738211393","6","3","3","0","3","1","2","0","2","1","1","0","4","2","2","0","0","0","0","0","6","3","3","0","0","0","0","0"
"2025","2","Auburn","fbs","SEC","","3.318349987268448","6","3","3","0","3","0","3","0","3","2","1","0","3","1","2","0","0","0","0","0","6","3","3","0","0","0","0","0"
"2025","15","Anna Maria College","iii","MSCAC","","","5","3","2","0","0","0","0","0","2","1","1","0","2","2","0","0","1","0","1","0","5","3","2","0","0","0","0","0"
"2025","3110","SUNY Morrisville","iii","Empire 8","","","6","0","6","0","2","0","2","0","2","0","2","0","4","0","4","0","0","0","0","0","6","0","6","0","0","0","0","0"
"2025","134","Minnesota Duluth","ii","Northern Sun","","","7","6","1","0","7","6","1","0","3","3","0","0","4","3","1","0","0","0","0","0","7","6","1","0","0","0","0","0"
"2025","319","Oklahoma Baptist","ii","Great American","","","6","2","4","0","6","2","4","0","3","2","1","0","3","0","3","0","0","0","0","0","6","2","4","0","0","0","0","0"
"2025","509","Crown College","iii","Upper Midwest","","","5","3","2","0","3","3","0","0","3","2","1","0","2","1","1","0","0","0","0","0","5","3","2","0","0","0","0","0"
"2025","568","Minot State","ii","Northern Sun","","","7","2","5","0","5","1","4","0","3","2","1","0","4","0","4","0","0","0","0","0","7","2","5","0","0","0","0","0"
"2025","2692","Weber State","fcs","Big Sky","","1.797018051147461","6","2","4","0","2","0","2","0","2","1","1","0","4","1","3","0","0","0","0","0","6","2","4","0","0","0","0","0"
"2025","2026","App State","fbs","Sun Belt","East","3.5661142049357295","6","4","2","0","2","1","1","0","2","2","0","0","3","1","2","0","1","1","0","0","6","4","2","0","0","0","0","0"
"2025","2516","Randolph-Macon","iii","Old Dominion","","","6","5","1","0","3","3","0","0","3","3","0","0","2","1","1","0","1","1","0","0","6","5","1","0","0","0","0","0"
"2025","2828","Shenandoah","iii","Old Dominion","","","5","4","1","0","3","2","1","0","2","2","0","0","3","2","1","0","0","0","0","0","5","4","1","0","0","0","0","0"
"2025","559","University of Mary","ii","Northern Sun","","","7","3","4","0","5","1","4","0","4","1","3","0","2","1","1","0","1","1","0","0","7","3","4","0","0","0","0","0"
"2025","2699","West Liberty","ii","Mountain East","","0.020496904850006104","6","1","5","0","3","1","2","0","2","1","1","0","4","0","4","0","0","0","0","0","6","1","5","0","0","0","0","0"
"2025","2429","Charlotte","fbs","American Athletic","","1.225003208965063","6","1","5","0","3","0","3","0","3","1","2","0","2","0","2","0","1","0","1","0","6","1","5","0","0","0","0","0"
"2025","2214","Emporia State University","ii","Mid America","","","6","3","3","0","4","2","2","0","3","2","1","0","3","1","2","0","0","0","0","0","6","3","3","0","0","0","0","0"
"2025","142","Missouri","fbs","SEC","","5.313216984272003","6","5","1","0","2","1","1","0","6","5","1","0","0","0","0","0","0","0","0","0","6","5","1","0","0","0","0","0"
"2025","277","West Virginia","fbs","Big 12","","1.8255077889189124","6","2","4","0","3","0","3","0","3","2","1","0","3","0","3","0","0","0","0","0","6","2","4","0","0","0","0","0"
"2025","332","Muskingum University","iii","Ohio","","","5","2","3","0","3","2","1","0","4","1","3","0","1","1","0","0","0","0","0","0","5","2","3","0","0","0","0","0"
"2025","2146","Colorado School Of Mines","ii","Rocky Mountain","","","6","4","2","0","4","2","2","0","3","1","2","0","3","3","0","0","0","0","0","0","6","4","2","0","0","0","0","0"
"2025","2651","Trine University","iii","Michigan","","","5","3","2","0","2","1","1","0","3","2","1","0","2","1","1","0","0","0","0","0","5","3","2","0","0","0","0","0"
"2025","239","Baylor","fbs","Big 12","","3.9217926766723394","6","4","2","0","3","2","1","0","4","2","2","0","2","2","0","0","0","0","0","0","6","4","2","0","0","0","0","0"
"2025","2110","Central Arkansas","fcs","UAC","","3.0167486872524023","7","3","4","0","3","2","1","0","3","2","1","0","4","1","3","0","0","0","0","0","7","3","4","0","0","0","0","0"
"2025","194","Ohio State","fbs","Big Ten","","5.671144936233759","6","6","0","0","3","3","0","0","4","4","0","0","2","2","0","0","0","0","0","0","6","6","0","0","0","0","0","0"
"2025","175","Ithaca College","iii","Liberty League","","","6","5","1","0","3","3","0","0","2","1","1","0","4","4","0","0","0","0","0","0","6","5","1","0","0","0","0","0"
"2025","264","Washington","fbs","Big Ten","","4.486728876829147","6","5","1","0","3","2","1","0","4","3","1","0","2","2","0","0","0","0","0","0","6","5","1","0","0","0","0","0"
"2025","2644","Thiel","iii","Presidents'","","","5","0","5","0","3","0","3","0","3","0","3","0","2","0","2","0","0","0","0","0","5","0","5","0","0","0","0","0"
"2025","129738","Calvin University","iii","Michigan","","","5","4","1","0","2","1","1","0","1","1","0","0","3","2","1","0","1","1","0","0","5","4","1","0","0","0","0","0"
"2025","2588","Southwestern University","iii","Southern Athletic","","","5","3","2","0","2","1","1","0","3","2","1","0","2","1","1","0","0","0","0","0","5","3","2","0","0","0","0","0"
"2025","127","Michigan State","fbs","Big Ten","","2.2673713294789195","6","3","3","0","3","0","3","0","4","3","1","0","2","0","2","0","0","0","0","0","6","3","3","0","0","0","0","0"
"2025","2771","Merrimack","fcs","FCS Independents","","2.4927173107862473","7","3","4","0","0","0","0","0","4","3","1","0","3","0","3","0","0","0","0","0","7","3","4","0","0","0","0","0"
"2025","2120","Central Washington","ii","Lone Star","","","6","5","1","0","4","4","0","0","3","3","0","0","3","2","1","0","0","0","0","0","6","5","1","0","0","0","0","0"
"2025","189","Bowling Green","fbs","Mid-American","","2.3263989090919495","6","3","3","0","2","1","1","0","3","3","0","0","3","0","3","0","0","0","0","0","6","3","3","0","0","0","0","0"
"2025","2439","UNLV","fbs","Mountain West","","5.109471803531051","6","6","0","0","2","2","0","0","3","3","0","0","2","2","0","0","1","1","0","0","6","6","0","0","0","0","0","0"
"2025","452","Endicott College","iii","Commonwealth Coast","","","5","4","1","0","2","2","0","0","4","3","1","0","1","1","0","0","0","0","0","0","5","4","1","0","0","0","0","0"
"2025","2628","TCU","fbs","Big 12","","3.580248184502125","6","4","2","0","3","1","2","0","3","3","0","0","3","1","2","0","0","0","0","0","6","4","2","0","0","0","0","0"
"2025","99","LSU","fbs","SEC","","4.553660333156586","6","5","1","0","3","2","1","0","4","4","0","0","2","1","1","0","0","0","0","0","6","5","1","0","0","0","0","0"
"2025","2483","Oregon","fbs","Big Ten","","5.119221117347479","6","5","1","0","3","2","1","0","4","3","1","0","2","2","0","0","0","0","0","0","6","5","1","0","0","0","0","0"
"2025","2700","McDaniel College","iii","Centennial","","","5","1","4","0","1","0","1","0","2","1","1","0","3","0","3","0","0","0","0","0","5","1","4","0","0","0","0","0"
"2025","613","South Dakota Mines","ii","Rocky Mountain","","","7","2","5","0","5","2","3","0","3","1","2","0","4","1","3","0","0","0","0","0","7","2","5","0","0","0","0","0"
"2025","113","Massachusetts","fbs","Mid-American","","0.9836045119445771","6","0","6","0","2","0","2","0","3","0","3","0","3","0","3","0","0","0","0","0","6","0","6","0","0","0","0","0"
"2025","2911","William Jewell","ii","Great Lakes","","","6","2","4","0","4","0","4","0","2","0","2","0","3","1","2","0","1","1","0","0","6","2","4","0","0","0","0","0"
"2025","2886","Northwood (MI)","ii","Great Midwest Athletic","","","6","5","1","0","4","3","1","0","4","3","1","0","2","2","0","0","0","0","0","0","6","5","1","0","0","0","0","0"
"2025","2923","Pomona Pitzer","iii","So. Cal.","","","5","3","2","0","3","2","1","0","3","1","2","0","2","2","0","0","0","0","0","0","5","3","2","0","0","0","0","0"
"2025","2888","Ouachita Baptist","ii","Great American","","","6","3","3","0","6","3","3","0","3","2","1","0","3","1","2","0","0","0","0","0","6","3","3","0","0","0","0","0"
"2025","2940","Livingstone","ii","CIAA","Southern","","6","3","3","0","4","2","2","0","2","2","0","0","4","1","3","0","0","0","0","0","6","3","3","0","0","0","0","0"
"2025","251","Texas","fbs","SEC","","4.238192081451416","6","4","2","0","2","1","1","0","3","3","0","0","2","0","2","0","1","1","0","0","6","4","2","0","0","0","0","0"
"2025","84","Indiana","fbs","Big Ten","","4.9598647356033325","6","6","0","0","3","3","0","0","4","4","0","0","2","2","0","0","0","0","0","0","6","6","0","0","0","0","0","0"
"2025","263","Loras College","iii","American Rivers","","","5","1","4","0","3","1","2","0","2","0","2","0","3","1","2","0","0","0","0","0","5","1","4","0","0","0","0","0"
"2025","2755","Grambling","fcs","SWAC","West","2.7525323629379272","6","3","3","0","2","0","2","0","3","2","1","0","1","0","1","0","2","1","1","0","6","3","3","0","0","0","0","0"
"2025","2399","Minnesota Morris","iii","Upper Midwest","","","5","2","3","0","3","2","1","0","1","1","0","0","4","1","3","0","0","0","0","0","5","2","3","0","0","0","0","0"
"2025","2600","Saint John's (MN)","iii","Minnesota","","","5","4","1","0","4","3","1","0","3","3","0","0","2","1","1","0","0","0","0","0","5","4","1","0","0","0","0","0"
"2025","2105","Carson-Newman College","ii","South Atlantic","","","5","3","2","0","4","2","2","0","2","2","0","0","3","1","2","0","0","0","0","0","5","3","2","0","0","0","0","0"
"2025","2721","Whitworth","iii","Northwest","","","5","3","2","0","2","2","0","0","3","2","1","0","1","1","0","0","1","0","1","0","5","3","2","0","0","0","0","0"
"2025","340","Bowdoin","iii","NESCAC","","","5","0","5","0","5","0","5","0","3","0","3","0","2","0","2","0","0","0","0","0","5","0","5","0","0","0","0","0"
"2025","2845","Waynesburg","iii","Presidents'","","","6","2","4","0","3","1","2","0","3","1","2","0","3","1","2","0","0","0","0","0","6","2","4","0","0","0","0","0"
"2025","110243","UT Permian Basin","ii","Lone Star","","","6","5","1","0","4","3","1","0","3","2","1","0","3","3","0","0","0","0","0","0","6","5","1","0","0","0","0","0"
"2025","2283","Benedictine University","iii","NACC","","","6","5","1","0","4","3","1","0","3","3","0","0","3","2","1","0","0","0","0","0","6","5","1","0","0","0","0","0"
"2025","26","UCLA","fbs","Big Ten","","2.307862144894898","6","2","4","0","3","2","1","0","3","1","2","0","3","1","2","0","0","0","0","0","6","2","4","0","0","0","0","0"
"2025","195","Ohio","fbs","Mid-American","","3.763055995106697","6","3","3","0","2","1","1","0","3","3","0","0","3","0","3","0","0","0","0","0","6","3","3","0","0","0","0","0"
"2025","2930","Willamette","iii","Northwest","","","5","1","4","0","3","0","3","0","3","0","3","0","2","1","1","0","0","0","0","0","5","1","4","0","0","0","0","0"
"2025","2023","Anderson (IN)","iii","Heartland","","","5","1","4","0","2","0","2","0","2","1","1","0","3","0","3","0","0","0","0","0","5","1","4","0","0","0","0","0"
"2025","246","Juniata College","iii","Landmark Conference","","","6","2","4","0","1","0","1","0","2","1","1","0","4","1","3","0","0","0","0","0","6","2","4","0","0","0","0","0"
"2025","2306","Kansas State","fbs","Big 12","","4.091154530644417","7","3","4","0","4","2","2","0","4","3","1","0","2","0","2","0","1","0","1","0","7","3","4","0","0","0","0","0"
"2025","49","Dubuque","iii","American Rivers","","","6","2","4","0","4","2","2","0","3","2","1","0","3","0","3","0","0","0","0","0","6","2","4","0","0","0","0","0"
"2025","129469","Anderson (Sc)","ii","South Atlantic","","","7","5","2","0","5","3","2","0","1","1","0","0","4","2","2","0","2","2","0","0","7","5","2","0","0","0","0","0"
"2025","2758","Howard Payne","iii","American Southwest","","","6","3","3","0","2","1","1","0","3","2","1","0","3","1","2","0","0","0","0","0","6","3","3","0","0","0","0","0"
"2025","425","Northern State","ii","Northern Sun","","","6","4","2","0","6","4","2","0","3","3","0","0","3","1","2","0","0","0","0","0","6","4","2","0","0","0","0","0"
"2025","2731","Williams","iii","NESCAC","","","5","4","1","0","5","4","1","0","3","2","1","0","2","2","0","0","0","0","0","0","5","4","1","0","0","0","0","0"
"2025","409","Concordia-Wisconsin","iii","NACC","","","6","5","1","0","4","4","0","0","2","2","0","0","3","3","0","0","1","0","1","0","6","5","1","0","0","0","0","0"
"2025","2711","Western Michigan","fbs","Mid-American","","3.80954942968674","7","4","3","0","3","3","0","0","4","3","1","0","3","1","2","0","0","0","0","0","7","4","3","0","0","0","0","0"
"2025","253","Southern Utah","fcs","UAC","","2.126292735338211","6","1","5","0","2","0","2","0","3","1","2","0","3","0","3","0","0","0","0","0","6","1","5","0","0","0","0","0"
"2025","388","Lebanon Valley","iii","Mid Atlantic","","","5","3","2","0","4","3","1","0","4","2","2","0","1","1","0","0","0","0","0","0","5","3","2","0","0","0","0","0"
"2025","149","Montana","fcs","Big Sky","","3.905749812722206","6","6","0","0","3","3","0","0","5","5","0","0","1","1","0","0","0","0","0","0","6","6","0","0","0","0","0","0"
"2025","2646","Thomas More College","ii","Great Midwest Athletic","","0.016703486442565918","6","0","6","0","4","0","4","0","1","0","1","0","5","0","5","0","0","0","0","0","6","0","6","0","0","0","0","0"
"2025","2296","Jackson State","fcs","SWAC","East","4.398785650730133","6","5","1","0","3","3","0","0","3","3","0","0","2","1","1","0","1","1","0","0","6","5","1","0","0","0","0","0"
"2025","137","Missouri Western","ii","Mid America","","","6","1","5","0","4","0","4","0","3","1","2","0","3","0","3","0","0","0","0","0","6","1","5","0","0","0","0","0"
"2025","74","Millikin","iii","CCIW","","","5","2","3","0","4","1","3","0","2","1","1","0","3","1","2","0","0","0","0","0","5","2","3","0","0","0","0","0"
"2025","33","Colby College","iii","NESCAC","","","5","2","3","0","5","2","3","0","2","0","2","0","3","2","1","0","0","0","0","0","5","2","3","0","0","0","0","0"
"2025","2818","Montclair State","iii","New Jersey","","","5","2","3","0","2","1","1","0","2","0","2","0","2","1","1","0","1","1","0","0","5","2","3","0","0","0","0","0"
"2025","205","Pacific (OR)","iii","Northwest","","","5","1","4","0","3","1","2","0","2","0","2","0","3","1","2","0","0","0","0","0","5","1","4","0","0","0","0","0"
"2025","2891","Ripon","iii","Midwest","","","5","3","2","0","4","3","1","0","3","1","2","0","2","2","0","0","0","0","0","0","5","3","2","0","0","0","0","0"
"2025","2805","Clark Atlanta","ii","SIAC","","","6","2","4","0","4","1","3","0","3","2","1","0","2","0","2","0","1","0","1","0","6","2","4","0","0","0","0","0"
"2025","2019","Allen","ii","SIAC","","0.1840994954109192","7","2","5","0","5","2","3","0","4","2","2","0","3","0","3","0","0","0","0","0","7","2","5","0","0","0","0","0"
"2025","2848","Western Oregon","ii","Lone Star","","0.01084887981414795","6","4","2","0","4","3","1","0","3","3","0","0","3","1","2","0","0","0","0","0","6","4","2","0","0","0","0","0"
"2025","101442","CENTENARY","iii","Southern Collegiate Athletic","","","4","0","4","0","2","0","2","0","2","0","2","0","2","0","2","0","0","0","0","0","4","0","4","0","0","0","0","0"
"2025","2702","Western New England","iii","Commonwealth Coast","","","5","3","2","0","2","1","1","0","3","3","0","0","2","0","2","0","0","0","0","0","5","3","2","0","0","0","0","0"
"2025","317","Marietta","iii","Ohio","","","5","3","2","0","4","2","2","0","2","1","1","0","3","2","1","0","0","0","0","0","5","3","2","0","0","0","0","0"
"2025","2688","Washington and Lee","iii","Old Dominion","","","6","3","3","0","3","2","1","0","3","2","1","0","3","1","2","0","0","0","0","0","6","3","3","0","0","0","0","0"
"2025","227","Rhode Island","fcs","CAA","","4.244372300803661","7","5","2","0","3","3","0","0","3","3","0","0","4","2","2","0","0","0","0","0","7","5","2","0","0","0","0","0"
"2025","2226","Florida Atlantic","fbs","American Athletic","","2.5482596158981323","6","3","3","0","3","2","1","0","3","2","1","0","3","1","2","0","0","0","0","0","6","3","3","0","0","0","0","0"
"2025","2123","Chadron St","ii","Rocky Mountain","","0.3212336301803589","7","5","2","0","5","5","0","0","3","3","0","0","4","2","2","0","0","0","0","0","7","5","2","0","0","0","0","0"
"2025","3112","Christopher Newport","iii","New Jersey","","","5","5","0","0","1","1","0","0","2","2","0","0","3","3","0","0","0","0","0","0","5","5","0","0","0","0","0","0"
"2025","2056","Belhaven","iii","USA South","","","5","3","2","0","2","2","0","0","3","2","1","0","2","1","1","0","0","0","0","0","5","3","2","0","0","0","0","0"
"2025","172","Cornell","fcs","Ivy","","0.8967144335620105","4","0","4","0","2","0","2","0","1","0","1","0","3","0","3","0","0","0","0","0","4","0","4","0","0","0","0","0"
"2025","291","Methodist","iii","USA South","","","5","1","4","0","2","0","2","0","3","1","2","0","2","0","2","0","0","0","0","0","5","1","4","0","0","0","0","0"
"2025","2564","Simpson College (IA)","iii","American Rivers","","","5","2","3","0","3","1","2","0","3","0","3","0","2","2","0","0","0","0","0","0","5","2","3","0","0","0","0","0"
"2025","2044","Aurora","iii","NACC","","","6","4","2","0","4","3","1","0","3","1","2","0","3","3","0","0","0","0","0","0","6","4","2","0","0","0","0","0"
"2025","3162","Alfred State","iii","Empire 8","","","5","3","2","0","0","0","0","0","2","2","0","0","2","0","2","0","1","1","0","0","5","3","2","0","0","0","0","0"
"2025","295","Old Dominion","fbs","Sun Belt","East","4.290809720754623","6","4","2","0","2","1","1","0","3","3","0","0","3","1","2","0","0","0","0","0","6","4","2","0","0","0","0","0"
"2025","199","Southeastern Oklahoma State","ii","Great American","","","6","2","4","0","6","2","4","0","3","1","2","0","3","1","2","0","0","0","0","0","6","2","4","0","0","0","0","0"
"2025","2909","Westfield State","iii","MSCAC","","","5","2","3","0","3","1","2","0","3","1","2","0","2","1","1","0","0","0","0","0","5","2","3","0","0","0","0","0"
"2025","124179","Lincoln (CA)","ii","Independent DII","","0.01579970121383667","7","0","5","2","0","0","0","0","0","0","0","0","7","0","5","2","0","0","0","0","7","0","5","2","0","0","0","0"
"2025","351","Wingate","ii","South Atlantic","","","6","4","2","0","4","2","2","0","4","3","1","0","2","1","1","0","0","0","0","0","6","4","2","0","0","0","0","0"
"2025","153","North Carolina","fbs","ACC","","2.047400886192918","5","2","3","0","1","0","1","0","3","1","2","0","2","1","1","0","0","0","0","0","5","2","3","0","0","0","0","0"
"2025","356","Illinois","fbs","Big Ten","","4.20437416061759","7","5","2","0","4","2","2","0","4","3","1","0","3","2","1","0","0","0","0","0","7","5","2","0","0","0","0","0"
"2025","396","Wheaton","iii","CCIW","","","5","3","2","0","4","3","1","0","1","1","0","0","4","2","2","0","0","0","0","0","5","3","2","0","0","0","0","0"
"2025","72","Elmhurst","iii","CCIW","","","5","1","4","0","4","0","4","0","3","1","2","0","2","0","2","0","0","0","0","0","5","1","4","0","0","0","0","0"
"2025","490","Benedict College","ii","SIAC","","","6","6","0","0","5","5","0","0","4","4","0","0","2","2","0","0","0","0","0","0","6","6","0","0","0","0","0","0"
"2025","2118","Central Missouri","ii","Mid America","","","6","3","3","0","4","3","1","0","3","1","2","0","3","2","1","0","0","0","0","0","6","3","3","0","0","0","0","0"
"2025","276","Marshall","fbs","Sun Belt","East","4.052898295223713","6","3","3","0","2","1","1","0","3","2","1","0","3","1","2","0","0","0","0","0","6","3","3","0","0","0","0","0"
"2025","2199","Eastern Michigan","fbs","Mid-American","","2.1757316067814827","7","2","5","0","3","1","2","0","3","2","1","0","4","0","4","0","0","0","0","0","7","2","5","0","0","0","0","0"
"2025","2882","UNC Pembroke","ii","Carolinas","","","7","6","1","0","0","0","0","0","4","4","0","0","3","2","1","0","0","0","0","0","7","6","1","0","0","0","0","0"
"2025","2069","Black Hills State","ii","Rocky Mountain","","","7","1","6","0","5","1","4","0","3","0","3","0","4","1","3","0","0","0","0","0","7","1","6","0","0","0","0","0"
"2025","2630","UT Martin","fcs","Big South-OVC","","1.7687391750514507","7","2","5","0","3","2","1","0","3","2","1","0","4","0","4","0","0","0","0","0","7","2","5","0","0","0","0","0"
"2025","2373","Maryville College (TN)","iii","USA South","","","5","5","0","0","0","0","0","0","2","2","0","0","3","3","0","0","0","0","0","0","5","5","0","0","0","0","0","0"
"2025","2022","American International","ii","Northeast 10","","0.002171814441680908","5","0","5","0","4","0","4","0","2","0","2","0","3","0","3","0","0","0","0","0","5","0","5","0","0","0","0","0"
"2025","402","Worcester St","iii","MSCAC","","","5","1","4","0","4","1","3","0","2","1","1","0","3","0","3","0","0","0","0","0","5","1","4","0","0","0","0","0"
"2025","2703","Western New Mexico","ii","Lone Star","","","6","1","5","0","4","0","4","0","3","1","2","0","3","0","3","0","0","0","0","0","6","1","5","0","0","0","0","0"
"2025","2459","Northern Illinois","fbs","Mid-American","","2.3066434636712074","6","1","5","0","2","0","2","0","3","1","2","0","3","0","3","0","0","0","0","0","6","1","5","0","0","0","0","0"
"2025","2598","St. Francis (PA)","fcs","NEC","","0.8632388785481453","6","0","6","0","2","0","2","0","1","0","1","0","5","0","5","0","0","0","0","0","6","0","6","0","0","0","0","0"
"2025","70","Idaho","fcs","Big Sky","","3.1344838812947273","6","2","4","0","2","0","2","0","3","2","1","0","3","0","3","0","0","0","0","0","6","2","4","0","0","0","0","0"
"2025","38","Colorado","fbs","Big 12","","3.543038234114647","7","3","4","0","4","1","3","0","5","3","2","0","2","0","2","0","0","0","0","0","7","3","4","0","0","0","0","0"
"2025","2545","SE Louisiana","fcs","Southland","","3.9836783930659294","6","4","2","0","1","1","0","0","2","2","0","0","4","2","2","0","0","0","0","0","6","4","2","0","0","0","0","0"
"2025","2309","Kent State","fbs","Mid-American","","2.1429858803749084","6","2","4","0","2","1","1","0","3","2","1","0","3","0","3","0","0","0","0","0","6","2","4","0","0","0","0","0"
"2025","2980","Ohio Wesleyan","iii","North Coast","","","5","1","4","0","3","0","3","0","2","0","2","0","3","1","2","0","0","0","0","0","5","1","4","0","0","0","0","0"
"2025","2776","Salve Regina","iii","NEWMAC","","","5","4","1","0","2","1","1","0","3","3","0","0","2","1","1","0","0","0","0","0","5","4","1","0","0","0","0","0"
"2025","2725","Widener","iii","Mid Atlantic","","","5","2","3","0","4","1","3","0","3","2","1","0","2","0","2","0","0","0","0","0","5","2","3","0","0","0","0","0"
"2025","110438","Dean College","iii","MSCAC","","","5","0","5","0","0","0","0","0","3","0","3","0","2","0","2","0","0","0","0","0","5","0","5","0","0","0","0","0"
"2025","2016","Alcorn State","fcs","SWAC","West","2.268035463988781","6","1","5","0","3","0","3","0","2","1","1","0","3","0","3","0","1","0","1","0","6","1","5","0","0","0","0","0"
"2025","2142","Colgate","fcs","Patriot","","2.43995948927477","6","2","4","0","1","1","0","0","3","1","2","0","3","1","2","0","0","0","0","0","6","2","4","0","0","0","0","0"
"2025","2449","North Dakota State","fcs","MVFC","","5.949779323302209","6","6","0","0","3","3","0","0","3","3","0","0","3","3","0","0","0","0","0","0","6","6","0","0","0","0","0","0"
"2025","2746","Wittenberg","iii","North Coast","","","6","2","4","0","3","1","2","0","4","1","3","0","2","1","1","0","0","0","0","0","6","2","4","0","0","0","0","0"
"2025","77","Northwestern","fbs","Big Ten","","2.8145600594580173","6","4","2","0","3","2","1","0","4","3","1","0","2","1","1","0","0","0","0","0","6","4","2","0","0","0","0","0"
"2025","152","NC State","fbs","ACC","","3.8914288878440857","7","4","3","0","3","1","2","0","4","3","1","0","3","1","2","0","0","0","0","0","7","4","3","0","0","0","0","0"
"2025","145","Ole Miss","fbs","SEC","","5.029562905430794","6","6","0","0","3","3","0","0","5","5","0","0","1","1","0","0","0","0","0","0","6","6","0","0","0","0","0","0"
"2025","611","Seton Hill","ii","Pennsylvania State Athletic","Western","","7","3","4","0","5","2","3","0","4","1","3","0","3","2","1","0","0","0","0","0","7","3","4","0","0","0","0","0"
"2025","86","Rose-Hulman","iii","Heartland","","","5","1","4","0","2","1","1","0","2","0","2","0","3","1","2","0","0","0","0","0","5","1","4","0","0","0","0","0"
"2025","2335","Liberty","fbs","Conference USA","","2.6958518605679274","6","2","4","0","2","1","1","0","2","1","1","0","4","1","3","0","0","0","0","0","6","2","4","0","0","0","0","0"
"2025","330","Virginia St","ii","CIAA","Northern","0.012526094913482666","6","3","3","0","4","2","2","0","1","0","1","0","5","3","2","0","0","0","0","0","6","3","3","0","0","0","0","0"
"2025","2834","Sul Ross State","ii","Lone Star","","0.018074214458465576","6","0","6","0","4","0","4","0","2","0","2","0","4","0","4","0","0","0","0","0","6","0","6","0","0","0","0","0"
"2025","60","Morehouse College","ii","SIAC","","0.009983301162719727","6","2","4","0","4","2","2","0","1","0","1","0","2","1","1","0","3","1","2","0","6","2","4","0","0","0","0","0"
"2025","2083","Bucknell","fcs","Patriot","","3.282981690019369","7","4","3","0","2","0","2","0","4","3","1","0","3","1","2","0","0","0","0","0","7","4","3","0","0","0","0","0"
"2025","2974","Shepherd","ii","Pennsylvania State Athletic","Eastern","","6","2","4","0","5","2","3","0","2","1","1","0","4","1","3","0","0","0","0","0","6","2","4","0","0","0","0","0"
"2025","160","New Hampshire","fcs","CAA","","3.59832607395947","7","3","4","0","3","1","2","0","3","2","1","0","4","1","3","0","0","0","0","0","7","3","4","0","0","0","0","0"
"2025","2643","The Citadel","fcs","Southern","","1.1481454521417618","6","3","3","0","3","2","1","0","3","1","2","0","3","2","1","0","0","0","0","0","6","3","3","0","0","0","0","0"
"2025","2274","Hiram College","iii","Presidents'","","","5","2","3","0","1","1","0","0","2","1","1","0","3","1","2","0","0","0","0","0","5","2","3","0","0","0","0","0"
"2025","213","Penn State","fbs","Big Ten","","4.512545049190521","6","3","3","0","3","0","3","0","5","3","2","0","1","0","1","0","0","0","0","0","6","3","3","0","0","0","0","0"
"2025","2913","Brevard College","iii","USA South","","","5","3","2","0","2","1","1","0","3","2","1","0","2","1","1","0","0","0","0","0","5","3","2","0","0","0","0","0"
"2025","109","MIT","iii","NEWMAC","","","4","2","2","0","2","0","2","0","2","1","1","0","1","0","1","0","1","1","0","0","4","2","2","0","0","0","0","0"
"2025","2444","Newberry","ii","South Atlantic","","","6","5","1","0","5","4","1","0","3","2","1","0","3","3","0","0","0","0","0","0","6","5","1","0","0","0","0","0"
"2025","2029","Arkansas-Pine Bluff","fcs","SWAC","West","1.0983131527900696","5","2","3","0","2","1","1","0","1","1","0","0","3","0","3","0","1","1","0","0","5","2","3","0","0","0","0","0"
"2025","2849","Westminster (PA)","iii","Presidents'","","","5","3","2","0","3","2","1","0","2","1","1","0","3","2","1","0","0","0","0","0","5","3","2","0","0","0","0","0"
"2025","390","Utica","iii","Empire 8","","","6","4","2","0","2","1","1","0","3","3","0","0","3","1","2","0","0","0","0","0","6","4","2","0","0","0","0","0"
"2025","2970","William Paterson","iii","New Jersey","","","5","2","3","0","1","0","1","0","2","1","1","0","3","1","2","0","0","0","0","0","5","2","3","0","0","0","0","0"
"2025","2729","William & Mary","fcs","CAA","","2.5006511509418488","6","3","3","0","3","2","1","0","3","3","0","0","3","0","3","0","0","0","0","0","6","3","3","0","0","0","0","0"
"2025","2315","Kutztown University","ii","Pennsylvania State Athletic","Eastern","","6","6","0","0","5","5","0","0","3","3","0","0","3","3","0","0","0","0","0","0","6","6","0","0","0","0","0","0"
"2025","2181","Drake","fcs","Pioneer","","2.7509425282478333","5","3","2","0","2","2","0","0","2","2","0","0","3","1","2","0","0","0","0","0","5","3","2","0","0","0","0","0"
"2025","2013","Albany State GA","ii","SIAC","","","6","5","1","0","4","4","0","0","2","2","0","0","4","3","1","0","0","0","0","0","6","5","1","0","0","0","0","0"
"2025","2747","Wofford","fcs","Southern","","1.9808001518249512","6","1","5","0","2","0","2","0","3","1","2","0","3","0","3","0","0","0","0","0","6","1","5","0","0","0","0","0"
"2025","97","Louisville","fbs","ACC","","4.324686646461487","5","4","1","0","2","1","1","0","4","3","1","0","1","1","0","0","0","0","0","0","5","4","1","0","0","0","0","0"
"2025","242","Rice","fbs","American Athletic","","3.2903019189834595","7","3","4","0","4","1","3","0","3","1","2","0","4","2","2","0","0","0","0","0","7","3","4","0","0","0","0","0"
"2025","67","Luther","iii","American Rivers","","","6","0","6","0","4","0","4","0","3","0","3","0","3","0","3","0","0","0","0","0","6","0","6","0","0","0","0","0"
"2025","2402","Missouri S&T","ii","Great Lakes","","","7","3","4","0","4","1","3","0","4","1","3","0","3","2","1","0","0","0","0","0","7","3","4","0","0","0","0","0"
"2025","2579","South Carolina","fbs","SEC","","2.6615348029881716","6","3","3","0","4","1","3","0","3","2","1","0","2","0","2","0","1","1","0","0","6","3","3","0","0","0","0","0"
"2025","2749","Worcester Polytechnic Institute","iii","NEWMAC","","","5","2","3","0","2","1","1","0","2","0","2","0","3","2","1","0","0","0","0","0","5","2","3","0","0","0","0","0"
"2025","2230","Fordham","fcs","Patriot","","1.1364483814686537","6","1","5","0","3","1","2","0","2","1","1","0","4","0","4","0","0","0","0","0","6","1","5","0","0","0","0","0"
"2025","101784","ERSKINE","ii","Carolinas","","0","6","0","6","0","2","0","2","0","2","0","2","0","3","0","3","0","1","0","1","0","6","0","6","0","0","0","0","0"
"2025","2025","Angelo State","ii","Lone Star","","","6","4","2","0","4","2","2","0","3","2","1","0","3","2","1","0","0","0","0","0","6","4","2","0","0","0","0","0"
"2025","2242","Geneva","iii","Presidents'","","","6","3","3","0","4","3","1","0","3","1","2","0","3","2","1","0","0","0","0","0","6","3","3","0","0","0","0","0"
"2025","292","UT Rio Grande Valley","fcs","Southland","","4.010921835899353","6","5","1","0","0","0","0","0","4","4","0","0","2","1","1","0","0","0","0","0","6","5","1","0","0","0","0","0"
"2025","2717","Western Carolina","fcs","Southern","","4.064529234543443","7","4","3","0","3","3","0","0","4","2","2","0","3","2","1","0","0","0","0","0","7","4","3","0","0","0","0","0"
"2025","2639","Texas Lutheran","iii","Southern Collegiate Athletic","","","5","2","3","0","1","1","0","0","3","0","3","0","2","2","0","0","0","0","0","0","5","2","3","0","0","0","0","0"
"2025","386","Trinity University TX","iii","Southern Athletic","","","5","4","1","0","2","1","1","0","2","2","0","0","3","2","1","0","0","0","0","0","5","4","1","0","0","0","0","0"
"2025","2413","Morehead State","fcs","Pioneer","","1.8695869110524654","7","2","5","0","3","0","3","0","3","2","1","0","4","0","4","0","0","0","0","0","7","2","5","0","0","0","0","0"
"2025","2287","Illinois State","fcs","MVFC","","3.4358445070683956","6","4","2","0","2","1","1","0","3","2","1","0","3","2","1","0","0","0","0","0","6","4","2","0","0","0","0","0"
"2025","79","Southern Illinois","fcs","MVFC","","3.926866864785552","6","4","2","0","2","1","1","0","2","2","0","0","4","2","2","0","0","0","0","0","6","4","2","0","0","0","0","0"
"2025","2583","Southern Connecticut State","ii","Northeast 10","","0.12052065134048462","5","1","4","0","3","1","2","0","2","1","1","0","2","0","2","0","1","0","1","0","5","1","4","0","0","0","0","0"
"2025","2169","Delaware State","fcs","MEAC","","3.6742833480238914","7","4","3","0","0","0","0","0","3","3","0","0","4","1","3","0","0","0","0","0","7","4","3","0","0","0","0","0"
"2025","2790","Albion","iii","Michigan","","","5","2","3","0","2","0","2","0","2","1","1","0","3","1","2","0","0","0","0","0","5","2","3","0","0","0","0","0"
"2025","2107","Catawba","ii","South Atlantic","","","7","5","2","0","5","3","2","0","4","4","0","0","3","1","2","0","0","0","0","0","7","5","2","0","0","0","0","0"
"2025","2939","Jamestown College","ii","Northern Sun","","","6","1","5","0","0","0","0","0","0","0","0","0","3","1","2","0","3","0","3","0","6","1","5","0","0","0","0","0"
"2025","2155","Cornell College (IA)","iii","Midwest","","","5","2","3","0","4","2","2","0","3","0","3","0","2","2","0","0","0","0","0","0","5","2","3","0","0","0","0","0"
"2025","2175","Dickinson (PA)","iii","Centennial","","","5","3","2","0","2","1","1","0","2","2","0","0","3","1","2","0","0","0","0","0","5","3","2","0","0","0","0","0"
"2025","2839","Greeneville","ii","South Atlantic","","","6","1","5","0","5","0","5","0","3","0","3","0","2","1","1","0","1","0","1","0","6","1","5","0","0","0","0","0"
"2025","2967","Framingham State","iii","MSCAC","","","5","4","1","0","3","3","0","0","3","2","1","0","2","2","0","0","0","0","0","0","5","4","1","0","0","0","0","0"
"2025","2508","Puget Sound","iii","Northwest","","","5","0","5","0","3","0","3","0","3","0","3","0","2","0","2","0","0","0","0","0","5","0","5","0","0","0","0","0"
"2025","80","Chicago","iii","Midwest","","","5","4","1","0","4","4","0","0","3","2","1","0","2","2","0","0","0","0","0","0","5","4","1","0","0","0","0","0"
"2025","171","Columbia","fcs","Ivy","","1.0011330274865031","4","1","3","0","1","0","1","0","2","1","1","0","2","0","2","0","0","0","0","0","4","1","3","0","0","0","0","0"
"2025","2310","Kentucky State","ii","SIAC","","0.19556528329849243","7","5","2","0","6","5","1","0","2","1","1","0","4","3","1","0","1","1","0","0","7","5","2","0","0","0","0","0"
"2025","2553","Sewanee","iii","Southern Athletic","","","5","2","3","0","1","0","1","0","2","0","2","0","3","2","1","0","0","0","0","0","5","2","3","0","0","0","0","0"
"2025","2748","Wooster","iii","North Coast","","","6","3","3","0","4","2","2","0","4","2","2","0","2","1","1","0","0","0","0","0","6","3","3","0","0","0","0","0"
"2025","2964","Central College","iii","American Rivers","","","5","5","0","0","3","3","0","0","2","2","0","0","3","3","0","0","0","0","0","0","5","5","0","0","0","0","0","0"
"2025","256","James Madison","fbs","Sun Belt","East","4.897042544558644","6","5","1","0","3","3","0","0","3","3","0","0","3","2","1","0","0","0","0","0","6","5","1","0","0","0","0","0"
"2025","2486","Pacific Lutheran","iii","Northwest","","","5","3","2","0","2","2","0","0","3","2","1","0","2","1","1","0","0","0","0","0","5","3","2","0","0","0","0","0"
"2025","2320","Lamar","fcs","Southland","","3.103766530752182","6","5","1","0","2","2","0","0","3","3","0","0","3","2","1","0","0","0","0","0","6","5","1","0","0","0","0","0"
"2025","2707","West Virginia State","ii","Mountain East","","","6","4","2","0","4","3","1","0","2","2","0","0","4","2","2","0","0","0","0","0","6","4","2","0","0","0","0","0"
"2025","24","Stanford","fbs","ACC","","2.2131262719631195","6","2","4","0","3","1","2","0","2","2","0","0","4","0","4","0","0","0","0","0","6","2","4","0","0","0","0","0"
"2025","359","Otterbein","iii","Ohio","","","5","0","5","0","4","0","4","0","3","0","3","0","2","0","2","0","0","0","0","0","5","0","5","0","0","0","0","0"
"2025","2422","Muhlenberg","iii","Centennial","","","5","4","1","0","2","1","1","0","2","2","0","0","3","2","1","0","0","0","0","0","5","4","1","0","0","0","0","0"
"2025","2050","Ball State","fbs","Mid-American","","1.1003769487142563","6","2","4","0","2","1","1","0","2","2","0","0","4","0","4","0","0","0","0","0","6","2","4","0","0","0","0","0"
"2025","125974","Hilbert College","iii","Empire 8","","","6","0","6","0","0","0","0","0","2","0","2","0","3","0","3","0","1","0","1","0","6","0","6","0","0","0","0","0"
"2025","399","UAlbany","fcs","CAA","","1.7056627869606018","6","1","5","0","2","0","2","0","3","1","2","0","3","0","3","0","0","0","0","0","6","1","5","0","0","0","0","0"
"2025","2803","Bryant","fcs","CAA","","2.5706655075773597","7","2","5","0","3","0","3","0","4","1","3","0","3","1","2","0","0","0","0","0","7","2","5","0","0","0","0","0"
"2025","2524","Rockford","iii","NACC","","","6","1","5","0","4","0","4","0","3","1","2","0","3","0","3","0","0","0","0","0","6","1","5","0","0","0","0","0"
"2025","2682","Walsh","ii","Great Midwest Athletic","","","6","4","2","0","4","2","2","0","3","2","1","0","3","2","1","0","0","0","0","0","6","4","2","0","0","0","0","0"
"2025","2232","Fort Valley State","ii","SIAC","","","6","1","5","0","4","1","3","0","2","0","2","0","3","1","2","0","1","0","1","0","6","1","5","0","0","0","0","0"
"2025","2247","Georgia State","fbs","Sun Belt","East","1.5120769897475839","6","1","5","0","2","0","2","0","4","1","3","0","2","0","2","0","0","0","0","0","6","1","5","0","0","0","0","0"
"2025","2977","Trinity (CT)","iii","NESCAC","","","5","4","1","0","5","4","1","0","3","2","1","0","2","2","0","0","0","0","0","0","5","4","1","0","0","0","0","0"
"2025","13","Cal Poly","fcs","Big Sky","","2.920545097440481","7","3","4","0","3","1","2","0","2","1","1","0","5","2","3","0","0","0","0","0","7","3","4","0","0","0","0","0"
"2025","2115","Central Connecticut","fcs","NEC","","2.9581555873155594","7","4","3","0","2","2","0","0","4","3","1","0","3","1","2","0","0","0","0","0","7","4","3","0","0","0","0","0"
"2025","2170","Delta State","ii","Gulf South","","","6","5","1","0","2","2","0","0","3","3","0","0","3","2","1","0","0","0","0","0","6","5","1","0","0","0","0","0"
"2025","2695","West Alabama","ii","Gulf South","","","6","5","0","1","2","2","0","0","3","2","0","1","2","2","0","0","1","1","0","0","6","5","0","1","0","0","0","0"
"2025","47","Howard","fcs","MEAC","","2.8358846604824066","6","3","3","0","0","0","0","0","0","0","0","0","3","0","3","0","3","3","0","0","6","3","3","0","0","0","0","0"
"2025","415","NEWBERG","iii","Northwest","","","5","0","5","0","3","0","3","0","2","0","2","0","3","0","3","0","0","0","0","0","5","0","5","0","0","0","0","0"
"2025","5","UAB","fbs","American Athletic","","1.205747777596116","6","2","4","0","3","0","3","0","3","2","1","0","3","0","3","0","0","0","0","0","6","2","4","0","0","0","0","0"
"2025","151","East Carolina","fbs","American Athletic","","3.400215837173164","6","3","3","0","2","1","1","0","3","2","1","0","3","1","2","0","0","0","0","0","6","3","3","0","0","0","0","0"
"2025","2641","Texas Tech","fbs","Big 12","","5.904861998744309","6","6","0","0","3","3","0","0","4","4","0","0","2","2","0","0","0","0","0","0","6","6","0","0","0","0","0","0"
"2025","201","Oklahoma","fbs","SEC","","4.697906136512756","6","5","1","0","2","1","1","0","4","4","0","0","1","1","0","0","1","0","1","0","6","5","1","0","0","0","0","0"
