"team","year","wins","losses","PF","PA","Overall","Offense","Passing","Pass_Block","Receiving","Running","Run_Block","Defense","Run_Defense","Tackling","Pass_Rush","Coverage"
"Air Force",2014,10,3,409,314,84,79.9,69.4,77.1,77.7,61.9,82.9,80.8,87.7,87,64.3,72.4
"Akron",2014,5,7,271,277,73,64.3,57,82.3,55.2,60.1,78.4,82.8,85.7,89.3,65.5,86.9
"Alabama",2014,12,2,517,258,93.8,93.6,85.5,91.1,82.7,83.6,87.8,93.3,96.3,91.8,72.8,90.3
"App State",2014,7,5,428,328,81.6,75.6,62.2,79.1,69.5,61,87.2,82.4,74.2,64.1,70.7,86.5
"Arizona",2014,10,4,483,395,81,69.6,66.8,89.5,56.5,68,73.5,90.8,92.4,90.3,59.8,90.9
"Arizona State",2014,10,3,480,363,80.4,77.6,66.7,82.7,74.8,65.5,76.7,77.6,79.2,88.2,55.6,82.8
"Arkansas",2014,7,6,415,250,90.2,88.3,71.5,68.9,81.3,78.4,87.1,87.3,87.9,64.9,72,80
"Arkansas State",2014,7,6,477,396,80.9,72.3,69.5,79.2,67,59.8,79.7,87.8,86.8,91.5,73.9,86.7
"Army",2014,4,8,299,395,73.2,76.8,44.9,78.4,57.4,73.6,79.6,62.6,65.4,67.2,52.3,63.4
"Auburn",2014,8,5,461,347,90.5,93.4,87.8,88.8,79.9,83.4,88,78.9,80.4,84.7,68.3,78.2
"Ball State",2014,5,7,332,326,80.9,80.9,60.9,83.6,69.4,74.4,85.6,72.8,67.9,83.5,58.3,79.2
"Baylor",2014,11,2,627,332,90.9,88.1,86.8,85.8,81.6,77.5,76.3,91,93.4,91.4,77.9,83.9
"Boise State",2014,12,2,556,375,91.2,89.1,90.5,78.4,77,79.5,83.3,91.3,91.3,92.1,68.9,90.4
"Boston College",2014,7,6,341,277,80.8,71.7,64.7,64.7,59.3,73.8,70.4,86.6,89.8,79.8,68.4,79.4
"Bowling Green",2014,8,6,420,469,76.5,76,66.1,86.8,63.9,68.8,83.4,72.6,78.6,77.6,64.2,68.5
"Buffalo",2014,5,6,355,347,91,88.3,69.5,84.9,80.8,73.3,88.1,90.4,92.5,91.4,70.6,74.4
"BYU",2014,8,5,387,268,87.4,74.7,68.1,82.7,61.1,83.6,70.8,92,93.1,86.6,66.7,91
"California",2014,5,7,459,477,80.2,82.5,81.6,72.2,78.2,79.1,72.5,69.5,84.2,76.9,52.3,62.8
"Central Michigan",2014,7,6,350,327,89.2,86.1,76.2,85.1,85.4,69.5,80.8,84.3,83.4,92.9,71.1,83.7
"Cincinnati",2014,9,4,442,354,85.1,82.8,74.9,92.5,73.5,75.4,78.7,79.6,69.3,87.9,65.5,86.7
"Clemson",2014,10,3,401,217,90.2,76.5,65.4,81,73.7,66.7,74.4,94.3,94,90.1,87.7,91.4
"Colorado",2014,2,10,342,468,77.6,73.3,67.9,85.6,68.2,66.2,70,78.2,71.9,90.7,55.3,89.5
"Colorado State",2014,10,3,441,326,89.5,88.7,78.8,73.1,80.6,82.4,86,83.9,80,90.3,70.6,85.6
"UConn",2014,2,10,186,358,71.9,63.1,55.2,79.4,55.5,59.7,70.6,79.6,89.5,85.7,69,60.7
"Duke",2014,9,4,421,283,77.5,75.5,59.2,89.5,59.4,74.4,87.2,74.3,59.7,90.4,71.4,84.2
"East Carolina",2014,8,5,466,336,85.9,87,80.3,83.4,80.4,74,87.1,73.7,81.7,85.6,59.5,71.2
"Eastern Michigan",2014,2,10,182,491,62.5,58.2,46.5,68,51.6,59.3,69.2,67.7,66.7,89.1,56.3,72.4
"Florida",2014,7,5,363,253,88.3,70.5,61.6,85.9,55,73.8,71.3,93.4,92,90.9,69.1,94
"Florida Atlantic",2014,3,9,288,413,72.4,71.5,62.9,70.2,60.5,63.4,83,68.9,58.6,87.5,63.8,77.1
"Florida International",2014,4,8,276,298,68.9,58.8,36.9,64.9,53.6,66.4,69.7,80.8,71.9,77.8,74.2,89.2
"Florida State",2014,13,1,472,358,90.1,89.4,79.3,83.4,81.5,79.2,87.3,87.5,90.2,90,64.4,88.3
"Fresno State",2014,6,8,371,454,79.3,74.9,62.3,86.5,53.8,75.9,88.7,79.8,77.2,88.6,63,81.9
"Georgia",2014,10,3,537,269,92.7,89.6,85,78.6,81.6,80.7,79.8,93.3,92.9,94.1,77.9,91.7
"Georgia Southern",2014,9,3,469,281,88.8,82,73.4,70.2,63.9,68.9,87.7,87.5,91.3,92.8,69.1,78.8
"Georgia State",2014,1,11,272,520,66.2,68.5,81.8,58.5,69.2,52.2,64.8,59.7,65.3,85.5,50.7,55.2
"Georgia Tech",2014,11,3,530,360,86.4,91.6,69.5,64.4,88.5,88.3,81.2,68.7,63.5,82.6,63,72.1
"Hawaii",2014,4,9,272,349,66.9,62.2,56.8,77.6,54.8,58.3,70,72,79.8,92.4,54.5,67.9
"Houston",2014,8,5,387,268,87.4,74.7,68.1,82.7,61.1,83.6,70.8,92,93.1,86.6,66.7,91
"Idaho",2014,1,10,275,410,71.5,63.4,57.7,51,63.5,58,73.2,82.1,89.8,78.4,72.6,63.2
"Illinois",2014,6,7,337,442,74.6,71.3,64.1,70.7,67.5,72.3,70.2,74.6,73.5,91,66,74.5
"Indiana",2014,4,8,301,394,73.1,70.6,52,79.7,55.9,79.3,73.1,71.6,62.6,66.8,66.1,76.3
"Iowa",2014,7,6,367,333,84.9,80,73.6,82.6,60.2,66.9,88.1,82.9,81.6,89.9,69.5,78
"Iowa State",2014,2,10,278,466,66.9,68.1,57.2,82.8,56.7,69,75.8,62.4,54.5,59.3,56,74.5
"Kansas",2014,3,9,214,399,65.7,60.9,42.4,68.1,62,55.5,73.5,71,58.7,77.6,61.1,84.7
"Kansas State",2014,9,4,465,301,90.6,92.2,87.9,95.4,88.9,61.9,86.2,83.7,86.1,84.8,67.9,77.8
"Kent State",2014,2,9,180,319,71.8,62.4,48.7,84,60.1,63.1,64.6,81.7,81.7,94.5,58.3,86.1
"Kentucky",2014,5,7,350,375,76,69.1,54.2,72.4,60.1,68.6,79.6,80.7,74.9,75,70.5,83.4
"Liberty",2014,8,5,577,519,83.3,88.9,86.7,89.3,83.7,68,83,65.9,71.2,66.8,57,63.7
"Lafayette",2014,9,4,383,338,87.3,84.6,68,66.4,73.1,72.9,89.9,80.7,77.5,56.2,75.1,75.5
"Louisiana Tech",2014,9,5,523,346,83.4,75.8,69.5,70.2,69.8,68.6,78.8,87.1,80.7,82,63.1,90.6
"UL Monroe",2014,4,8,241,315,68.4,58,64.2,42.4,57.7,46.9,70.9,84.3,79.1,74.1,76.4,83.7
"Louisville",2014,9,4,405,283,90.8,78.1,70.3,63.2,73.7,73.9,80,94.4,93.8,85.9,76.6,93.1
"LSU",2014,8,5,359,228,89.7,82.8,65.7,90.4,66.8,74.8,85.4,90.6,91.3,85,59.6,90.4
"Marshall",2014,13,1,638,294,90.5,89.8,86,95.8,72.6,76.1,89,89.9,89.4,91.7,67,90.6
"Maryland",2014,7,6,370,392,75,64.3,52.3,76.4,61.3,69.1,63.8,84.8,77.7,90.3,73.9,86.2
"Massachusetts",2014,3,9,328,396,80.7,79,71.6,62.9,77.3,60.3,86.7,75.7,73.4,69.2,58.8,82
"Memphis",2014,10,3,471,253,88.1,79,78.3,71.6,73.3,69.3,75.2,90.5,86.7,81.5,65.3,91.3
"Miami (FL)",2014,6,7,380,316,87.9,84.2,66.8,87.7,70.9,79.1,86.9,82.9,77,90,59.7,90.3
"Miami (OH)",2014,2,10,268,382,72.7,67.3,59.4,71.9,71.7,57.5,64.2,76.5,77.1,80.3,57.1,81.4
"Michigan",2014,5,7,251,269,84.6,71.5,58,81.1,59.1,65.9,80.2,91.1,93.5,95.1,74.2,74
"Michigan State",2014,11,2,559,280,92.1,92.1,79.7,82.8,87.4,78.8,84.1,91.1,90.9,90.6,81.9,86.8
"Middle Tennessee",2014,6,6,379,378,80.1,79.9,74.7,76.6,64.1,71.6,88.3,72.8,59.2,80.9,62.8,86.6
"Minnesota",2014,8,5,369,314,81.2,77,53.5,68.7,64.3,73.3,83.3,79.2,61.7,80.9,73.3,89.9
"Ole Miss",2014,9,4,368,208,86.6,72.1,66.1,68.8,74.5,63.5,69.1,92.5,90.1,80.5,71.2,93.1
"Mississippi State",2014,10,3,480,282,86.3,78.9,71,74.7,74.1,68.5,81.5,88.8,91.7,75.2,70.6,77.7
"Missouri",2014,11,3,389,295,84,72.9,65.4,70.1,60.4,76.2,80.4,90.6,90.9,91.6,88.6,81.6
"Nebraska",2014,9,4,491,343,89.1,83,57.4,69.5,73.4,79,88.5,89.8,81.8,88.5,68.1,90.6
"Nevada",2014,7,6,379,354,80.2,77.3,70.9,83.3,66.5,70.3,77,77.6,68.8,81.2,70.7,82
"New Mexico",2014,4,8,332,431,77.4,81.3,50.6,77.2,59.1,75.5,87.7,66,57.9,86.6,62.3,76.4
"New Mexico State",2014,2,10,294,469,69.7,66.9,56.2,80.6,61.9,59.3,75.6,70.6,68.6,82.1,58.2,73.1
"North Carolina",2014,6,7,432,507,68.2,75.3,65.2,61.5,70.2,73.8,81.4,53,53.2,72.4,62.2,50.1
"NC State",2014,8,5,392,351,89.5,83,69.4,82.3,63.7,85.7,86.2,90.5,88.9,90.6,76.1,88
"North Texas",2014,4,8,326,358,73.8,71.2,49.9,80.8,63.3,67.1,78.4,72,64,90.9,74.2,73.8
"Northern Illinois",2014,11,3,441,359,86.5,83.1,73.7,86.7,61,76.2,88.1,82.6,83.4,87.2,63.2,84
"Northwestern",2014,5,7,276,302,76.8,73.8,73.2,70.8,59.3,77.4,74.5,75,61.5,90.9,72.3,85.1
"Notre Dame",2014,8,5,427,379,82.7,83.4,81.2,84.7,74.9,69.9,79.5,72.6,68.8,68.6,63.3,77.2
"Ohio",2014,6,6,246,298,77.7,68.4,66.4,79.4,60,63.6,70.7,85.3,84.3,88.9,63.9,88
"Ohio State",2014,14,1,672,330,92.1,91.7,70.2,70.4,72.2,93,89.3,92,92,91.8,87,89
"Oklahoma",2014,8,5,473,337,88.8,82.4,55.5,86.3,69,72.7,88.6,88.3,90.7,72.7,76.9,80
"Oklahoma State",2014,7,6,359,406,80,75.4,65,67.6,76,71.6,68.6,79.8,77.2,72.1,72,76.8
"Old Dominion",2014,6,6,392,456,80.5,82.3,88,77.7,68.7,80.9,75.7,68.5,66.4,59.8,58.7,70.9
"Oregon",2014,13,2,681,354,90.8,91.7,91.8,75.5,78.6,85.4,82.9,90,88.6,84.9,61.5,90.9
"Oregon State",2014,5,7,308,379,84,77.4,78.7,79.2,64.8,77.1,75.3,85,82.7,81,60.3,90
"Penn State",2014,7,6,268,242,77.4,60.5,52.5,69.1,64.3,53.9,63.8,92.4,93.7,92.9,72.4,89.4
"Pittsburgh",2014,6,7,414,342,90.3,93,68.6,81.3,77.5,84.8,89.5,77.6,73.1,84,60.3,85
"Purdue",2014,3,9,286,380,68.5,64.4,53.8,57.3,53.3,75.3,73.8,71.6,65.6,79.4,69.8,73.6
"Rice",2014,8,5,374,370,80.6,76.8,76.1,86.4,62.8,59.1,86.5,78.7,74.2,79.9,68.6,81.9
"Rutgers",2014,8,5,347,392,78.4,87,68.9,64.8,76.3,77.8,88.3,59,56.3,54.4,66.4,57.8
"San Diego State",2014,7,6,325,258,89.2,82.4,53.2,80.6,68.2,70.8,89.2,90.2,89.4,92.6,62,90.6
"San Jose State",2014,3,9,232,353,76.2,71.1,68.2,73.8,63.7,64.3,75.6,78.3,69.3,90.6,60.7,89.9
"SMU",2014,1,11,133,496,50.7,51.9,34.2,76.1,47.6,61.3,66.1,52.7,62.8,57.8,58,35.7
"South Alabama",2014,6,7,293,343,78.4,72.6,57,76.3,60.5,65.8,87.3,81.2,78.2,86.4,73.1,78.9
"South Carolina",2014,7,6,424,395,78.3,80.8,75.5,80.4,70.4,70.7,83,67,70.6,69.1,58.9,65.6
"Southern Miss",2014,3,9,228,425,64.5,66.2,67.6,52.5,61.1,74.2,65.4,59.4,67.3,38.1,58.8,50.3
"Stanford",2014,8,5,353,213,89.8,83,77.4,93.6,78.1,59.8,82.2,90.9,93.8,92.1,72.5,82.5
"Syracuse",2014,3,9,205,292,70.1,64.7,52,63.9,57.9,69.1,75,74.8,76.8,62.2,66.2,68.7
"TCU",2014,12,1,604,247,91.1,83.1,74.2,92.5,67.5,78.5,87.7,93.5,91.5,82.4,87.9,91
"Temple",2014,6,6,277,210,75.1,58.6,41,80.5,50.9,62,72.5,91.1,87,93,72.9,91.6
"Tennessee",2014,7,6,376,315,82,71.6,65,58.7,68,76.3,67.8,90.3,91.1,76,68.3,89
"Texas",2014,6,7,278,310,83.2,67,64.5,63.6,64,59.2,72.9,92.2,93.4,93.7,68.8,90.7
"Texas A&M",2014,8,5,458,365,83.3,78.3,68.3,87,69,68.7,82.7,83.1,80.6,88.4,75.8,79.9
"Texas State",2014,7,5,406,332,83.8,77.9,66.7,84.5,69.6,68,81.1,84.1,80.5,77.2,66.7,87
"Texas Tech",2014,4,8,366,495,74.3,79,69.2,78.7,67.8,77.3,88.3,60.8,56.9,65.7,56,69.1
"Toledo",2014,9,4,476,396,86.4,88.8,73.3,83.5,67.8,82.2,89.9,72.6,87.8,72.1,63.8,59
"Troy",2014,3,9,262,434,71.4,68.6,69.5,70.3,58.4,58.9,79.4,71.3,66,74.7,66,76.3
"Tulane",2014,3,9,192,341,73.4,68,44.3,75.4,58.6,71,83.4,76.9,70.7,60,76.6,79.6
"Tulsa",2014,2,10,296,471,66.1,68.4,58.7,76.7,65.6,66.5,67.8,59.1,57.1,77.1,67.7,57.8
"UAB",2014,6,6,398,359,80.1,80.3,64.1,78.1,70.3,76.8,79.9,71.5,62.1,64.9,70.3,75.2
"UCF",2014,9,4,365,249,83,72.5,63.2,67.3,69.5,62.2,78.9,90.3,80.5,80.2,70.4,91.3
"UCLA",2014,10,3,435,365,88.2,77.3,72.4,86.5,63,75.2,78.2,91.4,93.1,91.2,75.1,89.8
"UNLV",2014,2,11,285,500,70.3,70.7,57.3,82.7,61.8,71.5,77.3,65.7,67.4,67.7,57.1,66.4
"USC",2014,9,4,466,327,91.1,90.7,92.1,72,84.9,77.4,80.7,90.6,94.8,92.7,62.3,89.3
"USF",2014,4,8,206,324,67.9,61.7,59.2,79,55.4,57.3,66.7,73.9,80.8,90.5,64.7,62.7
"Utah",2014,9,4,407,324,84.6,73.6,73.5,89.2,60.7,64.4,75.7,90.6,93.8,92.3,66.8,85.2
"Utah State",2014,10,4,377,276,84.8,75.2,64.5,79.3,64.6,75.7,74.7,89.9,91.7,89,69.4,86.8
"UTEP",2014,7,6,346,365,77.2,75.3,54.8,80.9,54.5,72.3,86.5,72.4,67.4,68.5,58.2,81.6
"UTSA",2014,4,8,205,311,78.8,61.7,42.8,69.4,57.9,58.5,78.7,92,93.3,91.7,75.9,89.3
"Vanderbilt",2014,3,9,206,399,70,62.1,48.9,66.4,65.6,51,72.6,77.8,88.6,88,62.9,61.4
"Virginia",2014,5,7,310,289,86.1,75.5,76.8,74.7,66.2,70.9,72.8,90.8,84.7,90.1,82.5,89.4
"Virginia Tech",2014,7,6,313,262,77.7,76.8,69.6,70.6,69.4,67.8,84.2,71.8,58.1,65.8,79.1,74.2
"Wake Forest",2014,3,9,178,317,71.7,61.8,61.8,63.7,65.3,57.3,55.4,82,81.8,87.1,65,80.8
"Washington",2014,8,6,423,347,84.5,73.2,62.2,80.7,63.2,61.4,82.8,90.7,92.9,81.9,78.6,83.6
"Washington State",2014,3,9,382,463,78.5,80.2,80.8,89,73.7,63.8,78.1,66.6,78.7,77.4,57.6,55.8
"West Virginia",2014,7,6,435,359,81.1,77.5,74.4,85.1,71.7,66.6,72.7,79.7,83.4,59.3,60.1,82.6
"Western Kentucky",2014,8,5,577,519,83.3,88.9,86.7,89.3,83.7,68,83,65.9,71.2,66.8,57,63.7
"Western Michigan",2014,8,5,439,324,84.9,81.1,74.5,80.4,76,68.7,76.4,81.3,73.2,82.1,58.7,89.9
"Wisconsin",2014,11,3,484,291,90.6,93.1,63.9,80.5,70.4,90.7,89.4,78.8,75.4,94.1,69.2,75.5
"Wyoming",2014,4,8,253,394,68.9,75,65.5,74,71.3,67.5,76.6,54.7,52.4,57.3,63.6,51.6
"Air Force",2015,8,6,473,357,88,87.6,71.2,84.5,80.1,65.6,88.5,77.2,75.3,93.6,65.1,76.4
"Akron",2015,8,5,311,279,89.4,83.4,65.2,68.2,74.5,76.4,87.4,90,78.8,72.6,88.4,89.5
"Alabama",2015,14,1,526,227,94.9,92.6,74.2,78.8,78.2,84.7,89.6,95.9,97.2,93.8,90.4,92.7
"App State",2015,11,2,477,248,91.4,92.6,72.2,92,73.6,75.3,91.8,87.4,75.5,66.9,74,90.1
"Arizona",2015,7,6,486,465,80.5,84.2,80.4,67.1,68.5,81.6,88.3,67.5,64.8,71.3,61.9,69.9
"Arizona State",2015,6,7,450,435,83,84.2,77.7,84.5,71.4,76.4,84.8,72.4,81.5,63.6,68.6,58.5
"Arkansas",2015,8,5,467,356,91.6,96.7,90.6,75.8,93.3,77.7,90.4,71.5,74,78.6,80.7,55.1
"Arkansas State",2015,9,4,520,393,88.8,83,64.7,80.5,73.1,77.5,87.4,86.9,79.6,72.6,80.6,86.3
"Army",2015,2,10,265,334,76,77.6,62.3,68.5,80.8,57.9,85.3,66.5,58,87.8,60.4,74.4
"Auburn",2015,7,6,357,338,89.4,88.2,64.6,81.7,68,79.3,90.2,83.2,73.6,92.9,72.2,89.1
"Ball State",2015,3,9,277,430,76.8,76.4,58,92.7,63.4,67.4,87.3,70.7,72.7,91.2,74.4,57.4
"Baylor",2015,10,3,625,368,91.4,93.9,77.9,87.4,76.7,87.3,91.7,83.8,90.6,79.7,79.3,69
"Boise State",2015,9,4,508,263,92.4,90.6,80.1,81.9,75.5,77.1,89.3,92.5,92.2,84.9,73.5,91.7
"Boston College",2015,3,9,206,183,81.8,61.9,47.3,50.1,49.7,67.8,76.7,92.9,93.9,93.1,79.8,88.9
"Bowling Green",2015,10,4,591,405,89.2,93.8,91.3,82.8,80.7,80,90.2,70,64.3,72.7,62.6,78.8
"Buffalo",2015,5,7,320,331,85.5,80.5,71.7,77.2,73.8,70.3,82.3,83.2,72.9,88.5,67.1,90
"BYU",2015,13,1,566,290,89.9,87,81.6,77.4,71.3,78.4,88.3,88.3,82.6,90.7,69.4,89.8
"California",2015,8,5,493,399,86.3,92.4,91.2,79.4,76.3,91.4,84.2,64.8,52.3,67.2,67.4,72.7
"Central Michigan",2015,7,6,336,286,84.1,82.1,84.3,74.8,86.4,63.1,71.2,76.9,75.5,90.9,62.7,79.6
"Charlotte",2015,2,10,210,435,68.9,64.1,40.6,62.7,55,67.3,78.8,73,59.8,77.5,69,85.2
"Cincinnati",2015,7,6,440,405,89.4,91.9,81.4,81.4,82.5,80.8,88.2,75.1,71.5,76.9,63.3,80.4
"Clemson",2015,14,1,577,325,90.4,85.2,79.5,79.5,75,79,79.9,91.4,91.1,88.2,77.6,89.9
"Colorado",2015,4,9,320,357,76.9,75.8,71.2,66.4,67.3,70.2,79.4,72.1,61.5,77,65,81.2
"Colorado State",2015,7,6,385,354,89.5,89.2,69.8,81.5,77.9,74.1,89.3,80.9,74.4,92,73.6,85.1
"UConn",2015,6,7,223,253,83.2,70.4,57.7,68.6,59.9,61.1,87.4,90.7,85.9,78.2,70.7,90.7
"Duke",2015,8,5,410,330,81.2,78.4,69.7,80.8,62.9,67.6,90.2,77.7,79.8,91.8,59.3,76.1
"East Carolina",2015,5,7,329,312,80.1,81.8,80.2,75.8,70.4,73.3,86.7,68.6,68.5,72.1,64.3,66.9
"Eastern Michigan",2015,1,11,305,505,60.6,71.7,61.5,65,64.3,67.1,84.1,41.9,38.8,59.6,59.3,49.4
"Florida",2015,10,4,325,256,84.2,74.3,55.3,62,70.7,77.9,76.8,90,81.9,77,76.1,90.7
"Florida Atlantic",2015,3,9,270,345,81.2,73.1,55.5,69.3,64.7,67.3,85.7,85.7,74.9,75.6,82,86
"Florida International",2015,5,7,306,358,72.2,68.3,72.1,71,59.9,64.3,68.9,73.4,65.4,77.2,71,77.8
"Florida State",2015,10,3,412,227,91,86.1,77.8,60,74,83.7,88.2,91.8,92.5,93.4,75.8,89.7
"Fresno State",2015,3,9,267,457,66.4,64.7,49.5,79,56,70.7,71.9,66.5,54,90.5,72.5,74.7
"Georgia",2015,10,3,342,220,91.1,87,65.7,79.7,76.5,80,87.4,91.1,90.6,74.7,77.4,87.7
"Georgia Southern",2015,9,4,474,306,90.9,90.9,54.4,75.3,59.8,81.2,91,86.1,88.4,92.4,65.9,82.9
"Georgia State",2015,6,7,350,368,78.6,77.4,86.7,56.7,73,65.7,74.5,73.7,76,85.2,56.6,77.7
"Georgia Tech",2015,3,9,351,309,80.1,79.9,55.3,71.1,81.5,73.7,76.8,71.3,61.8,60.5,68.9,74.9
"Hawaii",2015,3,10,229,463,66.9,67,44.3,74.2,56.7,63.7,88.3,64.3,65.2,72.5,68.6,61.4
"Houston",2015,13,1,566,290,89.9,87,81.6,77.4,71.3,78.4,88.3,88.3,82.6,90.7,69.4,89.8
"Idaho",2015,4,8,364,505,76.2,83.2,77.7,86.2,70.5,70.4,86.2,55.4,51.2,47.5,67.4,53.8
"Illinois",2015,5,7,272,279,77.4,69.1,67.2,78.1,56,69.6,74.9,84.5,76.9,90.3,76.9,85.5
"Indiana",2015,6,7,475,489,86.4,93.1,77.2,88.3,81.4,75.1,90.3,65,57.2,72.1,74.9,64.3
"Iowa",2015,12,2,433,285,90.5,92.6,74.2,69.9,74.6,73.1,93.1,83.1,81.2,92.9,66.3,83.3
"Iowa State",2015,3,9,300,392,75.2,76,70.4,83.1,61.2,63.4,87.9,67.4,56.7,76.8,58.6,77.2
"Kansas",2015,0,12,183,553,54.4,63.5,50.5,71.6,59.6,56.4,77.7,42.2,29.7,72,66.2,49.4
"Kansas State",2015,6,7,389,409,80.2,82.8,57,91.2,64.9,63.9,93.7,68.7,65.8,57.9,75.9,60.6
"Kent State",2015,3,9,157,313,75.1,62,43.6,73.7,53.9,60.9,76.6,88.5,81.8,91.5,76.6,89.8
"Kentucky",2015,5,7,296,329,82.2,74.9,55.6,72.9,61.1,71.6,89,84.5,79.3,71.4,68.5,85.7
"Liberty",2015,12,2,620,363,90.3,94.4,91.3,82.3,91.5,72.9,88,74,65.9,66.3,65.8,81.7
"Lafayette",2015,4,8,317,382,77.6,80,67.5,77.2,66.2,66.7,89.1,66.1,71.5,61.2,60.9,58.3
"Louisiana Tech",2015,9,4,488,349,88.9,85.5,81.4,76,75.6,79.6,81.8,83.8,82.2,82.2,62.5,89.3
"UL Monroe",2015,2,11,273,475,63.1,58,61.9,54,51.7,59.5,70.9,70.3,69.5,68.7,68,69.4
"Louisville",2015,8,5,373,313,84,71,63.6,43.9,72.1,71.6,75.1,91.2,91.3,73.3,79.5,89.5
"LSU",2015,9,3,394,291,90.6,93.8,68.8,75.7,73.8,93.6,89.5,77,65.6,82.2,83,75.4
"Marshall",2015,10,3,407,231,85.6,77.2,66.8,78.3,65.8,67,88.1,89.6,73.5,79.5,72.3,92.4
"Maryland",2015,3,9,296,413,74,64.5,41.5,74.5,57.5,71.2,76.2,83.1,85.5,91,74.6,72.3
"Massachusetts",2015,3,9,266,377,74.7,73.9,54.1,81.5,67.5,72.2,84.6,70.4,66.2,90.1,62.8,76.7
"Memphis",2015,9,4,522,355,87.3,88.3,82.7,77.6,82.3,70.2,87,75.5,80.7,70.7,67.4,71.4
"Miami (FL)",2015,8,5,361,366,81.6,79.1,82.7,64.1,74.7,73.4,75.3,77.2,70.4,91.2,64.1,89.2
"Miami (OH)",2015,3,9,215,384,74,64.3,54.2,67.5,63.4,59.4,71.4,83,82.4,90.9,71.8,77.1
"Michigan",2015,10,3,408,213,92.3,85.6,72.1,70.5,84.2,72.4,86,93.9,92.2,90.7,89.7,92.9
"Michigan State",2015,12,2,417,304,89.4,91.3,81.3,77,82.7,67.3,88.9,77.6,77.8,77.8,81.9,65.1
"Middle Tennessee",2015,7,6,442,346,86.5,84.9,80,88.4,76.2,65.8,85.8,78.8,65.5,88.3,68.6,89.4
"Minnesota",2015,6,7,292,327,76.6,74.6,60.1,64.9,70.1,68.3,82.9,73.1,54.9,75.7,69.5,89.1
"Ole Miss",2015,10,3,531,294,91.4,89.5,80,63.2,88.4,79.6,85.3,91.5,92.9,91.7,77.1,89.2
"Mississippi State",2015,9,4,447,302,80.9,79.1,78,65.9,72.3,68.7,81.4,75.8,65.8,69.9,73.7,78.3
"Missouri",2015,5,7,163,194,74.8,59.6,43.2,61.4,55.5,61.6,74.5,90.6,90.2,84,72.1,89.4
"Navy",2015,11,2,478,284,89.2,91.6,69.9,59.1,83.7,76.7,88.6,76.6,78.4,80.9,64.7,70.7
"Nebraska",2015,6,7,427,362,90.1,91.4,68.5,79.4,84.5,79.5,89.5,82.1,92.2,90.8,68,67.6
"Nevada",2015,7,6,341,349,87.4,87.8,71.4,81.4,70.9,77.6,88.2,76.5,60.8,81.7,85,79.5
"New Mexico",2015,7,6,389,369,72.8,73.8,37,68.5,67.1,66,86.3,66.3,57,77.6,65.9,79.8
"New Mexico State",2015,3,9,343,540,70.1,71.2,61.7,81.5,58.2,71,82.9,64.1,63.7,83.4,61.4,64
"North Carolina",2015,11,3,570,343,90.9,92.8,82.1,79.9,81.7,83.7,90.5,86.6,84.4,93.3,62.9,89.9
"NC State",2015,7,6,432,336,88.8,82.7,70.1,86.2,65.7,70.2,88.2,87,87.7,90.8,86,71.2
"North Texas",2015,1,11,182,495,62.1,63.2,41.3,72.4,51.5,67.4,85.4,59.4,52.8,62.7,62.8,64.4
"Northern Illinois",2015,8,6,436,387,87.8,83.8,66.5,84.2,69.7,70.5,88.8,84.8,79.9,93.4,72.9,85.7
"Northwestern",2015,10,3,254,242,80.7,69.3,46,64.2,56.8,70,82.6,90.1,72.2,88.7,76.8,91.4
"Notre Dame",2015,10,3,445,313,90.6,91.8,80.6,89.5,73.2,79.5,90.6,84.3,83.8,89.1,71.2,79.9
"Ohio",2015,8,5,358,329,85.8,78.7,62,76.8,64.1,69.5,90.3,87.2,76.3,82.2,69.1,90.8
"Ohio State",2015,12,1,464,196,92.7,90.2,59.7,78.5,73.3,80.3,92.1,92.9,91.3,92.3,90,90.8
"Oklahoma",2015,11,2,566,286,92.3,93.2,90.3,77.1,81.5,80.7,90.1,90.7,88.7,90.2,77.5,90
"Oklahoma State",2015,10,3,514,396,89.8,91.5,91.7,72.5,86.8,72.4,80.3,81.3,76.4,85.3,74.2,81.8
"Old Dominion",2015,5,7,291,429,76.3,75,63.4,83.1,61.3,72.4,85.7,71.5,63.4,80.7,72.7,73.4
"Oregon",2015,9,4,559,488,88.8,90.4,67.9,70.9,75.5,89.1,89.4,78.3,75.2,72.7,77.2,73.3
"Oregon State",2015,2,10,228,444,70.2,74.5,53.9,82.5,56.1,71.9,89.2,60,53.1,54.7,57.9,69.3
"Penn State",2015,7,6,301,284,82.1,73.9,63.4,60.9,63.1,78.1,82.9,85.8,75.8,79.6,86.6,77.9
"Pittsburgh",2015,8,5,367,339,87.9,86.2,72.3,79.4,78.1,68.9,87.4,78.4,77.2,89.9,72.6,72.5
"Purdue",2015,2,10,301,438,71,70.5,56.7,76.6,62.5,66.4,81.1,67.2,59.3,63,68.4,71.1
"Rice",2015,5,7,313,430,70.5,74,72.9,77.2,61.2,60.1,85.1,58.1,60,50.4,67.6,51.3
"Rutgers",2015,4,8,325,419,77.3,82.1,64.1,67.4,79.5,72.8,84.6,61.7,67.4,69.9,68.7,46.8
"San Diego State",2015,11,3,450,230,92.8,93.5,75,79.1,71.9,74.2,91.4,90.9,88.2,91.3,75.6,90.3
"San Jose State",2015,6,7,363,354,82.5,86.8,76.9,81,73.9,73.2,88.3,64.4,52.5,60.8,61.8,82.2
"SMU",2015,2,10,333,548,68.7,72,64.1,79.2,64.9,70.6,68.7,58.8,60.1,74.6,69.1,50.5
"South Alabama",2015,5,7,300,447,74.1,74.5,56.5,77.2,60.7,74.4,84.5,67.4,68.4,43.9,54.6,67.3
"South Carolina",2015,3,9,263,330,74.9,71.9,58.6,76.2,67.2,60.6,84.3,73.1,60,88.5,72.6,82.1
"Southern Miss",2015,9,5,559,358,89.3,91.4,91.1,65.3,80.8,81.2,87.6,77.3,70.1,62.7,70.4,81.3
"Stanford",2015,12,2,529,316,92,96.1,79.7,82.2,81.5,83,92.7,79.4,71.3,87.2,72.7,82.5
"Syracuse",2015,4,8,327,372,67.9,66.4,54,70.4,57.9,62.6,80.9,66.9,59.5,60.6,73,64.4
"TCU",2015,11,2,547,354,89.6,86.2,82.5,91.2,76.4,73.9,82.9,88.5,81.4,82.7,72.5,90.4
"Temple",2015,10,4,417,281,84.2,76.5,69.8,66,72.4,73.1,72.4,87.3,78.9,73.3,81.4,85.8
"Tennessee",2015,9,4,457,260,86.4,81.2,65.5,81.6,70.1,83.1,77.4,84.3,78.3,73.9,75.2,83.5
"Texas",2015,5,7,317,364,77.7,72.7,55.5,73.3,55.2,77,81.9,78,78.6,89.6,68.8,73.8
"Texas A&M",2015,8,5,361,286,85.6,78.7,58.9,82.2,69.8,72.9,88.2,87.3,73.6,87.3,85.8,89.8
"Texas State",2015,3,9,323,470,73.6,75,65.3,84.9,62.7,70.3,82.1,65.5,65.7,77.4,62.5,60.7
"Texas Tech",2015,7,6,586,567,73,81.3,74.9,78.3,68.4,81.5,88.2,53.3,35.8,66.7,62.3,71.5
"Toledo",2015,10,2,420,249,92.2,92.7,83.5,83.3,72.5,75.8,92.5,91,89.4,85.4,68.1,91.4
"Troy",2015,4,8,335,339,72.5,73.4,65.7,85.8,65.5,64.7,78.6,65.8,56.2,74.2,73.1,71.6
"Tulane",2015,3,9,236,435,73.2,72.3,56.3,76.8,57.8,71.9,86.7,68.8,71.5,36.9,71.3,57.6
"Tulsa",2015,6,7,484,518,78.1,84,86.2,79.7,74.2,64.6,86.1,62.3,55.9,64.5,64.7,65.9
"UCF",2015,0,12,167,452,60.7,61.2,48.3,67.5,57.4,57.4,77.4,59.6,64.2,63.7,57.2,52.8
"UCLA",2015,8,5,419,338,90.1,91.1,78.3,79.4,76.5,90.7,89.2,84,72.1,90.7,80.4,89.3
"UNLV",2015,3,9,343,404,73.2,76.8,65.3,53.7,67.2,78.1,81.4,61.7,49.3,78.3,57.1,80.2
"USC",2015,8,6,475,360,89.5,92,80.5,73.2,78.6,89.6,88.3,78.5,83.5,90.9,67.2,70.3
"USF",2015,8,5,437,298,85.6,80.6,68.8,73.8,62.7,81.4,85.4,83.4,90.3,87.9,70.8,72.1
"Utah",2015,10,3,398,290,86.9,79.8,61.8,76.4,65,78.1,86.2,87.7,85,75.2,86.7,78.1
"Utah State",2015,6,7,377,347,81.4,74.9,61.5,72.2,65.6,69.7,84.9,83.1,76,90.6,81.8,77.1
"UTEP",2015,5,7,248,395,65.7,69,50.7,84.4,55.9,60.3,86.9,56.9,67.5,53,59.7,44.1
"UTSA",2015,3,9,271,405,80,71.8,50.3,62.5,68.5,57.1,89,84.7,90.4,91.2,74,73.9
"Vanderbilt",2015,4,8,182,252,73.1,65.7,43.2,69,54.5,63.7,86.3,80.1,69.3,73.4,65.8,89
"Virginia",2015,4,8,309,386,76.5,76.8,59.8,82,72.5,70.5,82,68.2,67.4,82.5,72.1,61.1
"Virginia Tech",2015,7,6,403,343,84.7,81.3,58.2,80.7,72.1,70,88.4,79.8,73.8,92.7,86.5,72.1
"Wake Forest",2015,3,9,209,295,72.7,66.8,66.4,56.4,66.2,61.6,67.8,77.1,73.9,89,73.1,71
"Washington",2015,7,6,398,244,88.8,82.3,76.7,67,71.2,86.1,77.8,88.4,80.1,71,81.9,86.9
"Washington State",2015,9,4,409,360,81.8,81.6,75.8,94.9,69.7,78.7,86.6,73.9,57.6,55.4,70.9,84.9
"West Virginia",2015,8,5,442,320,89.1,83.3,65.5,86.3,67.6,77.9,88.6,89,91.7,76.7,60.4,88.6
"Western Kentucky",2015,12,2,620,363,90.3,94.4,91.3,82.3,91.5,72.9,88,74,65.9,66.3,65.8,81.7
"Western Michigan",2015,8,5,468,368,89.3,93.6,88.5,56.7,88,75.1,91,67.9,55.7,65.5,64.1,77.6
"Wisconsin",2015,10,3,348,178,91.5,87.1,80.4,62.7,81.7,72.7,86.6,92.1,90.6,92.3,78.6,91.2
"Wyoming",2015,2,10,228,408,74.3,80.1,65.7,79.1,68.1,61.2,88.7,57.7,50.9,69.8,58.4,75.1
"Air Force",2016,10,3,457,341,90.5,85.4,63.4,75.6,90.8,52.7,89.6,84.1,91.4,92.9,60.1,72.2
"Akron",2016,5,7,329,403,76.4,70.6,56.9,75.9,68.9,67,73.3,76.8,73,74.4,54,89.7
"Alabama",2016,14,1,582,195,95.2,85.2,71.5,85,69.8,78.5,87.6,96.7,98.5,93.2,91.6,93.3
"App State",2016,10,3,380,232,87.2,79.3,77.2,82.9,69.6,65.2,80.2,89.7,84,76.1,61.7,91.8
"Arizona",2016,3,9,297,460,69.6,61.9,56.1,72.6,60.6,60.6,60.6,75.9,79.9,61.4,59,75.7
"Arizona State",2016,5,7,400,478,75.7,72.6,61.3,84,69.3,61.9,74.9,68.2,72.7,34.1,65.8,63.4
"Arkansas",2016,7,6,394,404,90.6,88.6,75.5,64.9,90.6,69.1,87.5,80.3,77.3,70.9,71.3,78.7
"Arkansas State",2016,8,5,355,279,82.1,71.5,70.8,82.9,66.3,61.2,70.7,91,92.6,77,76.6,88.8
"Army",2016,8,5,389,258,76.1,69.1,47.4,49.7,80.9,42.9,84.2,83.9,76.2,71.5,65.7,89.5
"Auburn",2016,8,5,406,222,91.4,84.1,71.5,86.2,68.5,73,86.6,90.2,90.1,77.9,75.7,89.5
"Ball State",2016,4,8,324,361,72.3,68.9,63.6,76.8,61.7,65.2,69.2,71.3,74.8,64,59.5,70.5
"Baylor",2016,7,6,450,377,79,71.5,62.1,82.3,65.5,68.2,74.5,84,81.1,52.9,67.7,89.5
"Boise State",2016,10,3,439,303,91,88.2,82.9,91.3,83.3,74.9,74.3,88.7,74.2,80.7,63.9,92.3
"Boston College",2016,7,6,265,325,79,64.8,64.8,76,56.8,57.2,70.3,91,92.7,93.7,73.5,87.2
"Bowling Green",2016,4,8,298,460,74.6,67.5,51.1,88.2,62.5,60.2,73.8,80.6,84.6,83.8,63.3,73.2
"Buffalo",2016,2,10,198,388,69.2,68.5,60,74.6,61.5,59.9,81.1,67.8,66.3,81.6,67.2,63.8
"BYU",2016,9,4,466,305,82.1,72.8,76.7,78.4,68.1,69.3,58.7,88.7,90.3,54.1,62.9,86.4
"California",2016,5,7,445,511,74.6,77.2,70.8,88.7,70.3,72.7,73.3,60.3,55.4,63.2,64.2,63.8
"Central Michigan",2016,6,7,342,394,81.2,74.9,75.8,71.7,73.2,65.5,68,83.3,89,66.1,66.7,74.5
"Charlotte",2016,4,8,302,415,68.6,60.1,48.4,82.8,55.9,62.4,63.3,80.7,91.1,71.5,60.7,73.8
"Cincinnati",2016,4,8,232,323,80.2,66.5,45.4,87.5,65,62.6,69.1,91,93,93.5,60.7,89.9
"Clemson",2016,14,1,588,270,92,86.7,89,71.1,82.7,72.3,75.6,92,90.5,73.6,79.3,91.7
"Colorado",2016,10,4,435,304,86.8,76.2,73.9,75.3,66.8,65,81,91.7,88.3,86,68,93.1
"Colorado State",2016,7,6,459,395,83.5,83.8,78.8,87.2,77.7,66.1,81.8,73.9,75.9,79.4,64.8,67.6
"UConn",2016,3,9,178,337,76.6,61.9,51.9,80.1,56,55.1,71.8,89.9,92.7,86.6,60.3,81.5
"Duke",2016,4,8,280,338,70,64.8,65.4,71.2,61.1,59.7,63.7,75.7,80.6,59.6,63.5,65.2
"East Carolina",2016,3,9,324,433,74.1,71.2,78.2,75.3,63.5,68.4,61,72.4,80.7,70.1,56.5,62.6
"Eastern Michigan",2016,7,6,385,388,82.7,75.3,82.8,67.7,73.8,62.2,66.3,84.4,90.8,84.2,69.3,77.7
"Florida",2016,9,4,311,218,86.9,73.4,55.8,73.9,69.3,66.7,81.2,91.1,86,83.1,78.8,91.2
"Florida Atlantic",2016,3,9,317,477,77.9,68.1,58.5,73.2,59.9,66.4,73.4,82.4,76.6,54.4,66.8,89.1
"Florida International",2016,4,8,288,418,72.6,68.9,62.5,72.5,66.9,67.5,65.6,69.5,71.6,68.1,47.7,76.5
"Florida State",2016,10,3,456,325,88.5,82,66.9,70.7,77,88.8,75.5,87.5,84.7,86.3,76.9,83.2
"Fresno State",2016,1,11,212,371,67.5,64.3,65.7,80.9,60.1,59.1,62.8,67.1,61.3,81.5,56.1,81.9
"Georgia",2016,8,5,319,312,90.7,80.6,62.8,77.2,66.8,83.2,82.7,91.5,90.4,83.1,61.4,92.5
"Georgia Southern",2016,5,7,319,318,75.2,67.3,53.2,51.1,70.3,62.7,71.7,76.3,81.8,69.3,57.8,77.1
"Georgia State",2016,3,9,239,319,72.1,61.5,63.5,69,62.5,51.3,62.8,84.4,85.4,90.3,62.5,82.8
"Georgia Tech",2016,9,4,367,318,82.1,72.7,73.8,67.9,77.4,48.7,78.1,81.5,78.1,87,68.2,79.5
"Hawaii",2016,7,7,396,522,77,77.7,62.2,78.6,73.9,69.1,83,65,61.7,69.7,60,71.2
"Houston",2016,9,4,466,305,82.1,72.8,76.7,78.4,68.1,69.3,58.7,88.7,90.3,54.1,62.9,86.4
"Idaho",2016,9,4,400,407,81.1,74.9,81.7,80.5,69.5,59,69.1,79.4,77.4,51.1,63.7,84.1
"Illinois",2016,3,9,236,383,69.2,67.9,49.9,66.4,65.1,72.5,73,66.5,65.8,68.4,74.8,57.3
"Indiana",2016,6,7,335,354,82.3,76.4,62.3,75.3,78.9,61.9,77.9,84.6,90.5,86.9,66.5,79.5
"Iowa",2016,8,5,324,245,90.1,81.2,65.5,79.6,59.4,71,89,90.2,90,91.1,72.3,85.7
"Iowa State",2016,3,9,332,376,78.7,74.4,75.4,72.7,63.6,67.8,79.1,73.3,59.8,56.1,58,90.2
"Kansas",2016,2,10,243,448,65.7,56.4,46.7,70.7,55.5,67.3,53.5,79.3,72.7,64.1,74.2,80.4
"Kansas State",2016,9,4,419,290,91.2,81.6,61,86.7,67.8,80.3,84.8,91.7,92.3,67.8,85,88.2
"Kent State",2016,3,9,247,344,75.2,58.6,42.8,68.1,55.5,60.3,66.5,90.5,91.5,77.1,65.3,89
"Kentucky",2016,7,6,390,407,77,79.9,47.5,68.9,67.3,84.1,87.7,63.7,58,68.1,60,68.8
"Liberty",2016,11,3,637,344,93.1,92.6,91.1,89.5,85.1,72.1,86.7,90.3,94,89.9,64.7,88.9
"Lafayette",2016,6,7,307,329,75.1,69.8,58.4,77.1,66.5,62.2,75.4,78.3,88.4,72.8,56.1,74
"Louisiana Tech",2016,9,5,620,470,77.3,77.3,66.8,73.5,75.7,71.8,72.4,66,73.2,76.4,62.8,57.8
"UL Monroe",2016,4,8,280,469,66.4,67.5,58.9,72.9,64,56.7,74.2,58.9,63.1,71.9,57.6,55
"Louisville",2016,9,4,553,309,87.2,75.8,73.4,65.2,68.1,80.9,71,91.6,92.6,70.7,70.2,90.9
"LSU",2016,8,4,340,189,92.5,86.3,60.2,80.4,83,81.9,82.1,92.4,90.7,86.8,75.2,91.9
"Marshall",2016,3,9,317,423,74.8,71.2,64.6,79.2,66,69.5,69.9,74.3,77.5,85.6,68,69.3
"Maryland",2016,6,7,335,384,76.3,70.4,48.6,72.7,60.9,76.5,77,75,76.8,77.7,66.3,71.1
"Massachusetts",2016,2,10,280,426,77,73.8,69.5,71,74.9,67.6,65.5,75.4,75.6,63.9,64.2,75.1
"Memphis",2016,8,5,505,375,84.8,75.2,81.8,74.2,74,65.5,63,87.1,77.2,86.5,60.3,92
"Miami (FL)",2016,9,4,446,241,90.4,84.7,77.4,84.6,80.7,71.7,80,85.7,82.2,81.3,68.3,89.5
"Miami (OH)",2016,6,7,297,309,75.7,67.9,67.4,72.6,66,64.1,63.5,81.1,77.8,76.6,65.3,85.4
"Michigan",2016,10,3,524,183,94.9,87,70.6,74.3,79.5,82.5,81.1,95,93.9,91.7,90.5,92.6
"Michigan State",2016,3,9,289,333,76.9,74.1,55.9,60,76.8,67.6,78.6,72.2,71.8,73.4,64.4,72.2
"Middle Tennessee",2016,8,5,516,465,86.8,84.2,89.3,87.2,71.5,75.1,79,83.8,82.2,90.7,64,88.9
"Minnesota",2016,9,4,381,287,88.9,80,61.8,65.1,76.6,79.8,79,87.1,75.3,70.9,79.7,89.6
"Ole Miss",2016,5,7,391,408,80.3,77.3,77.8,74.4,71.6,69.1,71.3,74.3,74.9,86.6,73.5,64.4
"Mississippi State",2016,6,7,395,413,78,74,56.7,80.5,63.8,80.3,74.1,76.5,84,78.6,62.5,71.3
"Missouri",2016,4,8,377,378,77.8,75.7,71.6,86.8,65.2,70,74.9,77.8,69,72.2,72.9,81.1
"Navy",2016,9,5,531,434,83.1,84.9,80.2,62.1,90,58.4,86.1,71.4,80.5,62.4,60.5,58.3
"Nebraska",2016,9,4,345,311,85.1,75.3,55.1,65.8,73.2,71.4,81.7,88.9,81.7,75.1,76.5,88.6
"Nevada",2016,5,7,305,348,75.5,80,68.8,85.2,69.7,71.2,81.4,60.2,60.2,52.3,62,52.9
"New Mexico",2016,9,4,477,409,79.3,72.3,62.1,62.7,71.7,65.3,73.7,77.8,79,57.7,72.1,72.3
"New Mexico State",2016,3,9,298,466,72.5,75,75.4,77.5,59.8,80.1,76.6,65.7,61.5,72.6,55.1,75.4
"North Carolina",2016,8,5,420,324,87.7,83.4,85.9,79.5,77.3,71.5,79.2,82,83.3,88.1,59.9,82.8
"NC State",2016,7,6,351,296,90.1,81.2,77,92.1,73.7,65.5,78.6,91.4,92.3,75.8,70,89.9
"North Texas",2016,5,8,322,424,73.1,63.8,53,76.8,56.4,61.9,76.8,81.7,80.4,70.4,65,83.3
"Northern Illinois",2016,5,7,366,364,83.2,80.8,71.6,83.9,73.3,73.7,74.8,77.9,78.7,72,59,80.8
"Northwestern",2016,7,6,338,289,85.2,75.4,65.4,69.3,71,69.3,75.3,90.3,87.4,77.7,67.9,90
"Notre Dame",2016,4,8,371,334,82.5,76.8,67.8,84.1,67.3,67.5,83.6,80.1,77.2,74.6,71.2,79.8
"Ohio",2016,8,6,368,317,86.8,72.6,69.8,74.8,71.7,61.8,68.4,92,94.8,89.7,75.3,89.8
"Ohio State",2016,11,2,512,201,92.4,81.4,74.5,69.1,64.1,76,89.8,94.4,93.1,92.3,87.2,92.7
"Oklahoma",2016,11,2,571,375,92.1,93.9,94.3,86.9,89.3,77.7,78.7,82.8,91.9,70.7,64,74
"Oklahoma State",2016,10,3,502,345,91.6,89.4,91.7,79.4,85.6,76.8,69.4,88,91.2,67.6,70.2,82
"Old Dominion",2016,10,3,456,354,85.3,78,79.2,74.8,74.9,74.8,65,88.3,86.6,71.6,74.3,85.2
"Oregon",2016,4,8,425,497,80.9,82.3,81,73.8,71.9,76,82.1,71.5,63.7,59.6,55.9,83.4
"Oregon State",2016,4,8,314,366,74.7,66.6,53.3,73,52.4,74,78.3,79.8,67.7,66.4,54.2,92.3
"Penn State",2016,11,3,526,356,87.6,81.6,77.6,70.3,75,75,75.9,83.8,81.4,75.9,73.6,80.6
"Pittsburgh",2016,8,5,532,458,84,81,76.9,87.4,73.2,71.1,75,78.1,84.7,80.8,63.1,73.7
"Purdue",2016,3,9,295,459,67.3,63.4,53,72.6,58.7,60.6,72.2,68.5,72.3,80.5,59.2,61.8
"Rice",2016,3,9,303,448,67.9,64.9,60.4,82.7,57,61.3,68.2,68,64.7,52.6,67.3,67
"Rutgers",2016,2,10,188,450,65.2,60.3,48.5,60.4,54.1,67.1,66.2,69.7,62.7,54.5,65.5,73.8
"San Diego State",2016,11,3,493,283,92,89.6,66.2,84.4,77,75.2,88.2,89.1,90.7,72.3,63.1,89.2
"San Jose State",2016,4,8,293,416,78,78.4,66.7,77.6,73.4,65.7,81.4,67.1,59.4,62.1,63.2,79.5
"SMU",2016,5,7,332,435,76.1,69.7,55.5,72.7,70.1,63.6,73,80.8,77.5,67.6,64.2,83.8
"South Alabama",2016,6,7,330,351,77.5,70.6,72.9,82.7,65,63.9,65.8,83.7,80.4,60.4,66.6,89.8
"South Carolina",2016,6,7,270,344,79.9,73,64.2,64.1,70.3,63.9,78.5,81.9,82,89.1,64.6,79.8
"Southern Miss",2016,7,6,427,384,82,77.7,75.3,78.9,68.1,72.8,74.5,81.5,81.9,66.9,65.7,83.4
"Stanford",2016,10,3,342,265,90.5,82.9,69.1,71.1,71.1,74,87.5,86.7,83.7,75.4,69.8,88.4
"Syracuse",2016,4,8,308,463,66.8,64.5,66.5,71.4,69.5,57.8,52.8,65.7,74.2,69.9,56.8,55.7
"TCU",2016,6,7,403,364,81,70.8,61.2,87.7,59.5,82,66.5,89.5,91,69.2,69.8,83.8
"Temple",2016,10,4,453,258,89.4,78.2,69.9,79.3,77.3,72.5,69.1,91.2,89.9,76.1,82.6,88.4
"Tennessee",2016,9,4,473,375,81.4,75,68.9,62.7,69.7,83.8,65,81.3,76.7,71,79.9,76.8
"Texas",2016,5,7,383,378,84,74.3,66.1,85.6,66.6,67.1,73.8,89.6,91.8,74.8,66.7,86.5
"Texas A&M",2016,8,5,453,319,82,69.9,63.6,66.5,66.5,74.1,64.3,88.6,86.7,59.9,79.2,84.9
"Texas State",2016,2,10,223,493,65.2,60.2,58.1,70.8,63.5,51.5,59.2,71.5,78.4,73.7,52.7,68.4
"Texas Tech",2016,5,7,524,522,82,85,86.2,74.6,84.2,70.8,75.2,66,70.2,73.1,60,61.1
"Toledo",2016,9,4,494,334,92,90.2,86.9,79.5,86.7,84.7,74.8,89.9,92.8,90.2,74.5,74.1
"Troy",2016,10,3,438,287,83,70.8,74.2,91.3,63.4,62.8,68.4,90.9,92,66.8,78.8,85.9
"Tulane",2016,4,8,289,332,76.4,70.2,44.8,71.5,62.4,69.1,76.5,80.1,81.8,64.1,71,73.2
"Tulsa",2016,10,3,552,388,83.3,77.9,69.6,88.7,71.3,69.1,72.8,81.3,79.9,68.7,68.1,82.1
"UCF",2016,6,7,374,320,79.1,60.4,45.1,85.4,57.8,63.7,61.6,92,91.6,64.2,62.9,93.1
"UCLA",2016,4,8,299,330,82.3,68.6,67.1,73.3,64.9,62.6,67,90.9,90.8,90.1,72.2,90.3
"UNLV",2016,4,8,379,441,74.6,73.1,54.6,74.1,63.3,72.5,76.6,70.5,71.1,74.2,57.2,70.8
"USC",2016,10,3,447,315,90.8,82.2,82.4,80.1,79.8,73.3,71.8,89.6,91.5,90.6,57.1,90.2
"USF",2016,11,2,569,411,83.6,81,76.3,85,65.4,83.5,75.7,78.3,82,75.7,65.3,73.9
"Utah",2016,9,4,388,311,85.8,74.3,72.5,77.3,63.4,64.6,83.2,89.9,83.5,46.8,74.6,89.1
"Utah State",2016,3,9,287,352,67.5,65.2,62.3,71.3,57,64,70.5,68,77,69.8,53.5,60.3
"UTEP",2016,4,8,316,419,76.8,74.3,71.7,80.5,66.4,65.1,75.8,73.4,82.6,86.8,54.4,65.6
"UTSA",2016,6,7,379,363,80.5,70.9,63.2,69.7,67.7,66.3,71.9,84.2,89.9,84,62.9,83.3
"Vanderbilt",2016,6,7,299,312,77.4,72,61.1,62.5,67.4,68.8,75.5,80,84.3,78.8,61,76.1
"Virginia",2016,2,10,270,405,73,70.4,62.4,82.8,59.6,68.9,76.9,73.6,76.4,79.4,63.8,70.5
"Virginia Tech",2016,10,4,490,319,90.3,80.2,74.2,88.2,76.7,66.5,72.5,91,85.8,80.2,72.9,91.7
"Wake Forest",2016,7,6,265,288,77.5,65.7,58.4,83.4,60.1,60.9,67.7,87.1,87.8,89.6,72.1,78.9
"Washington",2016,12,2,585,248,94.4,91.2,78.4,72,88.5,81.1,84.1,93.9,95.3,75.3,78.7,92.5
"Washington State",2016,8,5,496,343,83,81,83.4,98.7,67.3,69,85,77.5,76.1,61.6,70.3,74.5
"West Virginia",2016,10,3,405,312,84.5,75.8,63.5,83.8,72.8,70.2,71.6,88,92.5,75.3,53.6,87.4
"Western Kentucky",2016,11,3,637,344,93.1,92.6,91.1,89.5,85.1,72.1,86.7,90.3,94,89.9,64.7,88.9
"Western Michigan",2016,13,1,582,277,91.8,92.1,84.9,79.6,83.5,72.5,88.3,81.9,78.1,74.5,66.2,84.5
"Wisconsin",2016,11,3,397,218,91.4,85.3,77.2,67.7,79.8,63.9,87.1,90.7,83.9,68.5,83.5,89.4
"Wyoming",2016,8,6,503,477,79,82.9,83.8,74.6,81.2,66.9,75.3,64.3,60.7,66.8,57.4,68.5
"Air Force",2017,5,7,377,389,85.8,84.9,45.5,43.1,83.7,68.4,89,74.5,76.9,90.4,65.6,56.9
"Akron",2017,7,7,310,392,72.7,67.5,67.2,70.8,62.5,71.7,60.2,76.8,70.2,82.5,64.6,86
"Alabama",2017,13,1,519,167,94.4,88.3,81,78.9,69.7,87.3,83.8,95.2,97.2,91.3,83.5,92.3
"App State",2017,9,4,435,263,90.9,79.4,78.6,92.7,72.5,70.1,72.5,91.9,92.1,90.6,76.7,90.4
"Arizona",2017,7,6,537,447,81.9,82.5,72.2,81.2,75.4,75.2,77,74,67.5,76.8,56.3,86.6
"Arizona State",2017,7,6,414,427,85.8,83.2,81.1,80.3,74.1,78.2,73.2,79.7,85.2,82.8,60.1,76.9
"Arkansas",2017,4,8,345,434,84.8,76.9,59.2,75.8,73.3,78.1,73.7,88.1,90.4,93.7,61.8,85.4
"Arkansas State",2017,7,5,454,309,85.2,76.4,69.9,69.3,76.8,76,63.8,90.6,91.6,67.3,83.5,80.9
"Army",2017,10,3,399,286,83.7,83.2,51.1,59.8,63.3,77.4,83.1,73.7,81.8,87.4,66.2,54.7
"Auburn",2017,10,4,474,259,91.8,82.6,76,86.6,72.2,78.8,74.4,92.4,91.3,93.1,73.4,92.3
"Ball State",2017,2,10,215,488,64.5,59.8,45.8,55.2,62.4,75.9,50.3,71.3,79.4,66.1,76.4,44.7
"Baylor",2017,1,11,292,431,69,64.4,61.6,70.2,66.1,65.6,54.7,69.6,78.6,52.2,61,60.7
"Boise State",2017,11,3,455,320,91.3,81.5,83.3,82.3,78.4,79.2,62.3,91.8,91.7,82.7,67.5,91.5
"Boston College",2017,7,6,334,297,83.8,66.9,55.8,66.2,57.8,75,64.4,92.6,90.6,85.1,75.9,92.8
"Bowling Green",2017,2,10,304,456,75.4,70.6,67.6,74.2,65.9,71.5,62.6,72.9,78.7,80.4,65.3,64.9
"Buffalo",2017,6,6,342,298,87.1,80.4,77.9,70.4,80.3,69.1,71.9,89.9,91.5,77.8,69.7,78.2
"BYU",2017,7,5,339,286,87.1,76.6,72.1,83.9,72,74.7,63.3,90.8,92.3,90.9,56.7,91.1
"California",2017,5,7,333,341,82.6,75,69.1,73.4,69.4,77.7,69.7,84.9,86.2,90.1,59,86.8
"Central Michigan",2017,8,5,370,358,83.5,66.3,60.6,74.2,62.7,67.2,62.7,93.3,91.8,86.3,90.2,91.8
"Charlotte",2017,1,11,170,393,66.2,58,34.1,70.4,55.9,68,65.2,75.9,79.6,87,59.6,72.1
"Cincinnati",2017,4,8,251,382,78.9,70.8,65,79.8,64,80.5,63.4,88.7,92.8,91.1,71.4,73.3
"Clemson",2017,12,2,466,190,91.1,76.6,76.3,74.2,68.6,75.8,68.2,94.1,96,91.3,75.2,91.2
"Coastal Carolina",2017,3,9,284,408,69.7,66.3,61.6,44.3,71.5,74.2,56.8,69.6,76.8,69.7,66.5,57
"Colorado",2017,5,7,317,338,80.6,74.9,72.3,81.8,68.7,70.3,68.7,79,74.7,69.6,61.9,85.1
"Colorado State",2017,7,6,434,361,88,90.9,85.1,67.6,91.2,81.1,77.8,72.8,69.2,81.3,61.6,78.1
"UConn",2017,3,9,283,455,68.6,66.6,63.3,69.7,65.2,63.9,62.6,69.9,76.8,64.6,62,63.9
"Duke",2017,7,6,345,263,81.5,65.6,57.4,76.5,58.6,72.4,60.1,92.4,92.2,88.9,71.3,91.4
"East Carolina",2017,3,9,299,540,67.4,69.5,68.9,65.2,69.8,66.1,61.4,56.3,65.5,84.9,60.7,42.8
"Eastern Michigan",2017,5,7,313,280,81.2,68.8,64.2,64.8,73,68.3,57.5,91.3,90.5,90.3,80.4,90.3
"Florida",2017,4,7,243,300,77.3,69.3,57.1,67,65.4,79.3,65.5,79.3,79.7,68.2,78.1,67.7
"Florida Atlantic",2017,11,3,568,318,91.1,85.5,60.8,85.2,71.8,90.8,81.4,90.5,88.4,80.8,81.7,89.1
"Florida International",2017,8,5,333,370,82.1,78.6,82.8,65.7,79.3,70.9,64.7,78.1,81.6,74.8,67.1,73.8
"Florida State",2017,7,6,362,276,90.9,75.6,60.3,74.4,71.6,83.6,66.5,93.3,93.3,91.1,76.8,91.9
"Fresno State",2017,10,4,380,251,90.5,80.8,80.9,77.5,69.2,75.3,76.3,90.8,90.4,89.5,70.4,90
"Georgia",2017,13,2,531,246,94,92.8,75.9,80.9,77,93.1,85.3,91.4,91.9,91.5,77.1,89.8
"Georgia Southern",2017,2,10,250,386,67.7,61.4,52.1,58.6,57.4,60.4,67.6,69.7,73.1,67.5,60.3,68.4
"Georgia State",2017,7,5,244,297,73.6,64.2,62.3,62.9,64.8,65.9,56.6,86.5,89.6,85.7,68.7,78.3
"Georgia Tech",2017,5,6,309,292,80.5,67.3,57.6,54.9,67.4,61.4,69.7,90.8,85.6,68.6,59.2,92
"Hawaii",2017,3,9,273,407,74.4,76.7,69.3,75.6,67.7,77.3,77.2,62.6,72.7,68.9,69.4,37.9
"Houston",2017,7,5,339,286,87.1,76.6,72.1,83.9,72,74.7,63.3,90.8,92.3,90.9,56.7,91.1
"Idaho",2017,4,8,251,309,80.1,68.6,67.9,50.8,72.2,69.5,61.5,90.2,91.3,71.3,76.6,80.1
"Illinois",2017,2,10,185,378,65.8,55.1,36,44.1,61.7,73.3,56,73.4,71.2,77.7,68.6,78
"Indiana",2017,5,7,322,304,76.4,64.7,69.7,67,61.8,61.4,58.4,86.5,82.7,90.5,67.3,89.4
"Iowa",2017,8,5,367,259,91.4,78.5,76.2,62.5,65.1,72.9,82.3,93.2,91.3,82.5,83.6,92
"Iowa State",2017,8,5,380,272,89.7,80.1,71.8,82.9,78.1,82.1,62,90.5,91.3,79.2,65.7,90
"Kansas",2017,1,11,224,521,68,59,52.7,82.1,57.1,58.8,56.3,77.9,89.5,68.8,63.8,62.5
"Kansas State",2017,8,5,420,327,91.9,82.8,71.3,95.7,70.3,74.9,80.5,91.2,93.7,90.3,69.7,89.3
"Kent State",2017,2,10,153,421,62.7,53.3,40.2,52.4,49.8,65.1,57.1,77.8,85.4,63.7,66.3,66.8
"Kentucky",2017,7,6,332,367,76.3,69.7,68.1,75,67.7,67.2,64.1,74.5,71.1,67.4,71.7,71.9
"Liberty",2017,6,7,331,349,84.2,76.1,77.8,70.6,76.3,67.3,63.6,89.9,91.1,80,65,87.5
"Lafayette",2017,5,7,338,480,83.3,79.9,61,74.4,74,83.1,75.8,83.3,87.3,81.4,71.2,75.1
"Louisiana Tech",2017,7,6,396,330,81,72.3,70.7,65.8,62.8,85.4,62.4,86.7,83.2,81.2,63.9,90.1
"UL Monroe",2017,4,8,407,492,76.9,74.7,72.2,76.1,73.8,70.5,65,73,76.6,69.5,65.7,65.9
"Louisville",2017,8,5,495,356,85.9,77.9,76.1,73.2,71.5,86.5,64,87.5,86.1,82.9,68.8,89.3
"LSU",2017,9,4,354,246,91.5,84.7,68.4,72.8,76.4,85.7,76.8,91.9,91.8,81.3,74.5,91.3
"Marshall",2017,8,5,347,259,85.1,74.2,71.7,67.1,73.3,70.4,66.5,88.7,91.9,91.7,71.5,80.9
"Maryland",2017,4,8,289,445,76.1,66.1,60.7,74.9,58,74.8,61.8,82,83.4,88.5,63.4,81.2
"Massachusetts",2017,4,8,367,382,81,72.6,75.9,66.3,71.4,64.3,67,87.9,83.9,82.6,71.2,89.6
"Memphis",2017,10,3,592,422,89.6,82,76.3,81.1,81.3,81.7,68,87.4,86.6,79.8,68.9,87.8
"Miami (FL)",2017,10,3,378,273,85.7,74.4,65.2,79,64.7,84,67.6,90.9,90.9,71.7,81.6,85.3
"Miami (OH)",2017,5,7,293,289,79.6,70.9,63.2,60.2,74.7,73.6,59.6,84.8,84.9,57.4,74.9,79.2
"Michigan",2017,8,5,328,245,91.3,70.7,58.1,70.1,62.7,77.1,68.4,95.6,95.3,94.6,90.6,92.4
"Michigan State",2017,10,3,319,260,84.4,73.7,64.7,80,73.5,64.3,72.4,90.1,92.1,76.4,68.4,85.5
"Middle Tennessee",2017,7,6,332,321,77.8,68.9,69.9,60.7,63.8,82.1,56.3,87.4,84.1,86.2,75.7,86.2
"Minnesota",2017,5,7,265,274,80.4,68.3,53.8,76.9,57.8,68.7,69.7,89.4,69.7,88.6,74,92.6
"Ole Miss",2017,6,6,394,415,80.4,78.2,73.5,78,73.5,83,64.1,72.8,75.2,69.7,67.4,68.2
"Mississippi State",2017,9,4,416,272,86.6,72.4,62.1,67.6,61.4,82.6,67.4,91.7,91.5,75.4,77.3,89.6
"Missouri",2017,7,6,488,414,85.9,79.8,79.3,77.6,75.1,75.1,69.2,86.8,91.4,89.9,72.2,80.6
"Navy",2017,7,6,396,342,77.5,77.3,62.3,64.5,63.6,71.2,78.1,70.9,81.2,72.2,67.5,50.2
"Nebraska",2017,4,8,309,437,76.3,73.4,61.6,66.6,77.8,75.6,61.6,72.9,69.9,77.2,62.4,76.6
"Nevada",2017,3,9,338,407,74.5,71.2,65.8,81.3,68.1,68.2,62.8,76.5,76.6,67.1,80.8,62.6
"New Mexico",2017,3,9,248,382,66.9,61.6,41.8,54.5,62.6,65.1,66.2,68.6,75.4,72.6,63.2,62.3
"New Mexico State",2017,7,6,381,386,79.4,70.8,73,71.5,66.7,75.5,60.3,86.1,81.5,79.4,77.1,84.9
"North Carolina",2017,3,9,312,375,83.1,71.5,56.4,82.5,66.6,73,74.1,89.6,89.5,67.2,77.4,81.6
"NC State",2017,9,4,419,328,91.3,87.3,88.9,91.4,73.9,78.1,78.7,90.7,93.1,93.3,73.1,80.6
"North Texas",2017,9,5,497,490,83,79.9,79.3,57,78.3,76.6,71.8,79.9,77.2,76.1,68.5,80.8
"Northern Illinois",2017,8,5,376,286,84.4,68.4,53.7,77,65.4,66.9,70.3,92.9,92.7,73.9,86.7,90.7
"Northwestern",2017,10,3,380,261,83.8,71.6,64,69.6,63,75.1,69.7,91,93.5,91.1,70.5,86.5
"Notre Dame",2017,10,3,445,279,87.9,80,62.4,85.7,63.7,80.2,84.8,87.9,86.9,86.8,72.3,85.4
"Ohio",2017,9,4,508,315,90,79.7,73.7,60.6,69,81.4,75,90.2,92.2,71.7,65.8,89.5
"Ohio State",2017,12,2,576,266,94.2,88.7,75.8,76,76.9,87.1,85.7,95,95.3,93.3,92.1,90.7
"Oklahoma",2017,12,2,632,379,94.7,96,94.7,88.9,91.8,85.1,81.1,90.5,91.1,86.3,67.7,90.3
"Oklahoma State",2017,10,3,585,382,91.1,88.2,85,81.3,89.1,77.2,69.7,88.7,93.3,77.8,68.7,77.7
"Old Dominion",2017,5,7,248,380,72.4,61.1,52.3,63.2,59.1,67.2,58.9,81.7,76.8,83.7,79.5,77.8
"Oregon",2017,7,6,468,377,88.3,77.2,73.2,89,64.7,76.7,73.7,91.5,92.5,88.7,71.6,90.2
"Oregon State",2017,1,11,248,516,72.7,74.1,72,71,67.5,73.5,67.3,65.2,70,77,56.5,63.4
"Penn State",2017,11,2,534,214,93,86.4,84.9,71.1,79.4,87.5,71.8,93.1,92.8,86,89.3,89.7
"Pittsburgh",2017,5,7,287,319,80.4,74.4,63.1,77.8,67.3,71.5,72.1,78.1,83,87.3,65.4,73.3
"Purdue",2017,7,6,328,267,79.2,68.3,67.5,74.2,59.5,76.4,61.7,90,92.7,91.6,63.1,83
"Rice",2017,1,11,195,429,74.7,67.7,36.1,77.2,64.9,69.8,73.7,79.2,76.1,75.9,77.9,68.9
"Rutgers",2017,4,8,216,340,72.5,61.5,45.2,66.7,50,74.1,65.3,83.7,86.6,79.2,71.1,74.1
"San Diego State",2017,10,3,400,263,91.2,85.4,76.1,65.7,81,84.6,75.6,86.4,77.4,90.1,64.2,91
"San Jose State",2017,2,11,206,542,70.4,63,48.7,88.1,60.7,64.5,62.5,77.3,82.4,90.9,54.6,73.1
"SMU",2017,7,6,492,477,82.2,77.5,62,79.2,79,81.4,62.5,83.6,88.5,65.7,70.6,74.3
"South Alabama",2017,4,8,238,318,74.1,65.1,64.1,74.5,62.1,67,57.3,80.9,79.9,69.7,61.1,85.2
"South Carolina",2017,9,4,315,269,90,75,66.3,71.5,71.7,73.3,68.9,92.5,92.4,92.4,73.6,91.5
"Southern Miss",2017,8,5,379,318,81,70.8,66,72,65.7,78.2,62.2,90.1,91.9,78.3,72.8,85.4
"Stanford",2017,9,5,453,318,91.6,90.2,71.6,72.9,81.9,85.6,86.1,83.9,76,82.2,65.9,89.9
"Syracuse",2017,4,8,329,386,77.7,69.6,67.5,80.4,60.7,72.7,66,82.5,90,71.2,62.9,70.6
"TCU",2017,11,3,470,266,91.2,78.5,66.6,92.7,70.7,76.4,72.6,92.8,94.6,83.9,80.3,89.9
"Temple",2017,7,6,326,335,81.2,71.6,63.8,80,72,68.8,63.5,88.6,89.8,80.6,79.9,82.9
"Tennessee",2017,4,8,238,349,72.3,63,51.9,64.2,60.2,76,59.8,77.1,76.7,87.7,71.4,69.2
"Texas",2017,7,6,383,276,80.2,68.1,61.8,70.7,66.8,74.2,59.5,89,93.4,91.7,65.5,79.8
"Texas A&M",2017,7,6,425,399,80.5,66.8,69.7,61.6,64.7,66.1,59.2,90.3,91.8,80,72.8,82.8
"Texas State",2017,2,10,207,403,65.1,54.1,48.7,41.4,60.4,59.1,53.4,80.8,91.4,86.1,65.5,63.3
"Texas Tech",2017,6,7,446,419,82.3,77.9,77.6,81.3,75.5,71.1,63.8,83.3,91.8,87.8,67.9,72
"Toledo",2017,11,3,509,367,87.7,83.3,81.1,67.2,79.5,80.5,73,83.7,83.7,82.4,70.6,85.1
"Troy",2017,11,2,410,240,89.9,76.6,81.8,87.6,67.8,73.6,66.6,92.6,94.3,83.9,81.3,89.8
"Tulane",2017,5,7,330,350,78.5,76.1,65.6,69.4,70.6,80.5,65.5,78.4,78.4,57.5,59,79.6
"Tulsa",2017,2,10,352,450,69.8,70.4,53.8,74.9,58.3,70.1,77.6,59.9,65.2,67.6,68.5,46.1
"UAB",2017,8,5,361,333,86.8,77.2,80,73.8,65.8,74.3,69.9,90.4,84.6,69.1,74,91.1
"UCF",2017,13,0,627,329,90.6,83.6,88.6,77.5,85.9,81.1,60.1,88,90,56.2,73.3,86.2
"UCLA",2017,6,7,422,476,82.9,83.3,83.6,82.3,79.5,67.4,77.1,72.4,69.6,84.6,63.2,83.4
"UNLV",2017,5,7,346,381,74.7,72,61.6,60.1,67.9,79.6,64.7,70.9,71.4,66.9,59.9,67.8
"USC",2017,11,3,456,366,90.6,89.9,81.4,72.1,87.9,90.1,74.1,83,73.2,91.2,72.7,89.5
"USF",2017,10,2,459,282,91.2,78.9,76.9,85.2,68.9,77.3,70.3,93.3,94.9,87.5,72.2,92.8
"Utah",2017,7,6,384,301,84.7,74.7,65.3,77.5,68.6,78.2,67.9,89.1,89.5,74.5,72,83.7
"Utah State",2017,6,7,392,350,75.6,61.9,64.6,77.5,53.3,66.7,57.6,87.8,86,79.4,57.4,91.2
"UTEP",2017,0,12,141,441,65.1,58.6,44.8,78.1,52.4,68.2,60.9,72.1,76.5,84.4,57.3,69.7
"UTSA",2017,6,5,259,187,81.7,69.3,68.7,60.9,68.5,70.1,63.6,90.5,91.1,88,78.3,77.3
"Vanderbilt",2017,5,7,295,376,73.5,70.3,73.2,60.6,74.6,59.2,62.1,71.5,60.3,79.5,64.6,86.2
"Virginia",2017,6,7,293,369,79.8,66,57.2,76.5,63,66.4,62.7,90.6,91.1,90.5,66.2,89.3
"Virginia Tech",2017,9,4,366,192,90.6,79.4,63.8,72.1,76.4,78.1,72.2,91.5,93,79.1,76.4,82.3
"Wake Forest",2017,8,5,459,368,89.9,79.7,90.6,88.4,75.7,65.1,62.6,90.6,91.5,90.4,72.1,89.1
"Washington",2017,10,3,471,209,93.8,85.2,74.2,78,84.3,76.9,74.5,95,96,90.1,82.1,92.8
"Washington State",2017,9,4,394,335,81.5,70.9,68.6,90.1,62.1,65,70.6,91.2,90.1,71,74.8,90.1
"West Virginia",2017,7,6,449,409,86.7,82.5,88.8,87.1,72,69.1,73.9,84.1,83.3,73.2,62.5,87.9
"Western Kentucky",2017,6,7,331,349,84.2,76.1,77.8,70.6,76.3,67.3,63.6,89.9,91.1,80,65,87.5
"Western Michigan",2017,6,6,407,348,84.9,75.7,63.8,77.7,69.1,70.3,75.2,89.1,91.6,75.3,66.5,80
"Wisconsin",2017,13,1,473,195,94.7,91.8,82.6,75.3,86.5,79.8,84.2,94.2,92.9,84.7,81.1,93.3
"Wyoming",2017,8,5,305,228,85.8,69.1,65.6,67.5,70.7,61.4,66,91.9,90.4,75.8,82.9,89.8
"Air Force",2018,5,7,363,309,84.8,75.9,72.4,69.6,85.4,64.4,70.1,85.2,91.5,84.9,70.4,61.2
"Akron",2018,4,8,227,326,79.2,62.3,65.5,75.2,58,63,55.7,91.8,91.5,90.2,75.9,91
"Alabama",2018,14,1,684,271,95.8,95.6,92.5,81.1,93.1,91.4,74.9,94.6,96.5,92.6,89.9,91.9
"App State",2018,11,2,485,201,92.6,79.1,77,74.1,74.3,80.8,67,93.9,91.9,81.5,74.5,94.1
"Arizona",2018,5,7,376,391,81.6,77.2,71,85.5,73.7,79.2,60,79.6,88.1,75.8,68.2,71.4
"Arizona State",2018,7,6,389,332,75.7,78.4,71.5,70.4,73.3,86.1,65,62.8,62.3,59.4,64.4,61.3
"Arkansas",2018,2,10,260,417,73.2,64.5,52.5,58.8,64.7,72.3,63.4,78.9,85.9,75.7,73.1,61.9
"Arkansas State",2018,8,5,394,333,87,75,76.5,68.3,73,83.5,55.5,92.2,90.8,71.1,92.1,87
"Army",2018,11,2,426,230,91,86.2,82.8,55.5,87.5,77.5,78.9,87.9,85.7,90.2,68.7,84.9
"Auburn",2018,8,5,402,249,90.5,75.8,61.6,81.8,66.1,75.2,75.2,92.4,94.5,84.6,70.3,91.6
"Ball State",2018,4,8,290,389,73.4,69.4,69.9,77.2,65.6,70.4,59.3,74.4,67.4,57.4,65.9,85.9
"Baylor",2018,7,6,384,412,80.5,76.1,86.6,64.4,69.1,84.6,55.8,81.4,87.1,71.1,71.1,75.6
"Boise State",2018,10,3,460,287,91.6,86.1,85.2,70.1,82.9,84.8,67.7,90.9,90.2,65.6,90,79.3
"Boston College",2018,7,5,384,308,87.8,74.4,69.8,70.9,67.5,68.9,73.3,91.9,91.8,79.3,78.6,91.2
"Bowling Green",2018,3,9,292,480,65.6,68,69.8,69.5,73.9,67.6,50.1,62.9,60.3,64.6,57.8,71.2
"Buffalo",2018,10,4,484,363,89.1,78.4,63.4,85.6,68.4,74.7,79.3,92.3,92.2,90.3,82.1,90.8
"BYU",2018,8,5,571,483,85.1,81.3,82.9,86.4,73.7,83.3,60.6,82.3,78.7,80.3,69.3,84.9
"California",2018,7,6,280,265,83.8,65.3,54.2,76.6,55.6,76.5,66,93,92.4,89.4,68.7,93.2
"Central Michigan",2018,1,11,180,328,68.4,50.6,34.4,67.5,49.7,65.3,56,90.2,83.4,66.7,79.8,90
"Charlotte",2018,5,7,260,319,82.9,70,71.5,79.7,67.4,63.7,62.4,91.4,92.7,86.6,68.3,87.3
"Cincinnati",2018,11,2,454,224,90.7,79.4,72.8,80,73.5,82.3,66.8,92.5,93.7,93.6,76.9,91
"Clemson",2018,15,0,664,197,95,91.7,88.1,70.5,83,92.4,73.1,95.3,96.8,89.9,91.8,90.7
"Coastal Carolina",2018,5,7,320,398,72.5,70.3,73.1,62.6,70.4,70.5,59.4,70.6,68.4,53,71.7,66.5
"Colorado",2018,5,7,325,327,80.7,70.8,66,73.7,72,72.1,55.5,90,92.2,90.2,67.9,83.8
"Colorado State",2018,3,9,274,441,70.2,73.9,77,53.7,78.7,72.5,58.6,58.5,61.3,67.6,63,52.4
"UConn",2018,1,11,266,605,67,67.5,56.3,81.2,56.8,73,68.9,61.3,67.2,43.3,59.7,49.9
"Duke",2018,8,5,382,356,77.5,65.4,78.6,47.6,61,68.6,56.3,90,90.7,75.9,72.1,85.5
"East Carolina",2018,3,9,273,448,74.7,64.3,58.4,65.8,64.5,74.9,51,86.1,92.2,84.6,63.5,72
"Eastern Michigan",2018,7,6,351,287,80.5,70.5,66.4,75,68.2,67.2,65.4,90.2,91,90,64.2,90.4
"Florida",2018,10,3,455,260,91.4,78.9,72.7,70.9,74,83.7,66.6,92.7,91.8,77.9,81,91.6
"Florida Atlantic",2018,5,7,373,381,83.7,80.6,62.6,83.3,75.7,90.6,65.7,83.4,85.2,66.4,69.8,77.3
"Florida International",2018,9,4,450,328,91.1,82,75.7,74.1,85.9,72.8,65.1,91.2,88.3,80.7,69.2,92.5
"Florida State",2018,5,7,263,378,77.9,64.5,71.9,45.4,69.6,69.7,52.9,90.2,92.6,85.9,82.3,73.2
"Fresno State",2018,12,2,485,198,90.7,82.2,83,70.6,74.8,79.7,72.7,91.2,82.3,75.2,70,92.7
"Georgia",2018,11,3,530,269,95,92.7,86.6,86.4,79.2,89.4,82.7,94.1,93.9,92,76.6,92.7
"Georgia Southern",2018,10,3,396,280,90.5,76.4,73.1,60.8,64,85.1,64.2,91.5,91.6,79.4,72.5,90.3
"Georgia State",2018,2,10,287,449,73,67,66,69.9,65.4,70.5,55.6,78.8,84.9,63.4,64.4,65.1
"Georgia Tech",2018,7,6,437,381,82.2,74.1,46.5,60,78.6,71.2,71.1,84.4,84.4,40.6,73.7,75.8
"Hawaii",2018,8,6,431,491,79.2,73.5,77.3,84.6,67,69.4,61.6,78.7,76.6,61.2,71.7,73.4
"Houston",2018,8,5,571,483,85.1,81.3,82.9,86.4,73.7,83.3,60.6,82.3,78.7,80.3,69.3,84.9
"Illinois",2018,4,8,312,473,77.2,74.2,67.7,82.2,55.4,85.7,71.9,72.9,71.7,70.3,65.3,73.2
"Indiana",2018,5,7,317,359,76.4,70.8,68.6,70.1,66.9,69.1,65.6,78.9,80.5,62.9,63.4,76.2
"Iowa",2018,9,4,405,231,91.6,77.2,57.6,72.6,79.3,72.6,74.4,93.5,92.6,91.1,81.4,92.1
"Iowa State",2018,8,5,348,298,89.2,77.6,75.6,63.6,76.5,85.7,58.7,91.4,94.8,72,68.4,87.1
"Kansas",2018,3,9,286,360,76.3,66.2,56.9,71.4,63.8,87.5,50.5,84.7,83.1,70.8,72.2,82.2
"Kansas State",2018,5,7,270,305,75.8,70.6,65.2,88.8,61.7,71.5,63.2,75.7,70.8,40.2,71.7,73.5
"Kent State",2018,2,10,287,440,69.5,61.3,57.2,61,58.2,80.4,50.1,81,91.8,85.6,63.5,65.4
"Kentucky",2018,10,3,346,219,90.5,76.8,59.4,80,67.4,79.9,75.1,91.8,91.3,81.3,89.6,87.7
"Liberty",2018,3,9,253,334,76.6,71,59.8,79.6,68.4,69.3,70.7,82.2,78.8,60.5,63.9,85.6
"Lafayette",2018,7,7,447,479,85.5,84.2,78.6,81,74.4,88.6,68,77,83.6,74,64.1,65.9
"Louisiana Tech",2018,8,5,321,299,82.2,73.1,72.1,73.9,64.7,75.8,66.1,88,86.5,73.9,70.4,89.3
"UL Monroe",2018,6,6,319,381,79.6,71.3,64.2,75.5,69.4,76.7,60.2,87,91.5,62.4,75.5,68.9
"Louisville",2018,2,10,237,529,59.1,56.2,43.7,51.4,60.9,73.2,54,60.7,62.2,65.4,55.7,62.6
"LSU",2018,10,3,421,283,91.3,81.5,79.8,75.7,75.8,80.3,65.1,91.4,87.5,73.9,76.7,92.4
"Marshall",2018,9,4,367,284,86.6,75.4,69.1,68,72.2,75.6,66.6,90.1,92,92.1,69.5,87.7
"Maryland",2018,5,7,342,344,78.7,66.4,56.3,72.6,62.5,76.9,58.2,85.5,89.2,90.3,66.7,82
"Massachusetts",2018,4,8,394,515,78.9,76.9,79.1,57.8,77.2,75,63.1,77.1,75.5,62.1,66.9,71
"Memphis",2018,8,6,601,447,92,89.4,79.5,88.2,75.7,85.4,84.4,90.5,93.6,90.7,70.4,81.9
"Miami (FL)",2018,7,6,374,253,88.3,70,56.9,77.9,60.6,77.5,68.9,94.1,92.4,83.6,85,93.4
"Miami (OH)",2018,6,6,337,306,83.9,74.8,74.1,81.4,71.2,75.1,59.6,86.9,85.8,74.5,72.6,82.6
"Michigan",2018,10,3,457,252,92.8,85.4,84,80.6,82.3,81.1,66.8,92.3,91.4,89.2,85.3,90.5
"Michigan State",2018,7,6,243,223,80.7,60.8,53.1,70.4,63.7,59.8,56.9,93.8,95.6,90,75.2,91.7
"Middle Tennessee",2018,8,6,392,374,74.8,71.5,75.6,81.3,68.2,71.5,55.3,77.7,79.2,76.4,62.8,79.6
"Minnesota",2018,7,6,376,345,90.9,79.5,58.3,69,76,74.5,80.6,91.1,83.7,80.5,79,90.8
"Ole Miss",2018,5,7,407,434,87.7,85.4,82.7,86.3,83.3,79.3,61.3,81.3,90,61.4,68.3,73.6
"Mississippi State",2018,8,5,371,171,90.5,76.8,56.6,71.8,59.9,92.2,74.2,92.6,94.1,92.2,80.1,89.6
"Missouri",2018,8,5,476,331,84.5,79.2,84.5,76,72,82.3,60.5,85.8,92.3,85.9,72.3,72.3
"Navy",2018,3,10,325,436,74.2,65,43.8,52.6,72.8,57.2,69.1,77.3,82.8,85.5,55.6,72.2
"Nebraska",2018,4,8,360,375,73.7,69.8,64,67.4,68.5,82.2,54,74.9,67.3,71.5,62.7,83.6
"Nevada",2018,8,5,404,350,80.6,68.4,63.4,66.9,69,74.3,58,91.1,93,90.6,81.2,82.1
"New Mexico",2018,3,9,319,434,73.1,65.8,49.8,69.1,65.6,72,60.8,76.9,78.1,73.3,63,73.5
"North Carolina",2018,2,9,301,380,84.3,72.8,60.6,88.4,66.3,79,65,89.9,91.7,90.9,71.2,78.1
"NC State",2018,9,4,440,324,92.3,88,88.6,87.7,83.9,69,75.3,91.6,94.4,93.4,72.3,85.6
"North Texas",2018,9,4,450,314,91.4,84.3,90.2,79.2,75.1,72.5,75,91.3,92.3,82.6,70.8,89.8
"Northern Illinois",2018,8,6,282,317,82.6,69.5,67.9,77,58.4,69.2,67.7,91,94,66.3,83.4,78.7
"Northwestern",2018,9,5,339,325,80.4,68.2,69.1,60.6,64.6,73.4,58,90.7,93.8,74.3,76.2,78.3
"Notre Dame",2018,12,1,408,237,92.4,78.8,64.6,76.3,78.2,74.2,74,94.8,92.5,90.8,90.6,93.5
"Ohio",2018,9,4,521,320,93.6,92.4,79.9,79.8,76.2,92.8,81.2,91.9,92,72.8,76.1,90.8
"Ohio State",2018,13,1,593,357,91.6,86,84.2,74.3,83,77.5,75.7,91.2,92.6,89.4,91.1,77.8
"Oklahoma",2018,12,2,677,466,92.8,96.4,94,90.6,90.7,94.8,78,78.1,84.7,59.6,80.6,60.7
"Oklahoma State",2018,7,6,499,422,86.8,80,69.1,70,78.4,91.9,59.9,86.8,92.9,82.6,76.5,71
"Old Dominion",2018,4,8,370,431,79.8,75.6,73.1,69.7,73.4,73.4,63.4,78.5,85.3,57.2,73.7,65.3
"Oregon",2018,9,4,453,330,90.8,80.2,78.8,81.5,64.9,72.6,79.5,92,92.8,87.4,78.5,89.8
"Oregon State",2018,2,10,313,548,71.6,77.8,73.8,66.3,80,76.9,61.3,57.3,53.7,57.8,54.6,62.1
"Penn State",2018,9,4,439,267,87.1,77.2,80.8,70.9,62.2,77.7,73.9,90.3,80.7,83.5,82.5,90.7
"Pittsburgh",2018,7,7,359,389,82.5,72.8,59.5,66.8,61.5,84.6,68.7,87.9,91.3,69.4,77.9,76.5
"Purdue",2018,6,7,397,390,78.5,73.8,72,67.4,75.4,76.4,55.4,78,81.5,92.3,60.1,77.8
"Rice",2018,2,11,246,468,70.8,62.4,49.6,69,72.4,64.6,50.8,74.8,82.8,69.5,70.9,60.1
"Rutgers",2018,1,11,162,377,66.6,48,26.5,76.4,44.6,66.9,57,88.4,88.2,84.9,64.7,89.1
"San Diego State",2018,7,6,268,288,84.3,76.4,65.9,67.9,76.7,72.9,74,84,86.2,83.6,61.1,84.5
"San Jose State",2018,1,11,255,439,73.9,68.5,69.5,66,74.8,59.9,56.5,74.1,80.8,57,61.9,69.2
"SMU",2018,5,7,365,423,80.2,71.5,71.6,80.9,69.9,64.5,60.8,83.9,89.9,58.1,62.3,77.5
"South Alabama",2018,3,9,290,465,68.7,64.4,68,56.8,71.6,64,53.6,71.5,79.1,61.5,71.9,62.6
"South Carolina",2018,7,6,391,354,83.2,77.2,72.1,72.1,73.7,76.7,67,80.3,79,76.3,69.5,79.8
"Southern Miss",2018,6,5,288,218,87.2,72.1,62.5,89.5,77.2,64.8,57.1,92.3,93.8,80.4,66.8,90.2
"Stanford",2018,9,4,369,298,90.1,82.6,79.7,81.3,85.6,73.1,62.6,87.9,87.2,69.3,63.8,89.6
"Syracuse",2018,10,3,523,351,85.2,70.6,68.6,81.2,68.6,73.3,55.5,91.2,90.3,90.7,74.7,90.7
"TCU",2018,7,6,306,300,81.8,67,54.4,76.6,65.6,74.8,58.2,91,90.4,66.9,71.9,90.6
"Temple",2018,8,5,454,352,90.1,78.4,78,72.3,74.1,73.1,69.5,91.5,91.9,84.4,77.3,90.7
"Tennessee",2018,5,7,273,335,81.8,73.4,81.8,54.3,75.4,72.1,60,82.8,83.9,84.2,70,76.3
"Texas",2018,10,4,435,362,82.7,81,80,81.7,77.3,77.2,65.2,77.5,86.6,76.2,66.5,72.3
"Texas A&M",2018,9,4,468,329,88.6,78.2,74.6,61.3,78.3,87.1,58.9,89,93.3,76.2,76.4,72.6
"Texas State",2018,3,9,237,332,82.8,67.2,57,60.6,69.8,70,63.2,92.5,91.6,67.7,70.5,91.9
"Texas Tech",2018,5,7,448,373,82.8,79.8,74.6,81.9,80.3,75.2,66.5,76.1,91.7,78,63.9,58.3
"Toledo",2018,7,6,525,397,86.6,74.1,77.1,70.4,65.2,80.9,62.4,90.8,87.4,72,73.9,91.3
"Troy",2018,10,3,399,286,88.4,70.8,75.7,84.2,70.8,64.9,57.7,93.1,94.3,87.7,75.5,91.2
"Tulane",2018,7,6,349,358,80.1,68.8,51.6,75.6,65,79.6,60,88.2,91.1,70.7,71.5,82.1
"Tulsa",2018,3,9,289,355,74.7,63.7,45.6,70.9,59.9,79.4,57.1,87.2,89.8,83.2,60.3,88.1
"UAB",2018,11,3,418,238,91.4,81,85,82.6,84.9,72.3,59.4,92.8,95.5,89,78.3,90.1
"UCF",2018,12,1,562,295,87.8,79.9,81.7,78.2,70.3,84.7,64.3,88.7,90.3,55.8,70.8,88.6
"UCLA",2018,3,9,295,409,76.2,68.8,62.7,54.5,67.1,79.1,62.8,80.2,74.8,80,63,88.6
"UNLV",2018,4,8,345,447,73.4,66.6,56.1,67.6,63.5,72.8,62.5,79.2,82.9,77.9,64.6,72.6
"USC",2018,5,7,313,324,85.5,73.1,64.7,77.8,72.4,78,62.3,90.6,92.3,72.9,65.6,89.7
"USF",2018,7,6,370,416,80.3,72.1,72.7,80.4,63.4,76.2,61.3,87.6,91,68.2,71.3,81
"Utah",2018,9,5,393,272,90.8,74.3,72.2,78.1,62.2,83.2,61.8,92.9,93.8,87.9,83.5,90.2
"Utah State",2018,11,2,618,289,92.2,82.5,83.2,79.6,74.5,83.9,69.8,92.8,94.6,91,72.1,91.2
"UTEP",2018,1,11,212,393,72.6,61.6,49.7,66.3,67,67.3,54.5,80.1,80.5,84,67.2,76.3
"UTSA",2018,3,9,170,374,71.4,58.5,55.5,69.4,58,63.7,51.6,86.6,90.7,68.3,78.6,68.8
"Vanderbilt",2018,6,7,370,346,81.6,79.9,69.2,69.1,76.4,84.5,70,77.2,80.2,68.7,64.6,74.1
"Virginia",2018,8,5,370,261,87.6,75.3,73.2,62.5,71.6,83.6,61.1,91,78.1,85.2,70,93
"Virginia Tech",2018,6,7,388,403,76,75.5,65.8,80.6,76.5,77.3,60.4,67.9,70.9,47.5,68.1,59.4
"Wake Forest",2018,7,6,427,433,86.4,78.4,78.1,80.7,74.9,74.9,61.5,89.4,92.9,71.2,64.8,80.9
"Washington",2018,10,4,369,229,93.6,86.5,74,73.3,82.8,82.2,77.9,95.3,95.5,90.7,82,93.5
"Washington State",2018,11,2,488,303,87.4,80.6,87.5,88.3,73.8,71.1,65.5,85.7,82.9,75.5,68.1,86.3
"West Virginia",2018,8,4,483,326,90.8,89.7,90.9,77.8,82.3,81.4,76,82.5,83.4,44.6,67.4,80.6
"Western Kentucky",2018,3,9,253,334,76.6,71,59.8,79.6,68.4,69.3,70.7,82.2,78.8,60.5,63.9,85.6
"Western Michigan",2018,7,6,416,449,79.9,77.1,72.8,85.1,73.3,69.4,67.8,82.9,85.5,73.5,75.8,72.2
"Wisconsin",2018,8,5,386,294,92.2,92.3,60.7,74.6,73.7,91.8,88.3,88,81.8,68.7,70.2,89.3
"Wyoming",2018,6,6,248,264,85.8,70.5,62.7,59.7,63.4,76.5,67.8,91.9,91.7,70.9,70.2,90.9
"Air Force",2019,11,2,443,258,93.7,95.7,86.8,69.5,90.9,85.9,89,83.7,84.5,84.3,74.7,70.5
"Akron",2019,0,12,126,435,58.6,49.5,51.4,46.7,55.8,59.5,43.3,72.5,83.1,83.4,67.5,49.6
"Alabama",2019,11,2,614,242,95.6,95.2,89.8,81,91.7,89.9,87,93.2,93.9,87,87.8,91
"App State",2019,13,1,543,280,92.1,85.5,68,78.2,73.8,81.7,86,91.4,91.2,77.4,81.6,90
"Arizona",2019,4,8,323,429,72.1,75.3,78.7,75.3,62.7,88.4,60.8,62.8,55.5,72.5,63.2,71.2
"Arizona State",2019,8,5,322,291,74.8,67.5,67.7,63.9,63.4,72.9,63.7,75.5,79.8,69.1,63.4,71.9
"Arkansas",2019,2,10,257,442,68.9,66.1,55.2,61.7,61.7,78.4,63,67.2,65.9,66.9,71.1,62.3
"Arkansas State",2019,8,5,438,444,80,76.4,88.8,53.4,82,76.3,49,75,75.5,64.5,82.6,68.6
"Army",2019,5,8,370,299,82.3,86.7,43.4,35,67.5,89.4,87.2,68.5,66.5,65.7,61.9,67.3
"Auburn",2019,9,4,432,254,86.6,72,66.6,83.4,61.9,71.4,69.8,91.6,92.3,90.2,81.3,90.5
"Ball State",2019,5,7,418,377,78.5,77.6,63.2,64.3,75.7,86.8,63.1,72.2,77.3,70.8,63,67.7
"Baylor",2019,11,3,471,277,83.7,74.4,72.4,62.6,73,86.5,55.4,88.2,79.3,60.3,85.2,88.6
"Boise State",2019,12,2,486,306,90.9,81.1,67,71.7,76.6,79.6,76.8,91.2,89.8,75.8,81.3,89.8
"Boston College",2019,6,7,377,418,77.7,77.5,56.9,77.5,65.8,88.1,69.1,70.4,80.1,52,66,55.4
"Bowling Green",2019,3,9,192,463,60.7,60.9,48,69.8,56.6,75.2,56.2,60.2,58.6,57.4,70.3,58.7
"Buffalo",2019,8,5,409,277,89.4,82.3,69.7,68.3,63.9,84.6,79.5,91.1,88.3,79.6,91.1,79.2
"BYU",2019,4,8,368,408,73.7,72.9,59.3,67.4,65.3,84.5,65.2,65.1,71.5,63.7,77.8,47
"California",2019,8,5,276,285,76.7,68.6,66.5,66.1,58.3,79.5,64.4,81.9,81.5,86.4,69.7,77.9
"Central Michigan",2019,8,6,426,396,80,73.8,57.8,69.5,72.6,76.1,69.3,82.3,81.9,56.2,88.5,74.1
"Charlotte",2019,7,6,388,421,81.4,80.5,73.5,63.2,78.7,85.4,66.1,75.9,70.6,79.5,76.7,74
"Cincinnati",2019,11,3,415,288,81.2,68.9,67.5,45,58.4,87.8,63.7,89.5,86.9,72.9,86.3,84.2
"Clemson",2019,14,1,659,203,93.2,91.5,85.4,77,76.2,94.1,80,92,91,78.2,76.3,91.9
"Coastal Carolina",2019,5,7,364,366,72.3,70.7,66.8,50.4,71,77.5,61.6,69.9,66.4,48.1,75.9,62.8
"Colorado",2019,5,7,282,382,73.2,76.8,71.5,73.1,72.5,82,67.7,59.4,62,72.2,61.4,53.4
"Colorado State",2019,4,8,337,374,76.7,74.6,70.4,72.3,76.5,71.1,63.4,69.7,62.7,88.7,78.4,66.2
"UConn",2019,2,10,227,486,68.8,68,45.8,74.4,65.6,73.1,70.7,62.9,61.5,66.9,67.1,63.1
"Duke",2019,5,7,303,350,72.1,57.3,50.4,41.2,56.9,67.4,59.5,88,82.5,56.8,87.7,79.5
"East Carolina",2019,4,8,321,404,74.3,68.9,70.8,55.4,76.2,74.2,48.1,72.3,74.2,69.5,66,66.9
"Eastern Michigan",2019,6,7,379,398,77.6,78.1,82.2,69.7,73.9,72.1,67.3,71.4,67.3,77.5,58.4,81.9
"Florida",2019,11,2,432,201,85.5,73.6,70.4,62.9,80.3,75.4,51.2,90.8,89.5,66,83.6,87.9
"Florida Atlantic",2019,11,3,510,318,85.4,82,80.4,81.6,76.5,83.3,63.5,82.2,77.7,65.1,70,87.7
"Florida International",2019,6,7,344,354,81.1,74,68.9,77.3,63.3,75.8,69.1,83.6,80.5,65.9,71.5,89.5
"Florida State",2019,6,7,363,362,75.8,65.8,62.8,51.1,73.9,79.6,48.2,83.6,90.3,65.6,82.5,70.7
"Fresno State",2019,4,8,360,361,75.2,75.1,64.4,72.2,68.8,80,71,67.3,55,60.1,72.3,73.8
"Georgia",2019,12,2,431,176,94.1,92.5,86.9,87.3,74.7,83.9,87.9,92.7,91.8,90,82.4,91.5
"Georgia Southern",2019,7,6,366,366,75.2,64.7,48.9,61.9,59.3,72.3,60.5,80.7,83.9,58,77.3,68.2
"Georgia State",2019,7,6,406,471,75.6,74.6,70.4,64.8,68.9,83,62.3,72.7,68.8,48.9,70.3,71.4
"Georgia Tech",2019,3,9,200,389,61.2,56.3,45.9,35.6,59.6,78.9,47.2,66.2,61.9,67.5,63.3,71.7
"Hawaii",2019,10,5,508,478,76.8,79.2,73.2,81.4,71.7,87.6,65.6,64.5,51.7,56.5,62.1,76.2
"Houston",2019,4,8,368,408,73.7,72.9,59.3,67.4,65.3,84.5,65.2,65.1,71.5,63.7,77.8,47
"Illinois",2019,6,7,347,340,74.6,69.9,59.1,78.3,59.9,72,74.3,72.8,78.7,66.2,66.8,61.4
"Indiana",2019,8,5,413,317,79.4,75.5,84.8,66.6,73.1,77.8,53.8,78.6,78.7,69.1,73.2,72.7
"Iowa",2019,10,3,335,182,91.7,86.8,79.9,74.7,76.9,82.3,80.3,89.6,77.5,80.4,74.1,90.2
"Iowa State",2019,7,6,418,337,86,81.9,82,66.6,83.4,72.5,71.2,82.7,77.9,58.5,68.1,83.8
"Kansas",2019,3,9,282,433,68.4,74.1,62.6,60.8,75,89.7,57.9,58.6,49.8,67.6,64.6,64.6
"Kansas State",2019,8,5,385,278,84.1,80.4,80.9,81.9,72.3,76.3,70.8,73.4,72.7,40,76.8,64.1
"Kent State",2019,7,6,380,414,78.1,74.1,88.5,59.1,65.9,79.6,59.5,71.4,74.9,84.7,66.1,63.2
"Kentucky",2019,8,5,353,251,86.1,75.6,31.4,82,59.3,87.9,83.2,90.4,79.3,69,87.4,89.7
"Liberty",2019,9,4,330,261,87.2,80.4,70,88.3,75.4,79.8,66.9,86.5,79.8,89.4,69.3,89.7
"Lafayette",2019,11,3,531,276,90.5,92,73.8,84.7,77.6,92.1,85.1,76.2,63.7,83.8,74.5,84.5
"Louisiana Tech",2019,10,3,422,284,85.4,77,76.5,71.4,68.3,79.7,68.6,89.4,90.4,81.9,65.9,89.4
"UL Monroe",2019,5,7,379,464,76,74.8,78.1,63.1,64,86,63.3,74.2,72.6,57.5,86.7,62.8
"Louisville",2019,8,5,430,434,81.9,82.2,76.2,68,84.5,82.5,68.2,71.3,66.6,43.9,68.4,73.5
"LSU",2019,15,0,726,328,93.4,94.4,94,68.7,89.9,92.2,75.2,90.1,92,70.8,73.5,88.1
"Marshall",2019,8,5,335,325,86.3,78.2,64,71.3,65,83.7,77.9,87.6,86.7,81.6,73,86
"Maryland",2019,3,9,303,416,70.7,58.6,45.5,46.8,52.2,84.4,58.7,80.9,89,81.8,68.6,67
"Massachusetts",2019,1,11,237,632,49,55.6,56.8,38.1,56.9,73.2,50.3,40.3,41.8,54,57.1,37.8
"Memphis",2019,12,2,566,370,91,88,77.6,74.5,83.3,85.2,78.7,80.5,71.5,67.9,86.4,75.1
"Miami (FL)",2019,6,7,334,263,77.4,65.7,58.8,58,67.1,79.6,55.3,88.9,88.7,58.5,87.1,78.2
"Miami (OH)",2019,8,6,338,394,79.5,66.1,65.4,66,65.3,71.2,54.7,85.7,82.6,57.1,73.8,86.3
"Michigan",2019,9,4,412,269,90.9,79.6,72.1,85.7,73.4,70.2,74.5,92.2,91.1,92.1,91.4,83.7
"Michigan State",2019,7,6,291,293,76.8,65.6,66.6,59.3,67.6,71,51.4,88.6,85.8,60.7,85.2,80.7
"Middle Tennessee",2019,4,8,316,359,68.1,70,66.9,60.2,66.7,85.4,54.1,63.7,60.2,59.6,54.4,70.3
"Minnesota",2019,11,2,443,293,91.8,92.7,90.1,59.7,91.7,82.2,75.3,85.2,78.7,69.7,81.4,80.4
"Ole Miss",2019,4,8,319,318,73.1,69.8,67.4,56.5,65,81.7,56.4,73.4,64.9,63.7,80.2,69.7
"Mississippi State",2019,6,7,359,375,74.5,75.2,67.2,62.7,66.6,84.2,67.2,69.4,68.7,51,76.1,61
"Missouri",2019,6,6,304,233,81.6,66.9,62.7,82.1,57.3,75.9,59.8,91.3,91.5,79.2,78.1,89.6
"Navy",2019,11,2,483,290,84.6,86.2,65.4,45.6,71.5,87.6,80.3,73.5,75.5,70.4,65.4,67
"Nebraska",2019,5,7,336,333,68.8,64.2,51,66.9,61.6,75.9,57.3,73.8,59,52.8,70.5,84.5
"Nevada",2019,7,6,277,415,73.8,65.3,67.5,66.7,65.4,76.6,50.6,81.2,84,69.6,74.7,70.4
"New Mexico",2019,2,10,267,446,72.3,71,54.5,75.4,69.3,75.6,64,68.3,75.2,75.6,82,47
"North Carolina",2019,7,6,430,308,86.2,82.4,83.5,76.4,78,87.9,58.8,81.7,81.3,56.3,76.6,73.6
"NC State",2019,4,8,265,361,69.8,65.4,55.5,65.3,55.9,72.9,75,67.9,69.1,53.6,69.9,61.1
"North Texas",2019,4,8,367,390,78.3,73.6,76.6,51.6,77.1,75.2,56.8,75.2,68.4,61.4,70.9,76.5
"Northern Illinois",2019,5,7,274,338,75.2,67,52.7,71.7,68.7,75.3,57.2,78.9,87.3,65.6,70.8,57.4
"Northwestern",2019,3,9,196,283,73.8,59.8,44.1,69.2,47.9,70.7,66.1,90.1,91,69.5,78.2,77
"Notre Dame",2019,11,2,478,233,92.4,83.8,76.6,88.1,72.8,79.8,80.8,92.2,90.5,79.6,90.7,89.1
"Ohio",2019,7,6,446,345,84.6,85.3,76.6,71.6,77.7,88.2,72.8,72.8,68.7,51.3,67.8,73.5
"Ohio State",2019,13,1,656,192,96.6,93.9,92,76.4,87.8,83.1,82.7,96.3,95.2,88.7,93.2,92.6
"Oklahoma",2019,12,2,590,382,91.9,92.7,90.7,74.1,90.3,92,68.7,81.3,83.2,73.7,75.2,76.8
"Oklahoma State",2019,8,5,422,348,84.9,80.5,60.4,80.9,71.8,85.7,73,80.2,77.8,66,61.6,84.4
"Old Dominion",2019,1,11,195,358,69.2,58.9,52.6,51.7,59.9,72,51.9,79.9,78.8,64.3,75.2,76.5
"Oregon",2019,12,2,495,231,91.7,88.4,83.2,84.9,71.6,82.2,86.6,90.7,77.8,72.4,80.8,91.4
"Oregon State",2019,5,7,374,390,81.7,86.3,82.7,82.4,76.3,83.2,76,66.3,64,74.1,60.8,68.3
"Penn State",2019,11,2,465,208,91.5,78,62.8,63.7,65.3,84.7,80.3,93.1,94.4,89.6,90.1,87.7
"Pittsburgh",2019,8,5,275,292,79.2,67.2,75.2,69.3,64.2,70.1,52.1,90.6,90.5,75.7,81.8,89.4
"Purdue",2019,4,8,310,367,69.4,66.7,73.2,60.6,67.8,68.4,48,67.6,60.9,65.8,67.2,70
"Rice",2019,3,9,215,311,71.9,62.9,53,64.3,65.5,68.4,55.5,77.3,76.1,59.6,71.8,70.5
"Rutgers",2019,2,10,159,440,63.4,56.9,35.9,61.8,57.3,71.5,54.7,65.4,69,70.1,67.4,56
"San Diego State",2019,10,3,276,165,90.6,80.1,78.2,82.3,74.9,72.8,72.5,90.7,80.8,54.4,79.7,90
"San Jose State",2019,5,7,361,383,78.1,79.7,87.7,62.5,79.8,80,55.6,68.3,56.1,56.6,74.4,77.1
"SMU",2019,10,3,544,434,83.5,81.2,81.8,76.1,80.8,78.2,60.6,81,78.5,71,83.4,74
"South Alabama",2019,2,10,221,368,65.5,58,46,53,63.4,70.6,51.6,76.7,76.2,65.9,68.3,73.8
"South Carolina",2019,4,8,269,313,75.3,61.9,57.8,59.4,56.4,82,55.9,84.7,85.4,77.6,78.8,74.7
"Southern Miss",2019,7,6,346,341,80.7,73.4,77.4,64.3,76,73.6,53.8,85.4,85,69.3,77.4,76.2
"Stanford",2019,4,8,260,358,75.2,71.2,68.6,63.4,71.9,73.1,63.3,71.3,70.8,67.8,69.3,69.7
"Syracuse",2019,5,7,339,368,73.2,63.6,57.2,75,63.6,68.1,57.5,79.1,76.6,66.3,80.7,70.6
"TCU",2019,5,7,364,317,83.6,71.2,61.3,75.1,57.7,90.6,62.4,90.8,83.4,66.9,68.9,92.3
"Temple",2019,8,5,342,337,86.9,78.1,71.7,78.2,66.6,80.8,72.4,90.8,89.8,62.8,90.7,84.6
"Tennessee",2019,8,5,314,282,83.5,73.2,65.2,47.4,74.4,81.2,67,85.6,82,83.6,78.1,82.8
"Texas",2019,8,5,458,357,86,82.8,85.1,81.1,71.2,87.2,68.8,78.5,80.8,51.2,66.4,77.5
"Texas A&M",2019,8,5,384,293,78.5,75.8,69.9,55.1,71.6,82.1,73.8,71.9,76.5,63.2,76.2,59.5
"Texas State",2019,3,9,221,391,77.4,66.3,67.9,52.4,68.8,72.4,53.2,85.8,88.7,85,64.6,80.6
"Texas Tech",2019,4,8,366,364,77.6,76,83.6,70.2,71.5,77.9,59.6,69.3,84.5,59.4,67.1,49.2
"Toledo",2019,6,6,327,386,73,71,57.7,59.6,67.7,77.7,68.4,67.6,67.3,75.8,62.4,65.8
"Troy",2019,5,7,406,417,77.5,74,73.7,73.2,67.3,80.6,62.7,74.3,74.7,55.9,73.9,67
"Tulane",2019,7,6,430,342,78.5,73.4,59.1,57.6,68.8,90.1,63.2,77.8,78.9,63,70.4,72.3
"Tulsa",2019,4,8,317,376,73.9,67.5,71,58.1,66.4,74.4,55.8,80.8,86.5,84.7,74.4,69.3
"UAB",2019,9,5,324,302,87.5,73.7,73.5,64.2,78.6,74.2,55.4,91.8,92,73.1,91.3,87
"UCF",2019,10,3,564,299,86.4,80.2,76.5,61.5,75.8,90,65.6,87.4,90.6,60.9,76.1,80
"UCLA",2019,4,8,320,417,72.6,72.3,64.2,65,67.5,78.6,67.1,65.1,76.9,67.7,66.1,50.2
"UNLV",2019,4,8,290,396,72.1,68,59.8,63.4,56.3,78.7,71.5,72.4,67.4,64.9,64.8,76.3
"USC",2019,8,5,422,382,82.8,81.3,76.2,70.7,81.6,78.1,68.1,73.8,72.9,70.8,66.7,74.4
"USF",2019,4,8,250,347,70.9,60.6,56.8,53.2,55.3,77.3,59.4,83.1,76,78,76.7,87.5
"Utah",2019,11,3,452,210,91.9,81.8,87.3,57.6,75,88.6,65.8,93,92.9,82.9,78.6,91.9
"Utah State",2019,7,6,380,399,77.7,72.1,77.2,64.2,67.7,71.9,63.2,77.1,78.6,56.8,76.4,64.3
"UTEP",2019,1,11,235,431,64.4,67,55.2,59.5,69.2,80.4,56.5,55.5,56.6,52.1,61.4,53.1
"UTSA",2019,4,8,244,407,62.8,64.5,54.3,71,56.8,68.2,69.9,60.4,59,42.9,72.7,55.7
"Vanderbilt",2019,3,9,198,381,57.5,54.3,39.7,50.8,56.7,81.1,46.2,59,57.1,59.8,70.9,54.5
"Virginia",2019,9,5,449,380,80.7,74.6,59.6,61.8,78.8,73.6,70.7,79.6,76.4,69.4,82.1,69.5
"Virginia Tech",2019,8,5,401,321,83.9,72.5,66.7,69.5,74.8,73.7,58.8,88.7,81.3,68.2,73.7,90.3
"Wake Forest",2019,8,5,414,378,85.9,80.6,84.5,81.3,78.3,76.4,57.5,82.2,77.1,53.5,78.8,77.7
"Washington",2019,8,5,416,252,91.6,86.7,81.8,78.7,72.6,87,79.8,90.3,82.1,67.1,77.5,90.5
"Washington State",2019,6,7,491,408,79.8,80.7,82.2,81.9,76.2,76.8,68.6,63.1,59.2,40.4,71.3,60.4
"West Virginia",2019,5,7,247,346,75.4,67.9,70.2,76.9,64.1,66,59.5,81.2,82.1,80.6,66.9,81.8
"Western Kentucky",2019,9,4,330,261,87.2,80.4,70,88.3,75.4,79.8,66.9,86.5,79.8,89.4,69.3,89.7
"Western Michigan",2019,7,6,430,337,82.2,81.9,69.8,77.7,74.4,82.2,73.4,75,72.2,65,73,74.8
"Wisconsin",2019,10,4,477,237,91.6,88.7,78.1,68.3,78.3,87,81.2,85,72.4,44.8,85.2,83.7
"Wyoming",2019,8,5,330,231,77.3,66.9,47.8,58,63.5,85,58.4,86.4,91.1,83.2,76.4,72
"Air Force",2020,3,3,146,90,92,90.7,66,85.5,74.6,81.4,86.9,76.1,70,77,74.4,72
"Akron",2020,1,5,103,248,43,50,44.5,14.3,56.5,66.6,55.3,40.9,38.9,51.8,53.9,44.4
"Alabama",2020,13,0,630,252,95.2,97.4,94.2,76,93.3,94.2,81.5,90.2,76.3,81.2,84.8,90.3
"App State",2020,9,3,406,240,91,86.2,72.7,79.1,69.2,85.5,85.1,85.3,80.5,84.9,77.8,83.2
"Arizona",2020,0,5,87,199,60.4,59.1,44,46.9,59.8,80.1,57.1,59,59.5,62.4,61.8,56.5
"Arizona State",2020,2,2,161,93,85.9,80.2,62.1,64.9,65.2,91.8,75.2,71.9,60.9,55.5,69.4,79.8
"Arkansas",2020,3,7,257,349,69,71,73.8,63.2,69.9,68,65.7,63,52.7,56.2,63,73.4
"Arkansas State",2020,4,7,362,409,71.2,75.2,78.8,44.1,82,73.5,59.6,61.3,78.8,65.1,62.3,44.1
"Army",2020,9,3,321,178,91.1,85.7,42.1,37.5,67.3,76.9,88.9,85.2,87.2,82.8,65.8,75.3
"Auburn",2020,6,5,276,272,71.3,71.2,66.5,61.8,64,86.8,60.3,61.3,50.7,87.9,68.1,67.6
"Ball State",2020,7,1,274,206,84.3,80.2,66.6,67.9,78.4,87.6,63.8,78.8,71.4,65.7,82.1,69.8
"Baylor",2020,2,7,210,263,64.3,58.2,57,60.1,56.2,74.6,50.5,68.4,60.5,61.7,72.3,70.5
"Boise State",2020,5,2,237,190,80.4,74.3,74.5,55.2,73.1,77.4,61.7,70.2,72.3,66.2,69,59.5
"Boston College",2020,6,5,306,312,78.3,80.4,70.2,74.2,83.5,77.1,67.5,68.2,67.3,57.4,70.6,63.5
"Bowling Green",2020,0,5,57,225,51.5,60.5,48,62.2,52,72.5,63.6,43.7,35.7,40.3,70.8,51.3
"Buffalo",2020,6,1,304,153,94.4,96,82.3,85,77.7,90.6,90.2,81.5,70,68.2,86.9,75.3
"BYU",2020,3,5,240,256,88,77.7,79.2,74.4,69.5,81.1,67.2,90,89.6,69.6,90.3,63.5
"California",2020,1,3,81,106,66.9,65.6,63.1,73.6,59.4,69,60.9,59.5,56.8,68.7,68.2,56.6
"Central Michigan",2020,3,3,188,181,79.7,74.2,60,56,65.7,82.2,72.7,75.6,75.3,55.9,78.2,63.5
"Charlotte",2020,2,4,162,195,67.5,70.2,72.9,46.5,70.2,76.7,56.2,57.6,57,66.2,60.9,56.1
"Cincinnati",2020,9,1,375,168,90.4,76.1,69.7,71.2,76.3,81.6,61.5,92.1,91.5,68.9,88.9,90.6
"Clemson",2020,10,2,522,242,91.4,85.2,88.2,72.1,78.8,82,72.1,88.6,90.1,71.5,78.6,78.4
"Coastal Carolina",2020,11,1,446,243,90.8,90.3,91.2,62.9,90.2,87.8,65.3,81.2,76.2,56.3,85.9,70.1
"Colorado",2020,4,2,171,190,73,67.5,68.6,67.6,59.4,79.2,54.6,70.7,72.4,53.9,72.1,60.4
"Colorado State",2020,1,3,89,143,73.6,64.4,61.1,52.4,70.8,66.9,54.1,73,79.1,74.7,78.6,48.5
"UConn",2020,2,9,273,419,66,64.1,48.1,55.8,64.2,68.6,67.4,64.1,58.6,48.7,76.4,61.3
"Duke",2020,3,6,272,319,70.5,65.4,68.8,44,67.3,74.8,53.7,71.1,62.5,61.9,58.6,82.7
"East Carolina",2020,2,4,199,216,70.7,76.5,78.2,62.9,73.1,71.4,66.6,51.8,50.4,55.1,61.6,52.5
"Eastern Michigan",2020,8,4,478,370,82.4,88.6,92.3,68.1,86.7,84.4,59.7,59.3,49.5,56.2,77.3,58
"Florida",2020,5,4,170,157,71.8,63.1,63.9,65.9,55.5,85.7,47.8,78.4,72.2,75,65.8,79.2
"Florida Atlantic",2020,0,5,112,162,71,61.8,42,78.5,53.9,68.6,68.5,69.6,69.9,47.7,64.8,71
"Florida International",2020,3,6,232,324,65.2,60.5,51.3,59.3,54.9,86.4,56.2,66.8,59.1,65.8,64.9,74.6
"Florida State",2020,3,3,197,180,71.4,73.4,78.1,65,68,80.2,59.3,60.4,48.4,58.2,66.9,67.1
"Fresno State",2020,8,2,323,200,93.5,87.6,71.5,73.1,73,90.2,85.7,92,91,93.4,87.2,86.2
"Georgia",2020,8,5,354,270,84,73.6,47.1,64.3,62.5,86.7,64.3,89.8,90.8,73.6,78.5,78.9
"Georgia Southern",2020,6,4,333,317,79.7,69.8,70.4,60.1,70.6,68.1,60.6,87.9,84.6,67.2,87.7,75
"Georgia State",2020,3,7,239,368,61.5,59.4,48.7,50.6,62.1,85.8,44.9,62.5,67.6,62,66.9,53.9
"Georgia Tech",2020,5,4,236,248,65.3,67.1,60.4,71.9,62.5,80.9,57.8,55.1,54.5,30,57.4,56.3
"Hawaii",2020,3,5,240,256,88,77.7,79.2,74.4,69.5,81.1,67.2,90,89.6,69.6,90.3,63.5
"Houston",2020,2,6,161,279,65.9,70.8,55.3,65.8,60.9,81.5,68.2,51.1,46.5,74,70.8,55.4
"Illinois",2020,6,2,231,162,76.7,72.3,73.9,36,72,74.4,66.5,71.7,65.8,65.6,62,74.3
"Indiana",2020,6,2,254,128,90.9,80.9,57.4,76.1,68,79.6,87.3,89.9,81.4,87.1,72.4,88.4
"Iowa",2020,9,3,395,257,87.8,81.6,75.4,68.2,77.8,86.5,67.4,86.1,85.9,66.9,73.2,82.3
"Iowa State",2020,0,9,142,414,50.9,49.4,42.6,18.2,57,74.2,48.7,53.5,57.6,69.4,61.8,44.3
"Kansas",2020,4,6,266,322,74.1,68.8,65.5,52.6,63.3,78.8,62.8,70,57.6,38.5,88.4,65.1
"Kansas State",2020,3,1,199,152,84.7,86.7,80.4,75.5,76.7,92.2,68.9,57.6,56.6,58.4,64,55.2
"Kent State",2020,5,6,240,285,82.5,78.8,56.5,72.9,59.3,80.5,88.4,76.5,68,77,74,80.8
"Kentucky",2020,5,7,228,304,76.7,72.5,56.1,85.7,59.7,72.8,80.4,73.6,61.6,83.1,69.6,85.8
"Liberty",2020,10,1,370,242,89,81,73.3,72.9,64.3,91.5,73.9,87.4,73.6,77.4,82,89.5
"Lafayette",2020,5,5,267,347,70.7,65.6,59.4,59,62.8,70.5,63.9,68.9,66.7,62.4,72.6,63.9
"Louisiana Tech",2020,0,10,163,420,50.4,54.5,57.7,53.1,55.8,63.3,48.4,51.2,56.1,54.9,69.5,29.2
"UL Monroe",2020,4,7,325,293,78.7,77.8,68.3,62.5,76.9,82.5,68.4,69,65.1,65.6,70.4,66.2
"Louisville",2020,5,5,320,349,82.4,79.8,82.5,66,70.9,80.5,71.2,70.5,56.4,55.6,83.1,70.4
"LSU",2020,7,3,285,130,92.7,88.2,73.8,82.4,74.3,76.4,87.7,91.4,91.3,93.4,73.4,90.2
"Marshall",2020,2,3,118,160,73.7,68.9,64,74.2,65.4,77.1,60,69.9,59.4,77,72,79.7
"Maryland",2020,0,4,12,161,43.4,47.3,34.4,60.9,53.9,59.9,42.2,50.8,53,45.4,54.7,48.5
"Massachusetts",2020,8,3,341,307,83.9,76.8,72.9,77.7,70.8,77.5,69.1,83.1,85.8,90.2,73.6,72.7
"Memphis",2020,8,3,374,297,78,75,87.9,67,68.1,78.6,58.1,71.8,70.3,71.3,84.1,61.3
"Miami (FL)",2020,2,1,86,80,76.2,72.3,81.9,70.8,69,65.7,58.6,62.9,63.5,78,74.3,52.4
"Miami (OH)",2020,2,4,170,207,82.1,73.6,71.5,69.6,67.9,78.4,63.7,79,79.9,88.4,79.8,63
"Michigan",2020,2,5,126,246,65.6,61.5,65.5,61.6,64.2,58,55.5,68.4,65.7,48.3,68.4,65
"Michigan State",2020,3,6,206,319,61.5,63.2,68.6,56.6,64.6,75.3,44.7,54.3,49,56.7,65.6,55.3
"Middle Tennessee",2020,3,4,191,211,78.3,84.1,69.8,56.1,71.9,83.5,82.6,57.2,45.6,87.5,72.5,62
"Minnesota",2020,5,5,392,383,80.4,86.7,87.6,58.3,83.6,90.1,66.1,61.7,55.4,67,71.5,59.5
"Ole Miss",2020,4,7,235,309,64.2,58.4,59.5,51.9,56.7,78.5,53.9,67.3,55.8,56.9,67.9,73.7
"Mississippi State",2020,5,5,267,323,76.2,77.3,77.9,67.4,71.4,74.6,69.7,62.5,53.4,65.4,71.5,63.8
"Missouri",2020,3,7,166,303,59,69.1,51.1,35.4,70.5,65.4,75.3,42.3,42.1,56.9,50.4,51.7
"Navy",2020,3,5,185,235,70.4,64.9,58.1,58.2,63.6,83.6,50.5,72.5,68.5,82.5,77,64.1
"Nebraska",2020,7,2,277,210,83.4,78.2,84.7,66,72.3,82.9,66.7,80.3,79.1,76.7,76,69.4
"Nevada",2020,2,5,167,228,67.7,70.4,57.4,64.4,59.8,77.1,72.5,55.1,56.3,64.5,58.1,60.4
"New Mexico",2020,8,4,500,353,80.2,88,90.7,56.9,80.9,94.9,62.4,57.4,43.1,58.2,74.3,61.8
"North Carolina",2020,8,4,363,350,77.7,80.1,75.3,50.1,76.8,82.3,77.9,65.7,64,54.7,65.9,69
"NC State",2020,4,6,344,428,73.9,80.9,85.6,49.3,74.7,90.6,61.3,57.2,53.1,48.8,66.9,61.4
"North Texas",2020,0,6,149,232,72.1,72.1,74.6,53,67.6,76.9,64.8,57.1,59,66.1,69.6,41.5
"Northern Illinois",2020,7,2,222,143,83,75.5,79,59.5,69.7,73.4,68,82.8,67.8,47.5,62.9,90.4
"Northwestern",2020,10,2,401,236,91.9,88.4,74.1,73.6,70.3,80.3,89.7,89.4,86.2,66.5,80.3,83.2
"Notre Dame",2020,2,1,103,50,82.9,78.2,67,66.4,72.1,73.5,77.6,68.3,57.3,43.5,74.7,71.1
"Ohio",2020,7,1,328,206,93.5,93.6,92,69.7,81.5,91.8,80.4,88.5,84,63.1,91.3,64.7
"Ohio State",2020,9,2,473,239,93.5,94.3,91.9,86.3,80,91.7,87,84.1,71.2,56.5,90.8,76
"Oklahoma",2020,8,3,332,258,84.9,80.4,75,76.6,69.8,72.2,80.2,82.4,75.1,67,71.3,86.5
"Oklahoma State",2020,4,3,219,198,77.8,73.9,61.2,62.3,71.4,75.2,71.5,75.2,71.2,69.3,68.6,74.1
"Old Dominion",2020,2,5,202,233,74.7,76,73.2,58,65.4,85.4,67.7,61.1,58.1,64.6,65.4,59.5
"Oregon",2020,4,5,268,249,83.3,75,61.8,69.1,74.4,73.7,69.4,82,83.7,87,81.6,63.4
"Oregon State",2020,6,5,319,270,77.1,65,57.6,65.1,61.8,75.7,60.3,84.8,90.9,65.1,83.4,68.6
"Penn State",2020,2,4,163,179,71.1,69.6,71.6,60,69.6,72.8,56,61.6,76,81.6,62,37.9
"Pittsburgh",2020,2,3,117,94,71.1,68.4,71.5,46.2,73.4,71.3,55.4,65.1,67,75.5,65.8,57.2
"Purdue",2020,3,6,240,289,64.9,61.8,60.4,56.6,66.2,70.7,45.6,61.8,65.7,61.2,68.7,52.3
"Rice",2020,4,4,197,142,90,78.6,59.1,66.2,66.2,80,79.3,90.4,83.8,61.9,71.1,90.6
"Rutgers",2020,7,1,229,159,90,79.5,77.9,71.4,74.6,83.5,66.1,90.1,88.8,81.1,78.6,79.3
"San Diego State",2020,7,3,386,309,82.2,81.7,83.6,69.5,73.5,88.2,67,68.6,71.8,63.3,71.9,54.5
"San Jose State",2020,4,7,219,300,69.3,65.6,74.4,30.9,75.3,76.4,42.5,71.3,73.9,65.5,70,61.1
"SMU",2020,2,8,235,360,67.6,69.9,65.7,53.6,59.7,84.3,65.7,58.4,50.7,73.7,71,60.2
"South Alabama",2020,3,7,253,323,81.1,75.2,67.9,54.4,73.9,82.1,65.9,79.7,77.7,65.6,72.1,72.5
"South Carolina",2020,4,2,176,190,83.7,81.4,79,63.7,73.5,81,74.9,62.6,58.5,77.5,65.8,65.4
"Southern Miss",2020,1,10,196,360,65.5,54.6,50.8,52.9,54.5,73.5,50.3,73.8,70.1,74,73.7,73.1
"Stanford",2020,6,4,308,242,79.8,73.4,67.4,70.5,62.6,87,66.4,80.7,61.3,59.9,72,90.2
"Syracuse",2020,1,6,139,260,64.3,65.9,59.7,79.3,65.7,61.3,62,59,64.7,34.2,80.3,29.8
"TCU",2020,3,7,215,301,70.5,70.3,57,48.7,67.2,81.3,71.3,65.4,62.4,75.3,69.4,61
"Temple",2020,7,3,427,285,84.6,80.9,79.2,75.4,68.9,82.4,75.7,77.9,85.4,49,79,61.2
"Tennessee",2020,9,1,326,217,91.3,87.9,81,61.6,75.3,87.6,83.8,84.8,80.7,73.6,83.8,74.3
"Texas",2020,2,10,332,458,68.3,70,54.6,64.3,71.6,81.2,58.1,60,57.8,58.2,60.3,63.6
"Texas A&M",2020,4,6,291,367,70.4,70,66.6,65.5,63.3,79.8,65.2,64.7,60.8,77.6,74.2,60
"Texas State",2020,4,2,210,146,85.7,79.6,78.5,69.9,77.5,78.6,68.4,81.7,83.3,78.6,71.2,77.4
"Texas Tech",2020,5,6,301,283,84.1,73.9,67.1,82.6,68.7,73.1,67.1,88.3,82.5,72.2,87.4,82.2
"Toledo",2020,6,6,416,337,79.4,71.3,66.6,58.2,60.5,89.8,61.3,82.6,77.9,68.6,90.4,68.8
"Troy",2020,6,3,244,194,83.6,75.3,66,65.1,70.3,77.9,72.6,88.2,79.4,73.2,78.4,90.2
"Tulane",2020,6,3,256,193,91.7,82.9,69.9,63.9,73.8,86.8,79.8,90.9,81.4,77,90.3,87.7
"Tulsa",2020,6,4,422,332,75.6,77.2,90.3,49.1,71.9,89,57,66.5,70.9,74,73.3,55.1
"UAB",2020,3,4,248,215,77.1,76,63.4,66.7,68.4,84.9,69.2,65.8,59,50.1,75.7,63.2
"UCF",2020,0,6,104,228,58.5,63.6,64.9,59,57.5,79.1,52.7,47.6,40.2,43.9,71.1,48.3
"UCLA",2020,5,1,200,156,85.1,75.7,80.1,70.2,74.3,74.8,60.4,80,69.5,62,71.9,85.7
"UNLV",2020,1,8,208,359,66.1,64.6,56.2,66.6,66.2,76.2,49.9,62.2,68.4,67.4,56.3,53.7
"USC",2020,3,2,151,130,85,73.7,56.5,37.8,69.8,81.5,76.1,78,82.7,64.5,74.9,69.1
"USF",2020,1,5,93,211,56,58.9,53.1,65.6,50.2,68.9,63.8,49.1,46.1,59.1,68.5,46.4
"Utah",2020,3,5,184,248,75.2,72.6,67.7,62.5,71.3,69.8,66.6,67.8,66.6,54.9,79.4,56.6
"Utah State",2020,7,5,339,308,78,75.1,67.3,65.2,73.7,85.8,59.1,73.7,67.8,42.4,83.8,66.8
"UTEP",2020,0,9,133,336,61.7,67.1,56.6,56.8,73.6,73.3,55.3,50.3,46.4,51.7,76.3,42.2
"UTSA",2020,5,5,307,296,78.2,76,73.6,78.8,63.6,84.5,66,70.8,76.7,62.6,76.3,50.4
"Vanderbilt",2020,5,6,342,353,81.4,88.7,74,75.2,76.7,89.8,79.7,60.5,44,66.2,72.2,68.3
"Virginia",2020,4,5,324,295,82.2,81.9,80.3,61.4,79.5,80.9,66.1,70.8,59.8,56.4,67.1,77.7
"Virginia Tech",2020,3,1,121,100,92.1,84,81.8,73.6,68.8,77.5,82.1,83.3,71.4,69.2,78.9,86.3
"Wake Forest",2020,1,3,108,154,68.8,70.8,78.2,76.6,63.1,72.1,60.2,55.5,47.6,43.8,69.1,52.9
"Washington",2020,6,4,265,205,83.8,70.8,72.9,60.3,65.4,74.3,67.1,91.7,90.5,82.5,66.5,92.3
"Washington State",2020,5,7,228,304,76.7,72.5,56.1,85.7,59.7,72.8,80.4,73.6,61.6,83.1,69.6,85.8
"West Virginia",2020,4,2,250,205,87.3,89.6,91.1,81,79.7,78,76.2,66,66.6,56.9,83,51.7
"Western Kentucky",2020,4,3,176,122,86.6,75.8,64.7,70.2,64.7,72.8,78.5,82.8,85.4,62.4,72,71
"Western Michigan",2020,2,4,159,126,82.4,72.4,49.8,43.6,65.5,84,71.3,78.1,82.3,78.7,67.9,68.7
"Wisconsin",2020,NA,NA,NA,NA,NA,NA,NA,NA,NA,NA,NA,NA,NA,NA,NA,NA
"Wyoming",2020,NA,NA,NA,NA,NA,NA,NA,NA,NA,NA,NA,NA,NA,NA,NA,NA
"Air Force",2021,10,3,403,257,92.6,94.5,80.4,50.5,84.1,89.4,88.9,81.1,66.9,86.5,88.9,74.6
"Akron",2021,2,10,238,474,53.6,62.8,72.9,24.6,70.8,71.4,51.7,36.4,28.6,66.8,67.1,40.8
"Alabama",2021,13,2,598,302,91.9,89.7,91.8,61.9,82.9,89.7,72,90.1,92,90.5,82.4,79
"App State",2021,10,4,483,310,90.3,87.5,76.2,63.2,84.6,88.4,74.3,78.3,73.8,77.5,77.7,78.6
"Arizona",2021,1,11,206,377,58.9,60.8,55,64.9,60.1,77.6,49.2,49.7,53.6,59.6,69.9,38.6
"Arizona State",2021,8,5,369,271,82.3,82.5,70.9,75,62.3,91.9,82.2,74.9,67.5,76.1,72.2,79.8
"Arkansas",2021,9,4,402,298,84,83.3,73.3,72.1,67.7,88.4,79.9,72.3,69.2,72.4,76.6,71.1
"Arkansas State",2021,2,10,303,463,65.8,68.2,70.3,62.1,67.7,76.8,50,51.5,32.1,48.3,82,61.3
"Army",2021,9,4,427,290,89.7,91.4,71.4,27.1,90.8,81.2,87.4,75.2,71,69.2,78.4,66.9
"Auburn",2021,6,7,368,283,83.5,76.7,74.3,68.6,68.6,87.6,61.7,82.1,77.1,71.5,83.3,75.6
"Ball State",2021,6,7,313,369,72.1,67.9,65.6,59.9,64.6,75.9,59.4,71.2,66.6,76.5,84.9,59.5
"Baylor",2021,12,2,443,256,91.3,92,75.7,84.2,77.6,90.8,84,82.3,77.5,70.3,81.6,77.3
"Boise State",2021,7,5,350,228,84.2,76.2,79.2,52.6,74.5,83.5,60,81.6,75.2,76.3,67.6,87.2
"Boston College",2021,6,6,296,266,88.4,83.7,67.1,72.2,70.3,81.4,86.6,81.1,76.6,90,63.2,87.8
"Bowling Green",2021,4,8,257,368,66.5,59.6,60.8,33.1,60.6,82.2,50.3,70.7,66.6,73.2,80.4,62.5
"Buffalo",2021,4,8,351,359,74.8,71,59.2,57.7,66.6,82.2,63.2,73.8,79.6,80,90.1,41.6
"BYU",2021,12,2,502,286,92,85.1,90.9,72.4,78.8,79.4,68.5,91.3,89.4,68.7,91.7,81.8
"California",2021,5,7,285,267,80,76.7,77.4,66.1,68.6,89.4,62,74.9,58.6,59.6,75.9,80.2
"Central Michigan",2021,9,4,420,335,88,84.7,71,62,75.2,85.9,85.4,81.6,73.1,71.7,86.6,75.5
"Charlotte",2021,5,7,326,408,66.9,75.1,75.8,40.2,81.9,78.7,59.6,44.6,41.1,48,63.6,42.8
"Cincinnati",2021,13,1,516,236,91.5,84.4,86.7,61.8,77.4,92.6,66.5,91.4,85.6,82.1,91,91
"Clemson",2021,10,3,342,193,82.5,72.6,63.5,67.3,61.8,80,73,86.3,77.3,73.6,81.1,85.7
"Coastal Carolina",2021,11,2,532,281,91.2,92.1,91.9,71.1,90.7,90.5,67.1,79.3,72.7,74.8,88.2,67.2
"Colorado",2021,4,8,225,320,66.7,67,63.7,43.7,63.6,80.8,61.7,56.2,51.6,59.9,64,58.2
"Colorado State",2021,3,9,284,339,81,76,78.8,54.4,78.5,73.7,62.4,79.8,73,72.1,89,70.6
"UConn",2021,1,11,187,462,60.4,50.9,37,56.8,50.3,77.1,50.7,71.3,75.4,58.9,69.2,60.8
"Duke",2021,3,9,274,477,67.5,71.3,64.6,62.3,66.8,76.2,67.2,54,53.6,49,67.3,49
"East Carolina",2021,7,5,356,315,72.8,70.1,69.6,44.4,71,78.5,59,70.5,59,66.5,64.6,79.5
"Eastern Michigan",2021,7,6,392,390,77.4,83.6,81.7,66.1,74.5,82.3,74.3,56.2,47.9,57.5,84.8,47.2
"Florida",2021,6,7,399,348,76.8,76.8,68.6,67.7,75.4,94.2,51.9,69.8,72.8,68.6,83.7,55.8
"Florida Atlantic",2021,5,7,305,309,76.9,69.4,74,56.6,61.1,76.8,65.3,81.6,77,62.1,67.3,87.5
"Florida International",2021,1,11,244,477,69.8,69.7,58.5,60.1,72,84.9,55.5,65.5,68.1,73.8,60.8,61.1
"Florida State",2021,5,7,331,318,78,71,76.3,69.7,67.2,80.9,52.2,83.2,86.7,80.3,81.1,72.3
"Fresno State",2021,10,3,434,267,85.5,78.5,79.9,55.8,77,85.2,65,86.7,79,78.9,81,85.6
"Georgia",2021,14,1,579,153,95.2,93.1,81.3,75.6,84.2,93.7,82.1,94.3,92.2,93.7,90.6,92.8
"Georgia Southern",2021,3,9,243,377,61.3,64.1,47.6,60.6,63.7,77,58.3,52.5,42.9,50.9,69,55.5
"Georgia State",2021,8,5,366,352,82.1,79.3,68.7,52.2,71.1,84.4,75.2,77.3,76.9,61.8,84.1,65.9
"Georgia Tech",2021,3,9,288,402,67.8,72.7,57.5,65.2,71,91.1,56,55.6,57.3,62.4,70.9,44
"Hawaii",2021,6,7,374,408,74.3,72.5,73.1,69.6,62.1,83.2,64.4,69.6,72.7,66,81.7,53.6
"Houston",2021,12,2,502,286,92,85.1,90.9,72.4,78.8,79.4,68.5,91.3,89.4,68.7,91.7,81.8
"Illinois",2021,5,7,242,263,82.4,74.8,50,56.5,61.7,81.2,86,80.8,67.9,83.1,83.5,81.8
"Indiana",2021,2,10,207,399,70.2,65.2,52.3,60.4,62.7,71.4,67.3,71.4,74.1,79.2,63.4,66.4
"Iowa",2021,10,4,328,269,88.8,79.5,67.2,53.4,66.1,76.4,87.6,88.6,77.6,74.3,71.6,90.9
"Iowa State",2021,7,6,407,267,87.3,80.8,76.7,66.6,79.5,83.7,67.2,83.4,79.5,69.6,81,76.7
"Kansas",2021,2,10,249,506,62.1,67.1,61.8,47.4,69.3,79.6,54.3,48.2,41.8,52.1,68.9,48.9
"Kansas State",2021,8,5,358,273,82.4,83.3,69.1,65.1,73.3,91.5,75.6,73,70.5,47,75.2,68.3
"Kent State",2021,7,7,462,508,78.2,86.8,84.3,65.1,71.9,94.7,72.3,57.4,48.1,57.5,67.1,64
"Kentucky",2021,10,3,420,282,91.1,93.1,82.3,77.2,80.5,91.3,86.9,74.2,71.2,70.1,75.3,69.2
"Liberty",2021,9,5,619,411,88.2,89.4,87.3,90.7,83.5,80.7,73.8,75,63.5,64.8,73.3,80.6
"Lafayette",2021,13,1,435,259,91.3,90.5,75.6,74.1,70.4,86.2,89,87.1,85,58.2,77.3,83.3
"Louisiana Tech",2021,3,9,336,408,73,70.5,69.8,33.1,75.8,79.2,59.4,70.2,66.7,56.1,71.9,67.8
"UL Monroe",2021,4,8,251,402,59.5,54.8,49.6,30.4,63.9,68.9,43.9,64.8,54.4,54.7,71,67.1
"Louisville",2021,6,7,411,355,85,88.6,80.7,79.1,75.3,85.6,83.4,69,57.1,66,68.6,76.3
"LSU",2021,6,7,345,346,83,75.9,71.3,75.6,72,73.9,66.4,81.3,75.6,78.2,82.9,73
"Marshall",2021,7,6,429,309,83.5,79.4,74.9,74.4,71.4,79.9,74,80.7,73.1,75.3,85.9,75.6
"Maryland",2021,7,6,381,399,75.6,82.2,86.4,74.9,76.4,89,61.1,60,57.2,75.7,67.3,60.2
"Massachusetts",2021,1,11,196,517,50.9,58.3,33.5,54.6,58.3,83.2,55.7,42.4,43.7,54.6,65.3,35.5
"Memphis",2021,6,6,361,351,79.7,75.2,66.6,60.3,78.4,78.6,64.2,80.2,71.6,75.4,70.4,82.3
"Miami (FL)",2021,7,5,409,341,76.5,78.8,78.9,81.4,73.7,78.3,63.2,65.3,65,37.7,68.6,67.2
"Miami (OH)",2021,7,6,376,300,82.2,80.3,80.6,33.3,80.8,79,75,78.8,83.6,71.3,84.5,58
"Michigan",2021,12,2,501,243,91.9,84.5,78.4,68.5,73,93.5,68.6,91.3,89.6,86.7,91.1,80.4
"Michigan State",2021,11,2,414,329,86.4,86,74.5,74.5,82,85.2,77.1,80.5,84.8,57.7,85.3,65.6
"Middle Tennessee",2021,7,6,388,334,73.4,67.3,65.1,61.8,71.6,72.2,54.9,78.6,76.7,73.3,64.8,81.8
"Minnesota",2021,9,4,331,225,91.9,92.9,77.4,73.5,80,80.7,88.3,81.8,70.9,62.5,75.6,82.9
"Ole Miss",2021,10,3,438,321,81.2,81.2,81.2,69.8,73.5,89.1,67,72.3,57.5,64.5,81.1,79.5
"Mississippi State",2021,7,6,378,337,81.2,78.8,89.2,83.4,70.7,73.9,68.8,76.2,68.2,71,71,77.1
"Missouri",2021,6,7,378,440,81.4,79.8,67.5,75.3,69.2,86.1,76,68.8,62.8,66.3,77.8,64.5
"Navy",2021,4,8,241,339,67.9,72,58.6,14.4,61.6,73.2,75.9,53.5,54.4,61.8,59.6,52.3
"Nebraska",2021,3,9,335,272,76.2,76.1,75,29.8,81.1,79.6,66.6,71.2,53.4,65,75.9,81.6
"Nevada",2021,8,5,464,345,82.2,79.7,88.4,50.2,79.6,78.3,67,73.1,51.2,69.4,82.2,81.3
"New Mexico",2021,3,9,146,341,62.4,59.5,51.4,60.4,58,63.4,61.5,62.1,51.4,68.2,73.2,72
"North Carolina",2021,6,7,458,417,81.3,84.5,81.4,74.1,70.9,94.3,68.3,64.4,65.7,68.2,68.3,60.7
"NC State",2021,9,3,397,236,88.2,83.1,83.9,68.9,76.1,77.8,80.6,82.3,80.8,74,74.1,79.2
"North Texas",2021,6,7,357,357,77.5,69.7,65.3,46.9,63,88.9,56.4,81.1,79.1,62.4,92.3,60.7
"Northern Illinois",2021,9,5,451,472,72.7,81.2,62.4,63.9,72.7,89.9,72.2,51.7,46.7,66,64.4,51.6
"Northwestern",2021,3,9,199,348,65.9,66.1,44.4,63.3,58.5,81.5,69.6,61.7,51.2,65.2,66.2,67.8
"Notre Dame",2021,11,2,458,256,91.4,86.8,78.5,76.8,78,85.2,81.7,88.6,82.3,86.6,79.9,84.1
"Ohio",2021,3,9,271,364,72,74.2,76.3,60.6,67.3,81.8,62.8,64.5,51,46.3,72,73.4
"Ohio State",2021,11,2,594,296,93.4,96.2,90.9,73.3,92.2,91.8,88.1,78.2,73.2,64.2,84.5,69.5
"Oklahoma",2021,11,2,508,335,91.8,93,91,79.8,81.6,92.1,81.9,80.8,76.1,65.8,90,70.4
"Oklahoma State",2021,12,2,435,253,91.3,82.1,83.7,69.4,75.8,81.2,69,91.5,91.2,71.1,82.7,89.3
"Old Dominion",2021,6,7,359,361,77.1,71.4,68.9,60.8,59.9,85.4,66.4,77.4,76.6,65.2,65.2,81.4
"Oregon",2021,10,4,440,378,76.4,76.5,66,63,66.2,87.6,75.7,69.4,68.2,46.2,84.3,56.4
"Oregon State",2021,7,6,406,335,86.2,90.7,78.3,52.8,79.3,88,87.8,69.5,63.9,53.3,69,70.3
"Penn State",2021,7,6,325,225,80.1,73.7,67.6,64,72.3,73.2,67.4,78.2,61.2,68.2,73.7,89.8
"Pittsburgh",2021,11,3,580,331,88.2,87.7,92.4,71.5,80,90.2,61.9,78.8,83.7,72,76.2,69.3
"Purdue",2021,9,4,378,291,79.4,84.3,86.1,69.1,85.8,75.6,62.7,61.6,50.9,75,83,58.2
"Rice",2021,4,8,258,434,68.2,68.7,62.2,56.9,67.2,78.6,59.2,63.2,53.9,52.1,77.9,61.9
"Rutgers",2021,5,8,256,333,67.5,67.2,47,66.7,68.1,85.2,52.1,60.8,64.3,65.3,69.2,49.1
"San Diego State",2021,12,2,383,277,87.9,80.5,66.1,76.1,68.7,77.9,82.9,84.7,73.6,71.7,84.7,85.7
"San Jose State",2021,5,7,240,318,72.9,64.8,60.7,49.3,60.4,81.5,61.6,77.9,69.3,75,83.2,76
"SMU",2021,8,4,461,341,84.6,83,84.1,73.7,78.8,88.4,61.5,73.4,83.3,60.9,87,43.2
"South Alabama",2021,5,7,299,317,73.5,69.5,78.9,43.2,75.2,77.6,45.3,75.4,67.2,56.3,74.3,76.2
"South Carolina",2021,7,6,294,312,79,71.1,63.9,46.7,69.1,82.7,65.2,77.9,60.5,61.5,85.7,83.8
"Southern Miss",2021,3,9,212,335,64.9,53.9,37.6,30.6,66.1,77.1,47.9,80.1,79.3,73.9,75.5,67.5
"Stanford",2021,3,9,245,389,64.9,69,64.4,55.9,69.6,72.4,65.8,49.6,29.8,59.2,69.3,67.6
"Syracuse",2021,5,7,299,316,74.7,67.7,57.9,50.4,60.4,91.2,57.9,78.3,76.4,84.7,76.6,71.5
"TCU",2021,5,7,344,419,75.4,83.1,78.8,79.5,74.1,84.1,72.8,52.9,53.4,41.3,69.7,45.3
"Temple",2021,3,9,196,450,62.5,60.8,45.1,62.8,60.3,71.5,63.2,62.3,71.3,52.8,72.5,42.3
"Tennessee",2021,7,6,511,378,78.8,75.2,74.6,48.6,67.5,91.9,61.6,74.9,75,63.4,74.3,67.3
"Texas",2021,5,7,423,373,78.7,82.3,70.4,62.2,72.5,93.3,72.4,62.2,49.3,62.1,65.3,74.5
"Texas A&M",2021,8,4,352,191,90.4,83,77.8,52.7,69.5,92.3,77.8,84.7,79.6,76.9,81,81.1
"Texas State",2021,4,8,277,396,72.7,77.7,62.2,67.1,71.8,77.6,80,57,61.1,50,67.8,44.7
"Texas Tech",2021,7,6,395,392,79.7,80,80.5,65.5,77.8,82.3,65,69.7,73.1,62.3,66.9,61.4
"Toledo",2021,7,6,434,283,83.9,71.1,60.3,46.7,65.5,91.4,68.7,91,91.5,90,81.7,86.5
"Troy",2021,5,7,274,313,80.9,71.6,75.7,69.3,63.7,77,63.6,88.5,89.2,70.4,80.9,75.6
"Tulane",2021,2,10,331,408,69.5,68.2,56.2,62,61.8,80.5,67.8,67.6,65.7,64.6,69,64.1
"Tulsa",2021,7,6,343,346,83.8,79.2,73.3,70.1,68.7,83.2,74.7,84.5,85.7,76.6,83.9,74.1
"UAB",2021,9,4,384,302,91,84.2,71.2,69.4,79.4,88,74.5,90.6,86.6,76.8,90,87
"UCF",2021,9,4,415,319,81.6,78.3,67.1,82.8,69.2,85.7,66.7,80.8,75.4,56.8,74.7,82
"UCLA",2021,8,4,438,321,80.3,81.8,75.2,66,65.6,92.9,74.4,67.8,56.6,66.9,69,74.4
"UNLV",2021,2,10,249,394,72.6,68.8,60.5,43.8,68.5,76.8,67.7,69.5,70.3,58.3,70,61.4
"USC",2021,4,8,344,381,84.5,87.3,76.3,81.1,77,86.6,85.9,64.6,62.5,46.8,76.1,54.4
"USF",2021,2,10,278,416,68,68.5,52.3,68.2,67.3,79.8,58.1,56.7,52.4,33.7,65.1,56.6
"Utah",2021,10,4,506,316,89.7,90.2,81.4,59.8,77.8,91.6,83.3,78.8,76.3,65.4,79.7,69.2
"Utah State",2021,11,3,456,342,76.8,77.1,77.3,60.3,81.9,76.4,55,65.5,62.4,61.8,79.2,58.8
"UTEP",2021,7,6,326,328,82.3,79.2,58,73.2,82.8,73.8,75.4,77.9,82.5,83.7,76.1,66.1
"UTSA",2021,12,2,516,345,84.2,84.2,79.4,58.9,80.8,85.4,71,71.9,76.9,59.1,80.6,56.5
"Vanderbilt",2021,2,10,189,430,60.1,61.6,49.1,45.5,62.8,78.3,59.9,56.1,52.5,54.4,62.7,56.6
"Virginia",2021,6,6,415,382,80.3,87.9,87.4,72.2,80.5,88.9,76.1,56.1,39.1,69.2,64.3,73
"Virginia Tech",2021,6,7,308,329,77.5,79.5,61.5,78.6,69.9,84.2,74.8,64.4,60.5,57.5,73.7,58.7
"Wake Forest",2021,11,3,574,404,90.9,91.7,89.9,78.4,86.7,83.5,74.1,78.3,68.5,66.5,76.4,81.5
"Washington",2021,4,8,258,272,78.6,70.7,64.3,59.3,65,73.3,72.1,80.4,56.7,66.3,75.8,92.1
"Washington State",2021,7,6,362,315,77,73.8,70.6,73.1,68.1,87.4,56.3,73,61.4,58.7,69.7,77.7
"West Virginia",2021,6,7,328,310,79.8,78.4,68.8,72.9,72.7,77.6,74.7,71.3,69.5,74,69.4,69.4
"Western Kentucky",2021,9,5,619,411,88.2,89.4,87.3,90.7,83.5,80.7,73.8,75,63.5,64.8,73.3,80.6
"Western Michigan",2021,8,5,422,367,83.9,88.4,77,74,84.1,82.5,80.3,70.4,64.6,52.5,90.3,55.7
"Wisconsin",2021,9,4,330,210,92.6,87.9,63.7,55,76.4,81.4,88.6,91.6,90.8,80.3,90,78.3
"Wyoming",2021,7,6,330,308,88,83.3,58.4,71.7,73.4,89.2,79.7,86.2,77.4,64.8,78.5,87.3
"Air Force",2022,10,3,362,174,93.6,93.2,68.4,54,77.6,92.6,86,87.9,79.8,73.5,75.8,82.2
"Akron",2022,2,10,261,402,67.7,67.5,63.1,60.4,70.1,78.9,54.2,63.9,60.5,59.7,71.7,58.6
"Alabama",2022,11,2,534,236,93.1,87.3,85.1,84.4,74.9,90.6,73.6,92.5,92.6,84.1,87.8,90.5
"App State",2022,6,6,419,321,88.5,86.2,75.6,68.7,75,86.6,82,79.5,81.9,69.7,80.4,63.7
"Arizona",2022,5,7,370,438,73.5,81.3,75.6,64.1,79.3,93.2,55.7,52.2,40.8,58.2,66.1,63.4
"Arizona State",2022,3,9,313,377,74,74.9,71.9,56.3,76.9,84.1,58,64.2,57.1,62.5,74.8,63.4
"Arkansas",2022,7,6,423,398,84.8,85.4,80.5,82.2,68.5,87.5,79.5,74.7,84.9,63.3,73.4,60.5
"Arkansas State",2022,3,9,300,377,74.4,69.1,72.7,48.4,72.1,77.3,52.5,69.4,67.3,53.2,74.2,63.9
"Army",2022,6,6,343,270,81.5,80.2,42.1,34.5,70.1,88,77.2,75.1,67.9,68.4,66.9,80.5
"Auburn",2022,5,7,297,354,72.1,63.8,49,65.4,58.2,87.6,55.2,80.2,65.2,70.9,77.2,86.1
"Ball State",2022,5,7,279,323,75.5,69.8,62.2,58.4,66.8,88.6,55.8,77.6,82.2,78.9,67.5,71.2
"Baylor",2022,6,7,418,349,88.2,82.9,78.9,78.1,70.1,83.4,74.9,84.8,77.2,68.6,78.7,84
"Boise State",2022,10,4,413,273,90,79.4,63.3,70.5,71.1,93.8,66.1,90.7,87.7,77,72.1,90.2
"Boston College",2022,3,9,213,364,65.3,59.4,53,55.1,64.4,74.2,43.7,71.2,75.9,61.5,74.6,54.9
"Bowling Green",2022,6,7,305,423,74.8,67.1,66.8,56.1,68.1,80.2,53.6,79.6,75.2,57.5,87.1,70.7
"Buffalo",2022,7,6,371,347,73.7,65.2,60.1,55.9,67.8,75.9,50.2,79.8,79.2,59.6,74.7,74
"BYU",2022,4,8,NA,469,418,90.8,85.5,91.3,88,76.4,78,66.8,89.2,80.9,54.8,92.6
"California",2022,4,8,297,338,75,64.3,58,50.5,59.5,80.7,60,86.4,86.8,70.5,83.1,75
"Central Michigan",2022,3,9,293,473,72,76.9,72,53.6,78.1,76.6,71.8,56.2,59.8,49.7,74.3,43
"Charlotte",2022,9,4,380,268,87.4,76.4,78.5,64.2,73.8,79.4,64.6,90.6,91.5,72,90.8,76.4
"Cincinnati",2022,11,3,465,292,88.6,76.4,72.4,66.9,68.6,87.8,63.6,91.2,90.1,85.3,90.6,82.4
"Clemson",2022,9,4,378,414,75.8,74.4,77.2,52.3,72.8,81.8,58.8,71,69.8,47.8,86.5,55
"Coastal Carolina",2022,1,11,185,534,49.5,58.1,49.5,66.1,52.9,78,52.7,33.7,36.5,30,57.4,30.3
"Colorado",2022,3,9,158,323,69,57,63.4,36.5,63.8,75.4,39.9,85,72,72.2,84.8,84.5
"Colorado State",2022,6,7,252,341,74.2,69.3,45.7,76.4,58.3,82.3,69.5,77.6,70.3,67.1,68.5,82.7
"UConn",2022,9,4,427,287,83.7,77.9,69.6,68.3,71.6,85.9,67.2,81.6,78.9,65.3,82,72
"Duke",2022,8,5,423,353,77.3,79.1,81.5,55.4,77,89.2,58.4,66.5,81,71.6,60.4,54.3
"East Carolina",2022,9,4,387,370,81.6,78.2,66.2,65.2,75.4,80.7,70.2,73.9,85,77.8,71.4,63.3
"Eastern Michigan",2022,6,7,384,375,85.1,83.4,70.3,72.5,76.1,88.2,77,78,77,71,76.2,70.2
"Florida",2022,5,7,357,319,75.5,71.6,79.2,69.4,69.4,81.5,49.3,73.2,75.2,54.2,61.8,74.6
"Florida Atlantic",2022,4,8,224,447,66.9,56.5,58.2,35.2,63.1,78.3,38.7,78.5,74.1,55.6,82.3,70.9
"Florida International",2022,10,3,469,268,91.4,88.3,86.4,64.4,86.4,92.3,64.5,87.1,85.2,71.5,81.4,78
"Florida State",2022,10,4,428,272,84.6,83.2,81.2,57.3,76,91,71.8,75.1,61.6,66.4,64.3,89.5
"Fresno State",2022,15,0,616,214,93.8,94.2,90.3,84.4,87.8,92.1,80.9,89.9,91.8,83.1,75.5,80.9
"Georgia",2022,6,7,425,411,73.9,73.8,69.8,70,72,87.2,53.9,67.1,54.6,56.1,71.4,75.1
"Georgia Southern",2022,4,8,360,374,75.5,69.6,73.5,59.1,62,81.3,57.9,77.7,72,44.7,84.4,69
"Georgia State",2022,5,7,206,341,64.7,58.1,50.5,42.8,60.6,77.6,50.8,70.7,67.3,59.4,70.1,71.5
"Georgia Tech",2022,3,10,257,451,65.7,66.3,56.2,65.7,55.7,91.1,63.1,61.7,56.2,35.1,65.2,62.9
"Hawaii",2022,8,5,469,418,90.8,85.5,91.3,88,76.4,78,66.8,89.2,80.9,54.8,92.6,74.1
"Houston",2022,8,5,315,166,92,83,79.9,71.2,74.3,85.7,71.8,93,92.2,75.4,80.8,91.6
"Illinois",2022,4,8,279,407,62.1,57.5,51.4,45.3,60.6,77.6,47,65.4,78.5,60.6,58.2,48.5
"Indiana",2022,8,5,230,173,88.1,63.6,55.5,34.9,64.8,76.2,62,94.3,92.7,89.4,78.1,93.6
"Iowa",2022,4,8,242,243,78.5,71.8,74,60.8,72.8,72.5,60.9,83.8,85.8,61.8,72.9,76.9
"Iowa State",2022,8,3,407,230,91.1,80.4,77.6,51.6,83,82.7,64.5,92.1,92.9,74.5,85.2,79
"James Madison",2022,6,7,463,461,79,81.7,78.2,68,86.7,82.8,59.3,69.2,66.2,63,71.2,68.4
"Kansas",2022,10,4,452,306,84.6,81.6,73,65.3,75.5,92,65.9,76.7,72.2,68.7,71,78.4
"Kansas State",2022,5,7,341,348,80.1,77.5,74.5,76.5,65.4,91.6,59.9,76.9,76.2,69.2,75,68.9
"Kent State",2022,7,6,265,250,81.4,72.2,62.5,64.8,74.8,85.1,55.6,86.2,75,80.2,74.1,90.3
"Kentucky",2022,9,5,510,328,81.5,79.1,77.6,83.3,76.5,82.3,57.8,76.4,72.6,57.2,73.1,77.9
"Liberty",2022,6,7,340,297,82.5,71.2,66.1,54.8,63.4,84.5,65.4,89.9,88.9,67.9,72.4,89.3
"Lafayette",2022,3,9,348,455,69.7,67,63.8,49.6,70.9,80.4,51.2,65.5,56.1,37.8,70.4,69.1
"Louisiana Tech",2022,4,8,268,413,64.2,62,70,39.2,66.6,75.9,41.8,63,63,36.9,67.3,57.1
"UL Monroe",2022,8,5,350,249,81.6,74.3,61.3,70.7,68.4,84,67.5,82.7,79.2,49.8,90,67.5
"Louisville",2022,10,4,483,315,86,80.8,78.5,67.8,72,91,66.6,86.5,90.3,70.9,81.8,72.8
"LSU",2022,9,4,318,208,81.2,67.6,48.9,71.5,62.6,85.5,57.1,91.6,87.5,82.6,90.2,89.6
"Marshall",2022,8,5,366,301,79.2,76.1,76.6,73.9,72.5,82.7,57.8,73.9,69.7,75.5,62.7,78.9
"Maryland",2022,1,11,150,373,57.4,52.5,37.3,69.3,50.3,72.5,46.4,67.5,67.4,57.1,71.7,64.6
"Massachusetts",2022,7,6,459,338,85.3,75.9,80.9,67.8,70.7,83.9,54.8,87.3,86.3,67.7,68.8,85
"Memphis",2022,5,7,283,321,82.1,68,54.9,66.2,69.9,88.7,51.3,90.8,84.2,55.2,83,90.1
"Miami (FL)",2022,6,7,263,294,69.5,63.1,46.4,56.9,60.9,77.8,61.9,71.2,67.8,65.2,65.9,73.4
"Miami (OH)",2022,13,1,566,225,94.2,88.5,72.1,74,73.7,96.1,72.1,93.7,92.9,90.7,85.3,92
"Michigan",2022,5,7,293,329,77.6,78,72.3,73.4,74.4,78.8,70.6,71.5,75.7,67.8,71.5,56.1
"Michigan State",2022,8,5,375,360,71,57.8,60.3,36.9,66.4,76.3,36.8,84.5,84.4,71.6,78.7,76.1
"Middle Tennessee",2022,9,4,367,180,93.7,94.2,81.9,70.4,80.2,91.1,87.9,88.4,81.7,83.4,63.2,90.4
"Minnesota",2022,8,5,435,332,83.8,77,73.3,64.7,74,90.8,55.5,84.2,76,71.6,81.9,84.3
"Ole Miss",2022,9,4,411,300,77.9,71.1,72.4,73.3,64.8,86.2,57,79.2,73.6,68.2,62.2,88.2
"Mississippi State",2022,6,7,323,327,80.8,69.9,67.3,63.2,67,82.9,57.3,87.7,84.5,68.9,83.7,80.4
"Missouri",2022,4,8,263,292,71.3,69.6,55.7,23.5,71.7,72.7,67,65.5,75.3,57.6,69.5,47.1
"Navy",2022,4,8,271,331,70.2,67,69.4,33.3,71.6,81.9,51.2,69.5,58.8,69,78.9,68.4
"Nebraska",2022,2,10,226,371,64,58.1,58.2,54.1,56.2,70.9,52.8,68.9,62.7,57.3,65.8,72
"Nevada",2022,2,10,157,312,58.1,49.7,33,42.6,50.9,70.5,53.1,67.4,64,57.3,59.9,81
"New Mexico",2022,9,5,482,431,80,79.8,90.6,61.6,77.9,84,50.6,70.7,68.9,77.8,74.4,66.4
"North Carolina",2022,8,5,316,249,82.2,68.5,63.7,72.9,60,78.4,66.5,90.2,91.9,73.3,73.1,85.4
"NC State",2022,7,7,473,444,85.3,80.4,69.5,68.5,78.7,86.1,67.5,83.4,86.6,66.1,74.2,77.6
"North Texas",2022,3,9,327,393,77.9,72.3,66.4,65,73.1,78.9,58,79.4,87.8,62.1,77.2,58.7
"Northern Illinois",2022,1,11,165,340,62.4,61.1,41.8,77.3,59.4,69,60,61.4,62.9,58.3,69.6,51
"Northwestern",2022,9,4,413,299,90.6,85.7,68.5,72.7,75.3,84.4,82.7,84.4,79.4,84.4,81,79
"Notre Dame",2022,10,4,445,396,79.6,82.9,82.1,55.2,86.6,84,61.6,66.1,70.1,44.4,71,56.8
"Ohio",2022,11,2,575,273,95.1,94.8,89.7,73.6,89.8,92.1,84.8,92.5,91.7,73.3,90.2,86.4
"Ohio State",2022,6,7,427,390,85.7,84.7,78.3,76.2,71.9,91.8,73.5,75.2,79.9,67.9,66.9,70.2
"Oklahoma",2022,7,6,398,376,75,63.1,58.9,58,63.6,76.5,48.4,81.5,76,50.7,78.1,76.8
"Oklahoma State",2022,3,9,234,319,72.8,66.3,64.7,60.9,66.2,81.5,51.9,74.4,79.2,76.7,68.9,66.5
"Old Dominion",2022,10,3,504,356,88.8,86.3,78,84.8,72.7,94.1,71.6,79.7,70,78.2,69.8,85.4
"Oregon",2022,10,3,419,260,91.3,88.8,72.2,67.9,77.6,91.7,82.5,87.1,86.3,72.8,66,87.4
"Oregon State",2022,11,2,465,237,86.1,77.9,80.5,65.3,75.5,81.9,58.7,86.9,68.7,57.3,90.5,85.6
"Penn State",2022,9,4,407,316,91,79.8,72.1,65.3,75.5,91.8,61.1,92,90.8,88.6,83.8,91.1
"Pittsburgh",2022,8,6,372,383,72.2,71,63.5,64.9,70.1,81.1,58.4,68.5,63.4,61,73.2,65.2
"Purdue",2022,5,8,328,444,68.9,66.6,60.7,46.5,74.4,85,46,68.3,68.2,58.3,74.1,62.6
"Rice",2022,4,8,209,351,72.3,61.5,45.1,50.8,61.4,81.9,55.5,82.3,71.8,77.5,82.1,81.3
"Rutgers",2022,7,6,279,267,76,61.5,52.6,65.3,64.8,80.6,49,86.6,75.7,55,85.8,85.8
"San Diego State",2022,7,5,329,264,79,73.1,74.4,58.1,73,85.4,51.4,81.8,78.8,63,79.6,74.2
"San Jose State",2022,7,6,484,440,79.5,82.6,79.5,82.7,77.5,75.4,69.5,63.7,59.7,49,64.3,66.8
"SMU",2022,10,3,406,277,83.1,75.3,76.9,59.1,76.5,84,54,83.3,78.7,72.7,82.5,79.7
"South Alabama",2022,8,5,418,375,73.9,69.9,65.8,69.6,70.3,82.2,50.5,67.9,57.9,64.8,82.7,63.5
"South Carolina",2022,7,6,329,306,74.6,62.3,54.1,28.8,72.4,83.4,47.7,84.9,91.1,68.3,73.7,72.8
"Southern Miss",2022,3,9,256,386,68.8,71.4,75.8,50.4,64.9,72.9,69,55.4,39,58.7,74.1,64.8
"Stanford",2022,7,6,360,300,82.6,77,75.3,68.4,74.4,86.6,60.7,79.7,69,82.8,71.7,88.6
"Syracuse",2022,13,2,582,435,84.5,82.8,78.5,73.5,74.9,89.4,66.7,77.7,77.5,76.6,61.8,78.8
"TCU",2022,3,9,263,351,71,63.6,62.2,57.6,73.8,62.9,46.9,79.1,70.1,60,70.9,83.5
"Temple",2022,11,2,599,296,82.2,82,87.3,57.1,77.1,91.1,59,71.7,78.5,66.2,68.6,64.2
"Tennessee",2022,8,5,448,281,90.1,81.9,71.2,73.2,75.7,96.1,59.1,88.7,91.9,71.3,81.9,76.4
"Texas",2022,5,7,273,254,73.5,68.8,53.1,49.4,67.4,88.3,67.2,69.8,57.8,64.4,71.6,79.2
"Texas A&M",2022,4,8,253,316,84.9,67.9,58.7,74.6,65.1,76.9,58.4,93.1,93.5,65.2,91,85.4
"Texas State",2022,8,5,445,379,75.6,69.2,62.5,61.4,70.4,86.6,49.2,76.7,80.2,68.8,76.9,61.5
"Texas Tech",2022,9,5,438,351,84.4,70.6,70.3,45.4,74.4,79,57.9,92.8,92.2,76.9,84,91
"Toledo",2022,12,2,358,240,90.7,82.2,83.4,53.2,83,88,61.5,90.7,83.4,55.9,89.1,88.1
"Troy",2022,12,2,504,311,88.1,81.7,76.2,75.7,75.4,91.3,59.7,83.6,77.3,66.2,71.8,84.7
"Tulane",2022,5,7,367,397,75.2,71.1,74.9,54.3,69.7,82.5,55.1,74.4,70.9,53.1,63.7,77.3
"Tulsa",2022,7,6,391,301,90.7,82.2,62.2,75,78.2,93.2,66.4,91.3,86.8,80.2,75.3,91.3
"UAB",2022,9,5,460,331,85.1,83.2,77.9,85.3,70,84.3,73.1,76.8,76.2,60.6,69.4,73.4
"UCF",2022,9,4,510,377,90.4,89,66.6,71.8,79.6,94,85.1,81.1,71.6,67.7,82.4,80.4
"UCLA",2022,5,7,316,342,78.8,71.3,65.5,67.3,66.1,82.1,61.7,80.1,79.6,66.9,71,73.9
"UNLV",2022,11,3,579,409,90.7,92.4,89.9,82.4,81.8,92.6,78.5,78.4,72.5,61.1,72.2,76.9
"USC",2022,1,11,336,494,69.6,74.5,69.8,71.5,66.6,88,57.5,53.2,56,55.8,58.9,47.8
"USF",2022,10,4,541,300,88.8,84.5,72.9,59.7,75.1,95.7,68,83.2,74.8,65.8,72.1,84.1
"Utah",2022,6,7,289,405,68.4,63.8,55.3,68.7,62.2,76.9,54.5,67.8,65,63.4,79.4,63.6
"Utah State",2022,5,7,293,324,83.3,80,67.3,80.3,69,81.7,78,72.7,73.3,44.3,86,52.5
"UTEP",2022,11,3,515,363,86.4,79.5,81,56.5,82.7,88.4,51.1,86,89.2,51.4,80.2,76.3
"UTSA",2022,5,7,295,432,63,62.7,52.1,56.6,65,82.2,48.6,59.1,60.9,49.4,56.4,59.7
"Vanderbilt",2022,3,7,170,240,67.4,58.1,56.2,34.6,57.1,75.2,59.7,78.4,68.9,78,68.3,88.1
"Virginia",2022,3,8,212,272,71.8,60.2,64.9,62.2,56,72.3,52.4,82.4,80.8,77.4,81.5,70.8
"Virginia Tech",2022,8,5,469,368,92.2,88.4,90,70.6,89.9,78.7,65.3,91.8,92.5,72.5,91.4,78.6
"Wake Forest",2022,11,2,516,336,86,88.7,87.8,84.8,77.5,83.5,79.2,68.9,63.4,57.7,81.1,61.9
"Washington",2022,7,6,339,298,72.6,63.5,57.9,60.9,62.3,80.9,52.9,77.5,72.8,85.4,65.9,79.6
"Washington State",2022,5,7,367,395,75.8,76.2,67.7,72.8,68.9,84.1,69.6,70.1,81.7,77.8,69.9,51.7
"West Virginia",2022,9,5,510,328,81.5,79.1,77.6,83.3,76.5,82.3,57.8,76.4,72.6,57.2,73.1,77.9
"Western Kentucky",2022,5,7,228,289,76.5,63.4,52.2,57.4,61.5,72.1,62.2,90.2,88.3,68.3,89,78.1
"Western Michigan",2022,7,6,342,263,88.1,79.4,73.3,77.1,70.4,82.7,70.1,89.1,80.8,65.7,81.2,86.2
"Wisconsin",2022,7,6,276,311,74.2,68.7,42.9,74.3,55.3,84.7,70.1,72.8,66.8,41.8,63.6,76
"Wyoming",2022,NA,NA,NA,NA,NA,NA,NA,NA,NA,NA,NA,NA,NA,NA,NA,NA
"Air Force",2023,9,4,362,236,92.5,90.1,67.5,65.4,76.1,84.3,85,90.5,87.1,90,80.2,84.1
"Akron",2023,2,10,195,336,62.7,54.2,43.1,50.6,58.2,78.9,48.8,76.1,73.3,76.1,66.5,76.8
"Alabama",2023,12,2,476,266,94,88.1,78.7,71.6,77.8,92,77,93.3,91.4,90.1,87,92.5
"App State",2023,9,5,465,378,84.8,82.4,75.5,56.9,82.9,81.2,68.3,79,60.1,70.7,79.4,88.2
"Arizona",2023,10,3,450,274,90.8,90,83.9,84.7,87.9,92.5,59.2,80.9,80.3,73,71.2,81.8
"Arizona State",2023,3,9,213,382,64.8,59.3,42.5,63.9,58.8,83.7,50,68.3,68.4,63.4,69.4,62.9
"Arkansas",2023,4,8,319,335,80.8,72.9,68.9,58.3,71.1,78.5,63.9,80,71.1,81.4,76.5,84
"Arkansas State",2023,6,7,352,395,81.9,76.7,62.7,59.5,74.3,83.1,69.8,79.9,74.1,77.4,65.7,89.7
"Army",2023,6,6,246,253,78.6,70.1,35.4,55.6,64,76.3,72.2,79.8,74.8,72.1,65.8,81.9
"Auburn",2023,6,7,340,294,83.4,70.4,63.9,65.7,59.7,88.5,60.6,90.6,88.2,80.2,71.2,89.7
"Ball State",2023,4,8,219,293,70.8,70,55.3,77,59,87,60.3,68.4,68.7,62.2,67.9,65.1
"Baylor",2023,3,9,277,400,74.5,72.2,65.3,80.2,64.2,81.3,61.4,67.4,59.6,62.3,69.3,66.3
"Boise State",2023,8,6,450,358,83.1,82.9,62,63.9,72.6,95.3,69.7,71,64,49,66.7,73.8
"Boston College",2023,7,6,323,368,76.4,73.4,55.3,81.3,58.8,89.1,69.9,75.7,76.9,61.7,65.3,74.9
"Bowling Green",2023,7,6,340,312,77.1,67.2,54,48.1,71.6,89.7,53,83.4,67.8,79.7,80.4,90.7
"Buffalo",2023,3,9,251,329,71.4,61.3,55.3,59.9,59.8,80.8,46.7,82,80.7,57.5,70.7,75.4
"BYU",2023,5,7,277,358,70.8,67.9,60.4,77.8,64.4,73.5,57.9,66.3,63.2,53.7,68.5,63.3
"California",2023,6,7,393,426,75.5,73.2,66.9,55,75.3,90.3,51.2,75.3,62,58,79,75.2
"Central Michigan",2023,5,7,278,373,72.3,65.8,64,53.8,59.1,78.9,58.9,74.3,70.4,72.9,69.6,72.8
"Charlotte",2023,3,9,210,343,70.5,62.8,49.6,50.5,62.9,76.9,60.1,76.7,64.4,66.5,70.4,89.6
"Cincinnati",2023,3,9,289,360,76.3,78.2,62.9,67.4,70.7,89.8,68.7,65.9,62.4,67.2,73.6,59
"Clemson",2023,9,4,388,274,87.2,70.4,64.5,64.6,67.4,83.7,57.1,93.8,93,77.8,83.6,91.8
"Coastal Carolina",2023,8,5,360,310,79.7,76.6,79.6,68.6,77.3,82.6,51,77.1,67.2,78,74.8,80
"Colorado",2023,4,8,338,418,73.2,72.2,87.1,65.2,68.3,70.6,58.7,67.5,59.8,64.3,69.3,71.4
"Colorado State",2023,5,7,313,355,77.4,71.8,60.3,67,74.4,72.8,66.7,78.2,68.5,72.1,81.9,79.1
"UConn",2023,3,9,229,358,75.3,71.1,61.7,72.5,60.2,77.9,71.4,78.4,88.8,47.8,75.3,59.9
"Duke",2023,8,5,350,247,81.5,72.3,69.9,66.1,66.7,85.7,59.1,84.3,74.7,65.4,75.2,88.2
"East Carolina",2023,2,10,208,269,67.1,56.7,56.1,40,53.8,80.2,51.2,78.7,83.2,83.9,67.5,70.5
"Eastern Michigan",2023,6,7,254,347,75.3,63.9,44.5,63,59.3,75.5,67.7,82.9,84.5,72.7,74.1,76.4
"Florida",2023,5,7,341,331,83.4,79.4,71.1,66,78.3,84.3,69.8,77.1,77.8,59.6,73.6,67.7
"Florida Atlantic",2023,4,8,285,306,78,70.7,74.6,69.5,65.1,76.5,58,79.9,76.5,79.1,68,79.7
"Florida International",2023,4,8,241,382,69.4,63.6,58,54.2,69.1,75.9,48.6,74,68.1,62.3,68.9,78.4
"Florida State",2023,13,1,484,270,91.6,84,80.5,83.2,72.6,88.8,70.8,91.1,80.6,77.2,90.3,90.5
"Fresno State",2023,9,4,396,305,81.2,78,79.4,71.4,74.9,81.3,58.1,75.1,62.8,63.3,71.5,82.6
"Georgia",2023,13,1,562,219,94,93.3,90.7,80.7,86.4,92.2,73.6,91.2,87.3,92.6,76.7,90.9
"Georgia Southern",2023,6,7,392,396,78.8,72.8,70.6,73.8,69.3,84.3,54.7,77.7,76.2,73.4,67.6,77.6
"Georgia State",2023,7,6,354,391,72,71,68.2,79.5,65.5,80.6,56.4,69.3,79.1,65,70.9,53.2
"Georgia Tech",2023,7,6,404,383,80.5,77.2,70.6,65.1,70.2,91.4,60.4,75.8,63.6,73.7,71.3,86.1
"Hawaii",2023,5,8,278,419,72.6,72.8,75.9,74.1,68.1,77.3,51.2,68,72.4,50.9,66.7,61.8
"Houston",2023,4,8,284,378,74.8,73.2,70,71.5,70.3,78.2,60.9,70.4,71,62.8,65,67.9
"Illinois",2023,5,7,294,353,79.6,73.5,72.9,52.9,74.4,74.4,64.3,79.3,82.8,78.9,72.8,69.3
"Indiana",2023,3,9,266,359,74.3,70.3,65.9,57.4,71,72.7,60.6,73.2,83.9,71.1,60.8,63.6
"Iowa",2023,10,4,216,207,82.8,56.7,40.1,58.9,51.2,70.9,59.6,93.4,93.6,90.8,77.2,92.5
"Iowa State",2023,7,6,341,296,82.7,72.5,78.5,45.2,78.5,82.2,45.3,85.6,86.9,66.1,62.2,87.3
"Jacksonville State",2023,9,4,392,275,80.6,73.9,55.6,74.9,58.1,85.8,70.4,85.4,84.8,68.9,79.1,80.1
"James Madison",2023,11,2,443,253,89.9,77.6,79,58.7,81.4,77,60.2,91.2,88.3,66.4,86.1,88.9
"Kansas",2023,9,4,452,345,90.8,89.6,80.2,77.3,89,88.2,69.9,81.4,73.2,66.7,69.8,88.1
"Kansas State",2023,9,4,482,273,86.4,84,70.2,73.1,77.2,92,70.9,79.2,69.5,55.6,66.4,84.7
"Kent State",2023,1,11,176,415,64.5,62.8,64.8,48.6,70.5,71.5,43.9,62,62.8,58.5,60.9,59.8
"Kentucky",2023,7,6,378,336,85,75.3,69.6,66.3,71.6,91.9,56.4,86.7,83.7,74,74.5,85.6
"Liberty",2023,13,1,536,340,90.1,87.9,79.7,59,81.3,94.3,67.7,82.2,74.7,76.5,71.8,85.5
"Lafayette",2023,6,7,418,372,84.5,81.9,72.4,75.5,74.7,86.3,71.5,77.6,67.1,66.1,76.2,82.8
"Louisiana Tech",2023,3,9,311,401,73.8,70.9,73.3,63.3,68.7,78.9,55.4,69.8,56.4,70.3,67.9,84
"UL Monroe",2023,2,10,208,419,67,61.6,52,65.4,61.2,76.9,50.1,69.4,72.3,74.7,74.5,58.6
"Louisville",2023,10,4,430,298,85.6,78.6,74.7,73.9,69.9,92.2,58,88.9,84,73.3,83.5,80.6
"LSU",2023,10,3,592,364,92.2,94.1,92,80.7,84.6,96.1,74.6,81.5,79.3,82.5,80,73.7
"Marshall",2023,6,7,296,373,81.2,65.9,59.2,72.4,61.4,76.5,59.2,91.4,91.1,74.6,84.3,88.5
"Maryland",2023,8,5,386,292,80.7,75.5,73.5,68.9,72.6,83.3,59.5,80.3,68.9,77.2,71.7,89.2
"Massachusetts",2023,3,9,278,454,63.8,70.2,58.3,63.7,68.1,85.8,58.3,55.5,55.6,60,66.4,57.1
"Memphis",2023,10,3,512,374,84.7,84.2,81.5,78.1,78.5,81.5,69.8,75.4,71.7,44.4,72.4,70.9
"Miami (FL)",2023,7,6,409,296,92,87.2,79.7,80,81.6,90.3,68.3,90,88.5,73,82.7,82.8
"Miami (OH)",2023,11,3,359,223,87.8,75.2,73.8,60,62.7,79.4,71.4,88.3,83.7,72.6,79.6,86.4
"Michigan",2023,15,0,538,156,95,90.9,85.8,70.3,86.5,87.7,73.6,95,93,91.2,91.2,92.7
"Michigan State",2023,4,8,191,340,68.7,62.6,47.1,54.9,66.8,74.9,59.5,69.9,77.2,68.7,72.9,53.9
"Middle Tennessee",2023,4,8,291,337,68.4,63.1,70.6,68.3,60,79.1,42.2,72.2,68.9,64.5,71.6,72
"Minnesota",2023,6,7,272,347,80.3,75.6,59,65.3,62.7,88.6,68,76.4,64.5,60,79.6,76.3
"Ole Miss",2023,11,2,456,293,89.1,85.1,90.1,60.1,82.8,92.9,58.3,79.9,72.7,75.9,77.6,78.6
"Mississippi State",2023,5,7,262,319,78.6,71.4,67,70.5,64.9,84.8,59.8,78.7,73.7,77.1,63.3,83.3
"Missouri",2023,11,2,423,271,90.4,87.3,80.6,73.7,81.6,86.6,76.2,82.3,73.6,69,79.3,82.4
"Navy",2023,5,7,212,269,73.4,64.6,49.9,35.3,56.4,73.8,71.3,79.5,76.5,65.4,70.3,75.1
"Nebraska",2023,5,7,216,219,75.1,62.6,42.4,64.3,58.6,73.4,64.5,84.7,78.9,83.6,69.7,87.3
"Nevada",2023,2,10,208,401,60.5,58.2,47.6,49.4,57.6,76.4,56.9,59.2,57.2,49.4,59.3,61.4
"New Mexico",2023,4,8,327,421,69.4,81.8,66.3,74.5,75.1,91.2,73.3,45.9,40.5,39.9,59.4,57.8
"New Mexico State",2023,10,5,412,342,77.9,76,73.9,56,69.9,92.4,56.5,72.2,68,58.1,73.2,70.5
"North Carolina",2023,8,5,449,355,85.6,80.4,88.9,72.1,72.2,91,55.5,83.1,77,72.8,77.3,86.3
"NC State",2023,9,4,341,270,77.7,66.2,66.5,65,59.6,80.1,57.6,84,90.7,86.2,69.3,73.9
"North Texas",2023,5,7,414,445,81.6,80,85.4,57.5,72.1,88,65.7,70.5,63.4,62.4,70.4,71.4
"Northern Illinois",2023,7,6,324,273,77.5,72.6,64.3,74,64.5,81.4,63.3,79.5,75.4,71.9,69.6,78.5
"Northwestern",2023,8,5,287,293,77.5,66.7,64.6,58.4,66.2,73.5,57.4,85.9,84.4,75.7,65,87.5
"Notre Dame",2023,10,3,509,207,94.6,91.1,80.8,75.7,88.4,92,69.4,93.6,91.9,75.9,89.3,91.9
"Ohio",2023,10,3,316,206,84.5,79.6,74.9,81.2,70,80.9,70.4,86.7,82.7,64.6,84,78.8
"Ohio State",2023,11,2,397,146,92.7,84.9,74.9,65.7,85.7,90.5,65.5,92.9,91,90.5,87.4,91.5
"Oklahoma",2023,10,3,542,305,89,84.5,89.7,71.6,85.2,88.6,55.7,84.7,84.7,70.3,74.3,79.9
"Oklahoma State",2023,10,4,414,400,81.6,78.2,72.7,73.8,76.3,89.8,55.2,75.4,72,67.3,74.1,70.7
"Old Dominion",2023,6,7,310,353,73.1,60.8,61.5,49.1,58.3,84.2,46.7,85.8,91.7,88.9,61.6,81.8
"Oregon",2023,12,2,619,231,93.8,94.6,92.3,91.4,89.5,96,69.2,90.4,85.3,90.6,76.7,89.8
"Oregon State",2023,8,5,414,298,90.4,87.9,74.5,59,84.8,90.7,78,80,78.6,35.7,67.6,80.3
"Penn State",2023,10,3,471,175,93,82.4,78.5,66.9,68.5,90.9,72.5,93.4,92.1,77.1,91.5,89.5
"Pittsburgh",2023,3,9,242,328,70.8,62.4,52.2,59.2,70.4,82.5,42.8,77,77,66.1,65.2,76.6
"Purdue",2023,4,8,287,365,71.1,68.8,67.7,62.2,62.9,83,56.5,70,73.9,74.2,74.7,53.6
"Rice",2023,6,7,384,365,75.9,69.9,58.5,48.5,76.5,81.3,56.8,78.5,70.2,71.4,69.8,84.1
"Rutgers",2023,7,6,302,276,83.2,75.6,62.1,56.1,68.9,89.8,64.1,85.4,76.3,90.6,74.5,88
"Sam Houston State",2023,3,9,240,314,73.9,63.2,69.2,59.8,69.5,65,45,87.4,74.3,84,67.5,91
"San Diego State",2023,4,8,246,321,68.1,69.4,58,74,63.5,82,59.5,58.2,49.2,45.7,59.8,68.1
"San Jose State",2023,7,6,414,333,81.3,80.5,79.6,70.2,68.2,92,66.2,72.7,55.1,61,73.6,87.8
"SMU",2023,11,3,542,249,92.7,88.1,90.7,79,78.8,77.8,75.5,92,86.5,73.6,91.1,90.1
"South Alabama",2023,7,6,430,273,85.9,79.1,64.9,55.9,80.3,93.4,63,86.7,86.6,61.2,73,80.3
"South Carolina",2023,5,7,312,316,75.4,70.2,74,56.6,74.5,78.2,49.9,75.7,71.9,79.6,76.6,70.1
"Southern Miss",2023,3,9,278,429,69,63.3,52.3,53.7,62.6,86.3,50.6,72.7,79.8,52.7,74.7,53.4
"Stanford",2023,3,9,247,452,63.2,63.6,58.1,50.1,68.2,75.3,52.3,55.9,54.5,68,60.8,55.5
"Syracuse",2023,6,7,306,330,75.6,64.5,51.1,65.5,64.8,81.3,54,85,83.5,80.4,68.1,87.4
"TCU",2023,5,7,376,334,83.1,79.3,74.2,68.3,81.1,89.1,54.1,78.5,81.9,68.3,65.3,73.7
"Temple",2023,3,9,253,428,62,62,59.1,47.1,65.3,76,49.4,61.8,54.1,72.2,66.5,68.7
"Tennessee",2023,9,4,413,264,85.4,75.9,72.5,64.7,69.8,91.4,58.1,86.6,75,74.1,87.7,88.3
"Texas",2023,12,2,501,265,92.4,86.3,80.2,86.8,83,91.1,63.3,90.9,92,67.5,84.3,80.8
"Texas A&M",2023,7,6,433,287,90.7,81,81.2,59,82,80.1,65.8,90.3,89.8,63.8,80.7,83.8
"Texas State",2023,8,5,477,427,84,77.4,76.1,63.9,76.2,86.6,55.1,82.1,73.7,56.9,88.3,83.8
"Texas Tech",2023,7,6,356,338,83.4,76.4,57.6,81.4,67.9,91.7,65.8,81.1,74.9,85.9,72.1,83.2
"Toledo",2023,11,3,452,284,90,77.7,79.6,72.3,75.8,86.1,53.4,91.8,90.3,86.2,90,90.7
"Troy",2023,11,3,415,240,91.7,83.8,84.3,62.3,85.2,92.5,51,92.2,92.6,79.2,85.8,89
"Tulane",2023,11,3,369,287,86.2,77.5,70.1,59.7,76.8,82.2,65.7,87.6,81.9,60.2,79,84.5
"Tulsa",2023,4,8,281,406,75.3,77.1,64.3,70.4,73.9,84.5,64.1,67.3,60.3,47.6,84.1,55.4
"UAB",2023,4,8,359,443,76.8,76.2,65.4,71.1,72.1,91.6,60.6,74.3,66.6,70.2,79.5,71.1
"UCF",2023,6,7,407,335,85.1,84.4,79.1,79.7,78,92.4,61.5,76.9,71.3,65.6,69.5,80.4
"UCLA",2023,8,5,344,239,88.3,73.9,61.1,53.9,68,89.7,69.1,92.9,90.3,69.4,91.5,91.1
"UNLV",2023,9,5,482,400,78.4,75.8,61.4,71.6,81.4,83.1,58.9,71.5,71.7,71.8,78.3,60.3
"USC",2023,8,5,544,447,87.5,86.7,87.8,77.7,82.2,92.4,60.8,77.9,72.3,67.8,80.5,74.9
"USF",2023,7,6,415,419,74.2,67.2,67.3,59.2,66.5,86.2,46.1,78.2,78.5,60.3,76.2,71.2
"Utah",2023,8,5,301,251,79.3,72.4,59.2,46,65.8,88.3,65.8,79.5,76.4,82.1,72.7,75.2
"Utah State",2023,6,7,431,451,71.7,74.8,69.3,47.2,76.4,90.9,55.7,60.6,45.5,51.3,66.5,77
"UTEP",2023,3,9,239,342,82.1,77.3,57.9,86.9,69.5,83.3,72.8,79.2,64.7,59.5,90.7,77.3
"UTSA",2023,9,4,415,313,80.8,76.8,67.7,56.7,78.7,89.3,58.3,78.5,77.5,64.2,80.9,68.4
"Vanderbilt",2023,2,10,274,434,66.7,64.4,59.4,49.4,69.1,78.1,52.4,66.1,67.5,62.3,64.3,62
"Virginia",2023,3,9,279,405,70.8,70.2,70.5,45.2,72.9,76.4,58.8,64.6,56.1,64.2,62.4,73.6
"Virginia Tech",2023,7,6,384,311,78.9,70.7,64.2,60.3,69.5,88.1,53.4,78.4,64.5,64.4,88.7,78.3
"Wake Forest",2023,4,8,243,326,82.4,75.5,55.6,74.2,74.7,74.6,74.4,83.9,79.4,82.9,72.8,80.6
"Washington",2023,14,1,540,372,91.7,92.5,91,78.2,89.8,89.4,67.3,84.4,73.2,61,80.4,88.5
"Washington State",2023,5,7,380,337,77,71.3,78.6,64.5,69.6,77.2,51,76.7,67.8,58.8,74.2,77.6
"West Virginia",2023,9,4,409,340,83.6,81.5,79.4,81.2,66.6,93.2,61.3,77,76.6,69.5,70.5,72.7
"Western Kentucky",2023,8,5,396,373,72.9,66,67.2,62.9,68.5,71.3,48,76.6,60.8,50.4,73.8,87
"Western Michigan",2023,4,8,284,381,72.9,69.6,59.8,73.1,62.4,71.7,72.7,72.2,63.6,70.4,65.8,80.1
"Wisconsin",2023,7,6,305,262,82.6,73.2,71.1,76.2,61.6,79,69,86.9,83.3,79.9,74.2,83.7
"Wyoming",2023,9,4,329,290,87.5,78.7,72.9,58.7,68.6,82.1,76.7,88.6,86.5,71.4,73.6,82.2
"Air Force",2024,5,7,227,279,75.7,75.2,57.9,42,61.9,76.2,76,69.9,69.4,70,67.6,62.3
"Akron",2024,4,8,245,384,61.8,59.5,63.3,49.7,60.9,76.2,44.6,63.1,67.8,42.3,62.3,53.7
"Alabama",2024,9,4,439,226,91.5,80.9,78.4,69.1,75.9,90.7,62,92.5,94,83.7,75.6,90.3
"App State",2024,5,6,293,362,78.9,75.7,66.1,62.6,72.8,85.1,65.8,75,73.6,66.9,79.3,64.9
"Arizona",2024,4,8,261,381,75.3,73.8,72,79.1,69.4,78.6,57.6,66.2,67.7,51.4,70.9,62.8
"Arizona State",2024,11,3,461,316,80.9,79.5,80,77.3,67.5,93.7,56.4,75.8,81.4,72.4,58.7,75.5
"Arkansas",2024,7,6,402,325,86.6,82.3,80.2,64.1,78.4,90.6,63.8,81.5,93.3,73.5,71.8,61
"Arkansas State",2024,8,5,336,418,76.4,74.7,73.1,57.9,66.4,79.4,71.4,67.6,66.9,55.8,71.6,62.2
"Army",2024,12,2,435,217,93.1,96.4,68.9,65.5,88.1,92.4,90.9,79.5,75.2,68.5,67.1,78.5
"Auburn",2024,5,7,333,256,88.7,78.2,70.8,70,73.3,80.8,68.5,90.8,92.1,73.5,81,76.2
"Ball State",2024,3,9,304,481,67.4,71.5,67.3,73.3,70.6,70.8,59.7,54.4,56.1,55.7,73.5,40.6
"Baylor",2024,8,5,447,347,84.6,82.6,70.8,71.2,79.2,86.6,68.9,71.3,79,68,64.9,61.5
"Boise State",2024,12,2,522,316,88.4,85.5,72.3,67.9,78.2,96.1,64.6,81.9,75.5,44.6,74.5,81.8
"Boston College",2024,7,6,366,309,81.9,75.5,70.6,72.4,66.2,76.7,69.2,84.4,87.4,76,72.6,76.2
"Bowling Green",2024,7,6,352,281,85.5,77.8,74.3,67.3,78.7,83.3,59.4,86.6,74.3,75.3,77.1,89.2
"Buffalo",2024,9,4,375,343,80.4,70.8,61.1,61.8,67.5,74.4,65.1,87.1,84.2,83.9,70.6,87
"BYU",2024,11,2,405,255,87.1,76.3,70.4,71.4,71.6,82.7,62.8,87,88.7,63.7,73,80.2
"California",2024,6,7,326,290,80.2,70.9,69.1,67.3,72.1,76.3,54.1,85.7,84.7,78.2,75.1,80.1
"Central Michigan",2024,4,8,271,356,73.6,61.2,50.8,47,60.6,77.8,56.4,83,84.3,78.7,80.5,70.9
"Charlotte",2024,5,7,284,421,70,70,46.1,75.2,73.4,80.5,60.7,63.5,58.3,71.4,64.5,68.9
"Cincinnati",2024,5,7,302,295,81.6,77.8,72.2,74.8,69.4,87.3,65.9,81,77.9,69.1,65.8,82.4
"Clemson",2024,10,4,486,328,86.9,79.3,86.1,67.1,69.5,85,63,86.9,85.3,70.7,78.3,82.7
"Coastal Carolina",2024,6,7,373,411,73.6,73.5,74,66.9,64.8,85.9,60.1,67.6,64,56.4,71.1,65.9
"Colorado",2024,9,4,428,300,88.6,82.5,90.1,71.6,81.4,78.2,61.3,86.1,80.9,68.3,78.4,89.6
"Colorado State",2024,8,5,317,335,84.6,79.8,72,81.5,68.9,79.5,76.2,83.4,86.5,72,67.7,78.2
"UConn",2024,9,4,415,300,85.4,78.1,66.1,70.3,61.5,78.7,85.3,84,75.9,69.6,65.9,90
"Duke",2024,9,4,342,318,81.6,71.4,69.5,67,70.7,73.1,58.3,88.5,77.9,67.6,80.1,90.1
"East Carolina",2024,8,5,416,355,82.2,78.4,70.9,68.7,74.1,84.6,68.8,82.6,88.4,64.6,71.7,73.7
"Eastern Michigan",2024,5,7,311,335,78.4,72.8,72.1,68.9,67.8,71.5,64.8,80.7,88.8,78.9,84.4,54.1
"Florida",2024,8,5,368,300,88.7,84.1,70.6,80.1,76.8,80.5,79.8,81,90.7,69.6,73.2,63.4
"Florida Atlantic",2024,3,9,311,363,79.7,73.5,57.9,67.5,67.6,81.8,69.7,82,66.7,59.5,78.9,88.8
"Florida International",2024,4,8,316,309,82,73.3,69.1,51.1,77.9,75.3,62.5,86.9,74.7,77.7,76.1,90.2
"Florida State",2024,2,10,185,336,69.6,63.5,61.7,66.2,60.8,72.2,53.7,70,70,73.3,68.3,65.4
"Fresno State",2024,6,7,339,323,78.5,75.5,72.5,68.1,70.2,75.2,69.5,77.5,76,70.8,66.4,79.5
"Georgia",2024,11,3,441,288,88.8,79.1,77.7,78.7,67.2,87.6,68.1,90.2,91.6,82.9,77.9,81.6
"Georgia Southern",2024,8,5,364,359,76.6,71.4,68.3,77.1,66.9,80.7,53.6,77.2,76.9,71.1,70.1,74.4
"Georgia State",2024,3,9,286,406,69.6,68,65.9,59.4,66.5,84.4,50.6,65.4,65.1,76.8,68.7,59.1
"Georgia Tech",2024,7,6,376,333,80.4,76.9,82.3,74.1,73.6,78.4,59.8,73.4,78.7,51.9,63.9,65.2
"Hawaii",2024,5,7,268,312,76.1,69.5,73.8,67.6,60.6,79.2,65.4,80.6,75.8,69.6,66.4,85.8
"Houston",2024,4,8,168,275,68.5,63,52.6,72.3,60.5,70.4,57.5,73.6,76.2,68.3,60.9,69.6
"Illinois",2024,10,3,368,282,87.5,81.2,75,64.9,82,86.1,64,84.2,72.7,85.2,75.4,87.3
"Indiana",2024,11,2,537,203,94.8,92.9,89.6,73.9,90.4,87.5,75.5,93.1,93.5,65,88.1,89.5
"Iowa",2024,8,5,360,232,92,81.3,64.3,79,61.9,81.5,82.8,91.6,85.3,79.4,87.2,89.6
"Iowa State",2024,11,3,435,321,77.9,74.1,69.4,56.1,77.8,84,53,75.9,64.8,49.4,62.9,85.1
"Jacksonville State",2024,9,5,504,366,80.9,83,73.6,62.2,66.4,91.8,74.1,73.3,76.7,78.4,62.5,73.6
"James Madison",2024,9,4,433,266,89.4,77.8,69.9,73.6,63.5,87.1,74.9,91,90.6,66.8,84.6,86.1
"Kansas",2024,5,7,356,312,87.3,86.9,72.6,79.2,72.4,91,79.9,73.9,72.8,62,66.6,69.1
"Kansas State",2024,9,4,401,304,82.2,77.5,72.5,74.1,61,90.6,68.5,79.1,86.7,67.3,66.7,71.5
"Kennesaw State",2024,2,10,198,374,67.1,55.8,43.7,43.8,55.4,70.9,56.6,75.7,72.2,76.8,70,72
"Kent State",2024,0,12,167,529,58.7,55.4,47.4,54.6,65.8,69.9,39.7,61.2,61.5,57.9,71.6,51.8
"Kentucky",2024,4,8,247,265,79.5,71.4,61.1,54.8,69.4,87.8,59.4,79.5,68,62.6,83.2,79.8
"Liberty",2024,8,4,345,282,85,81.6,72.5,59.4,64.7,85.4,82.6,80.2,76,72.3,72.8,78.9
"Lafayette",2024,10,4,433,338,83.1,81.5,84.4,73.8,73.7,82.1,69.2,74.5,70.8,48.9,64.3,80.1
"Louisiana Tech",2024,5,8,272,273,70,66.5,67.7,70.9,64.8,76.3,48,70.3,72.4,67.4,63.6,68.4
"UL Monroe",2024,5,7,252,345,70.2,67.3,62.2,64.2,65.3,90.4,48.2,69.8,55.7,65.8,67.3,85.5
"Louisville",2024,9,4,474,313,91.9,85.4,88.3,67.2,80.5,89.8,65.1,91.3,92,68.6,86.1,84.4
"LSU",2024,9,4,396,316,83.3,77.9,81.1,71,78.5,79.4,58.2,81.2,76.2,77.4,88.4,67.8
"Marshall",2024,10,3,414,300,86.2,72.2,68.9,72.4,63.2,82.9,60.6,90.9,78.9,84.7,81.5,91.6
"Maryland",2024,4,8,284,365,69.8,64,68.6,38.9,68.8,81.8,42.6,74.3,76.5,68.2,71,64
"Massachusetts",2024,2,10,270,426,67.4,66.6,60.7,70.6,61.1,74.4,58.9,67.5,66,83.2,69.3,67
"Memphis",2024,11,2,464,310,87.3,84.4,79.3,82.6,70.2,88,78.2,81.6,88.8,69.1,62.3,75.1
"Miami (FL)",2024,10,3,571,329,93.6,92.7,91.4,76.2,85.4,97.2,62.6,91.3,93.1,65.3,89,76.4
"Miami (OH)",2024,9,5,337,263,82.9,74.4,57.8,53.8,71.9,79.1,77.3,84.2,80.2,70.6,73.2,84.9
"Michigan",2024,8,5,286,259,89.1,69.8,54.3,65,65.2,83.6,60.2,92.9,95,85.4,91.4,78.4
"Michigan State",2024,5,7,233,313,74,69.7,62.9,50.4,70.7,87.5,55.1,72.7,88.3,76.6,62.2,56.2
"Middle Tennessee",2024,3,9,217,411,64.7,63.5,77.6,30.8,62.8,80.4,50.2,62.5,66.7,67.1,60.9,55.3
"Minnesota",2024,8,5,340,220,89.7,80,85,66.6,70.2,82.4,69.7,88.9,89.4,65.1,73.3,82.4
"Ole Miss",2024,10,3,502,187,92.9,85.9,91.8,63.4,85.9,85.3,58.3,93.3,95.2,90.5,90.7,88.1
"Mississippi State",2024,2,10,310,409,65.6,68.8,74.2,58.1,67.5,76.6,53.9,55.3,73.2,62.4,50.5,35.6
"Missouri",2024,10,3,376,265,89.4,82.9,72.1,76.4,69.1,84.4,82.6,85.3,84.8,70.8,79.1,73.1
"Navy",2024,10,3,407,288,88.3,83.3,59.2,77.8,77.7,85.7,74.6,84.8,87.2,79,64.4,83.2
"Nebraska",2024,7,6,306,253,82,78,70.5,71.8,71.2,84.3,69,79.6,78.4,71.8,80.9,70.6
"Nevada",2024,3,10,300,374,76.4,79.9,80.7,66.2,75.2,81.9,66.8,66.7,56.6,46.7,74,76.4
"New Mexico",2024,5,7,402,456,76.4,84.5,78.8,77.9,71.3,92.6,70.6,58.7,62.3,56.8,55.4,61.9
"New Mexico State",2024,3,9,259,435,67.6,61.1,46.8,60.4,50.9,77.5,63.7,69.9,70.9,70.1,61.7,68.1
"North Carolina",2024,6,7,402,365,80.8,75.9,63.1,71.9,67.4,90.4,69.6,74.5,74.9,76,74.6,69.8
"NC State",2024,6,7,371,392,83.7,78,77.3,80.3,68,76.5,71.5,83,79.2,73,74.5,81.4
"North Texas",2024,6,7,436,444,74.4,70.4,75.6,62.9,68.5,89.7,42.7,74.9,83.5,67.9,63.2,64.6
"Northern Illinois",2024,8,5,319,241,83.3,74.3,61.3,72.8,62,78.3,73.4,89.1,87.9,88.3,70.6,86.8
"Northwestern",2024,4,8,214,316,72.2,60.9,49.5,70,59.4,70.9,60.4,84.3,76.1,62.8,77.4,80.7
"Notre Dame",2024,14,2,578,248,91.7,84.8,75.7,68,71.4,93.4,74.9,91.7,89.3,84,87.2,90.8
"Ohio",2024,11,3,410,254,83.5,77.3,69.4,57.3,73.2,86.5,67.3,84.3,75.8,58.3,85.1,79.9
"Ohio State",2024,14,2,571,206,93.8,90,84.4,61.5,88,92.2,68.7,93.3,95.1,81.2,89.4,87
"Oklahoma",2024,6,7,312,280,77,60.2,57.7,62.9,54.1,71.4,55.6,91.4,93.8,76.4,88.1,69.8
"Oklahoma State",2024,3,9,326,427,74.7,76.4,64.2,85.7,74.5,78.6,63.4,63,62.3,53.6,62.6,60.8
"Old Dominion",2024,5,7,336,336,70.2,63.4,46.7,40.6,62.6,91.4,50.8,77.4,87,56.6,61.7,67.8
"Oregon",2024,13,1,488,272,92.1,85.8,84.5,76.8,78,90.3,68.5,92.2,85.6,84.4,90,90.6
"Oregon State",2024,5,7,291,359,75.3,77.7,69.2,76.1,67.1,84.7,68.8,60.1,58.8,67,66.8,57.3
"Penn State",2024,13,3,530,264,91.3,85.8,83.5,64,77.7,91.8,69,90.7,91.1,63.1,87.9,84
"Pittsburgh",2024,7,6,428,369,78.6,66.1,60.7,50.2,64.7,84.7,58.4,85.8,85.8,78.9,78.3,80.1
"Purdue",2024,1,11,189,480,69.1,71.9,70.3,61.8,68.4,79.6,62.3,61.1,68.4,57.8,67.8,40.9
"Rice",2024,4,8,266,305,74.7,65.3,65,62.6,65.1,75.8,54.2,85,72.1,77.3,76.1,89.8
"Rutgers",2024,7,6,376,330,85.5,82.8,73.2,63.1,72.5,84,78.8,80.7,70.3,71.5,82.3,75.6
"Sam Houston State",2024,10,3,309,266,76.7,69.7,64.8,65.7,67.7,77.1,55.2,80.8,67.7,73.2,78.8,85.6
"San Diego State",2024,3,9,256,355,73.7,71.6,71.6,69.2,68.8,74.4,62.4,68.5,62.5,54.2,69.4,70.4
"San Jose State",2024,7,6,369,358,77.1,72,79.1,43.1,74.9,82.5,47,79,75.3,58.9,63.2,86
"SMU",2024,11,3,511,309,91.2,82,85.3,75.5,77.6,81.4,67.6,91.8,92.8,77.5,87.3,87.2
"South Alabama",2024,7,6,447,327,82.7,78.9,68.6,74.2,76.1,95.9,55.7,80.6,83.4,57.4,66,79.6
"South Carolina",2024,9,4,396,235,88.9,74.6,72.6,61.8,72.1,87.5,56.2,91.8,88.3,76.2,90.8,89.6
"Southern Miss",2024,1,11,183,453,62.1,58.5,52.8,59.6,60,77.9,43.2,64.3,63.4,43,73.3,57
"Stanford",2024,3,9,274,404,72.1,64.9,59.9,62.4,65.7,71.3,55.7,71.4,72.8,64.6,75.1,61.2
"Syracuse",2024,10,3,443,379,85.9,86.7,87.4,72.6,85.7,79.8,65.6,74.2,74.3,58.8,70.4,71.8
"TCU",2024,9,4,435,320,88.3,81.3,84.5,71.7,82,77.3,59.7,85.7,79.4,83,63.4,90.5
"Temple",2024,3,9,235,425,71.9,63.7,73,53.9,64.1,69.6,49.6,77.3,68.9,74,73.6,79.2
"Tennessee",2024,10,3,464,209,89.6,77.4,81.7,67.3,69.2,88.7,59.4,90.9,91.3,78.4,86.7,87.3
"Texas",2024,13,3,528,245,91.9,83.3,75.6,86.5,78,88.4,68,93,91.2,70.2,90.2,91.7
"Texas A&M",2024,8,5,395,289,83.5,76.5,62.8,72.5,71.7,84,67.4,83.4,90.3,60.7,84.6,67.3
"Texas State",2024,8,5,475,319,90.9,85.7,79.3,82.9,80.3,86.9,68.9,88.3,91.5,72.9,90.1,67.2
"Texas Tech",2024,8,5,489,453,78.8,79.5,75.5,78.2,72.7,87.4,66.1,65.3,71.8,43.5,66.2,55.5
"Toledo",2024,8,5,368,302,82.8,68.9,69.5,52.2,77.3,69.5,52.8,91,89.4,79.1,84.8,89.3
"Troy",2024,4,8,312,341,77.6,77.6,67.7,63.6,75.9,84.6,63.8,70.9,76,65.3,59.8,66.3
"Tulane",2024,9,5,491,289,91,88.8,75.3,78.1,79.1,90.8,77.8,86.2,74.4,70.9,90.5,77.9
"Tulsa",2024,3,9,300,510,64.2,65,61.6,54.1,67.9,76.8,51.9,58.7,69.8,47.3,77.1,31.3
"UAB",2024,3,9,314,411,68.5,68,66.3,71.6,61.7,75.6,63.1,63.1,49.5,65.8,74.3,77.6
"UCF",2024,4,8,365,323,84,77.9,60.4,78.8,66.1,90.4,69.4,84.2,85.7,71.3,73.1,76.5
"UCLA",2024,5,7,221,303,73,66.3,68.9,53.5,69.1,70.6,55.4,75.3,72.1,71.8,64.5,80.2
"UNLV",2024,11,3,495,298,90.5,81.6,65.9,82.9,70.8,90.9,67.9,89.6,84.5,69.2,73.2,90.2
"USC",2024,7,6,392,313,84.5,79.9,78.4,53.5,80.2,91.9,59.9,79.5,73.3,80.2,68.9,82.4
"USF",2024,7,6,418,387,76.9,65.3,61.4,64,62.9,81.9,50.2,85,83.9,66.8,82.8,77.2
"Utah",2024,5,7,283,248,80.1,70.6,48.4,71.4,66.7,72.6,76.2,83.8,82.1,48.5,69.8,82.6
"Utah State",2024,4,8,383,453,70.7,70.8,67.8,66.3,63.3,90,58.4,63.8,54.6,60.7,67.8,71.4
"UTEP",2024,3,9,234,388,66.9,63.2,60.6,61.7,59.6,73.3,58.1,71.6,73.9,72.9,70.4,61.1
"UTSA",2024,7,6,431,391,81.8,73.2,77.6,56.9,67.3,81.2,63.5,86.2,90.8,57.2,85.1,70.7
"Vanderbilt",2024,7,6,355,304,80.8,75.4,83.7,52.9,76,80.4,56.4,75.9,81.6,65.3,68.8,67.4
"Virginia",2024,5,7,272,345,71.7,68.1,59.7,54.6,65,79.6,65.1,70.3,70.2,56.8,71.8,64
"Virginia Tech",2024,6,7,366,297,81.3,72.1,65.4,64.2,66.5,85.9,58.7,81.4,80.6,79,82.4,69.7
"Wake Forest",2024,4,8,308,390,82,76.2,72.1,74.1,69.8,73.8,72.4,81.8,81.8,80.4,65.6,79.8
"Washington",2024,6,7,304,309,82.4,76.4,70.3,46.9,83,87,56,82.4,75.5,85.5,69.6,89.8
"Washington State",2024,8,5,476,389,82.8,79,71.6,88.1,75.2,90.1,54.6,81.3,76.2,45.9,76.2,78.2
"West Virginia",2024,6,7,379,415,81.7,81.7,73.9,81.9,68.6,80.8,78.8,68.5,82.6,83.1,66,49.2
"Western Kentucky",2024,8,6,349,345,80.1,77.1,80.3,82.2,71.2,76.9,59.2,74,71.1,86.9,74.8,65.7
"Western Michigan",2024,6,7,376,407,85,86.9,70,76.6,72.8,86.6,83.8,69.6,68.4,61.2,68.1,65.7
"Wisconsin",2024,5,7,271,277,79.9,75,63.6,82.9,66.6,81.2,68.8,77,64.8,83.5,72.9,83.9
"Wyoming",2024,3,9,232,340,74.5,65.2,57.9,56.5,62.7,71.6,64.8,81.1,83.6,63.3,70.8,71
"Air Force",2025,1,5,230,240,82.3,84.8,87.8,54.8,85,79.9,70.3,60.9,81.8,65.6,71.4,29.4
"Akron",2025,2,5,117,203,75.9,67,70.7,59,57.6,73.3,67.1,81.8,74.9,67.8,66.4,86
"Alabama",2025,5,1,209,104,92.1,80.1,86.1,76,77.7,74.8,60.6,89.2,86.2,71.5,64.4,90.8
"App State",2025,4,2,158,152,80,69.2,67.1,56.1,66.3,81.4,58.4,84,90.3,66.5,83.2,68.1
"Arizona",2025,4,2,193,111,91.1,75.1,84.1,73.2,63.2,80,62.8,91.6,85.2,72.4,69.7,93
"Arizona State",2025,4,2,156,148,80.8,70.4,63.9,75.7,61.7,89.4,54.7,79.2,74.3,60.9,70.5,78.5
"Arkansas",2025,2,4,218,184,89.7,81.1,76.1,77.6,71.8,92.2,59.2,79,79.6,86.3,73.8,69.5
"Arkansas State",2025,2,4,140,190,68.7,66,59.8,74.6,66.9,70.5,55.5,61.6,63.1,58.8,56.4,59.5
"Army",2025,3,3,150,144,77.9,73.2,65.2,61.4,60.8,72.3,69.9,71,70.1,67.8,55.5,76.8
"Auburn",2025,3,3,148,102,77,67.9,48.3,66,61.4,82.5,68.1,78,92.3,64.3,73.2,46.7
"Ball State",2025,2,4,82,189,62.6,57.2,58.7,51.1,59.3,73.5,44,69.5,62.9,70.2,77.8,63.5
"Baylor",2025,4,2,218,178,87.2,75.8,71.6,62.3,74.7,73.1,68.5,85.1,76.6,76.5,65,90.4
"Boise State",2025,4,2,202,152,83.2,71.9,63.1,52.8,66.4,86.7,68.4,82.8,71.6,54.1,76.5,88.9
"Boston College",2025,1,5,167,199,80.6,72.2,70.5,77.9,67.1,70.2,66.6,75.9,76.5,74.8,70.4,71.8
"Bowling Green",2025,3,3,134,152,74.8,65.2,60.6,63.7,60.1,71.5,63.1,73.3,72.2,76.1,73.4,65.7
"Buffalo",2025,3,3,151,128,85.8,72.5,52.9,79.1,62.6,78,73.9,84.9,77,83.1,80.6,81.4
"BYU",2025,6,0,225,88,92.7,79.7,68.5,73.8,67.8,83.7,74.7,90.2,88.3,75.4,70,91.4
"California",2025,4,2,145,135,78.1,69.4,73,67.4,69.1,73.2,53.9,78,57.6,64.4,69.6,91.5
"Central Michigan",2025,3,3,131,173,72.8,64.7,60.2,24.1,68.5,79.5,55,74.3,66.4,63.3,74.8,76.3
"Charlotte",2025,1,5,106,195,69.6,65.7,70.2,47.7,72.5,63.1,56.1,66,68.5,67.9,60.8,59.5
"Cincinnati",2025,5,1,216,115,93.5,90.3,88.6,66.4,80.8,89.4,77.3,90,91.1,88.3,59.7,88.7
"Clemson",2025,3,3,158,111,88,72,75.1,59.2,69.5,71.1,61.8,90.4,90.8,90.5,76.9,83.6
"Coastal Carolina",2025,3,3,88,161,68,58.5,45.2,69.1,54.3,71.1,59.5,77.7,70.8,56.5,71.9,76.5
"Colorado",2025,3,4,174,166,76.3,68.6,64.2,83.3,63.8,72.5,57.8,74.1,79.9,67.5,74.4,49.5
"Colorado State",2025,2,4,134,158,66.5,68.5,58.1,50.7,60.5,83,68.8,60.9,62,65.3,59,66.8
"UConn",2025,4,2,222,136,91.3,80.3,79.8,66.2,69.1,77.6,76.9,87.3,82.5,76.4,73.6,83.6
"Delaware",2025,3,2,148,132,83.1,71.6,62.2,67,67.9,79.9,62.3,83.2,79.5,62.4,64.4,87.3
"Duke",2025,4,2,219,153,91.8,86.7,90.5,73.7,74.7,83.7,75.1,79,84.7,62.9,72.2,66.9
"East Carolina",2025,3,3,171,93,73.1,67.7,71.4,50.9,69.5,78.1,51.3,71.3,75.3,39.9,68.6,61.6
"Eastern Michigan",2025,2,5,166,224,68.2,66.9,64.9,63,64.1,75.6,57.1,60.3,62.3,33.8,61.8,52.9
"Florida",2025,2,4,134,119,86.8,69.5,61.9,62.5,66.7,76.8,66.6,90.2,92.6,86.6,64.4,82.1
"Florida Atlantic",2025,3,3,197,200,79.2,70.6,66.6,80,71.2,70.9,55.5,76.6,84,75.4,67,62.6
"Florida International",2025,2,3,106,160,72.6,65.1,48.5,49.2,63.8,76.7,65.4,75.7,64.5,70.6,67.5,84.2
"Florida State",2025,3,3,265,138,91.7,83.3,84.9,67.1,74.1,91,62.5,85.3,92.4,66.9,66,70.9
"Fresno State",2025,5,2,205,166,82,75.7,69.9,77.1,67.6,90.4,59.8,72.8,72.6,64.6,64,72.3
"Georgia",2025,5,1,193,102,91.1,77.4,78.2,76.1,68.6,78.3,65.5,90.2,93.6,91.8,62.4,79.9
"Georgia Southern",2025,2,4,165,225,67.7,70.5,68,69.5,62.9,77.8,62.3,53.7,48,66.9,54.7,71.9
"Georgia State",2025,1,5,108,247,63.6,59.9,67.8,43.7,65.2,70.4,47.9,67.9,66.5,63.2,61.8,72.4
"Georgia Tech",2025,6,0,220,126,85,74.9,81.5,68.7,71.6,81.1,57.1,74.7,76.6,59,66.5,67.9
"Hawaii",2025,5,2,198,167,74.1,61,64.5,50.8,60.2,70.7,54.3,84.4,73.7,63.2,75,89.7
"Houston",2025,5,1,175,105,86.3,64.5,56.5,26,70.3,74.7,61.3,91.8,90.5,74.5,66,92.2
"Illinois",2025,5,2,238,178,91.3,83.6,81.9,64.3,81.8,78.4,69.9,83.2,82.7,78.6,85.2,62.8
"Indiana",2025,6,0,269,68,98.1,92.3,83.7,77,86.1,85.9,79.1,93.6,92.4,90.2,86.4,92.1
"Iowa",2025,4,2,184,78,93,80.8,73.6,78.1,60.8,83,78.2,89.9,80,68.9,87.2,80.9
"Iowa State",2025,5,2,205,133,82.3,77.9,80.1,65.5,72.3,78.1,65.2,71.7,63.3,46.4,58.9,80.4
"Jacksonville State",2025,3,3,177,161,78.5,66.4,58.5,59,54.1,82.6,59.5,82.3,78.1,72.8,77.3,79.8
"James Madison",2025,5,1,163,82,92.1,76.1,53.8,67.1,63.6,87.2,74.9,91.8,91.9,81.3,79.7,90.3
"Kansas",2025,4,3,227,165,91.1,80.6,82.7,48.9,74.4,82.7,72.4,88.4,73.3,58.8,76.8,90.8
"Kansas State",2025,3,4,206,189,82.5,69.4,75.1,74,64.2,65.7,60.1,84.8,80.1,69.8,64.7,85.5
"Kennesaw State",2025,4,2,132,123,73.8,65.4,69.8,63.1,68.9,68.5,48.2,78.1,81.8,64.6,64.2,74
"Kent State",2025,2,4,115,226,61,54.3,64.1,24.7,64.2,60.5,46.4,70.4,67,65.7,72.8,64
"Kentucky",2025,2,3,122,139,80.5,64.8,45.5,70.4,61,77,63,84.8,88.1,65.6,82.2,66
"Liberty",2025,2,4,104,124,77.2,69.8,64.5,58.4,69.3,74.9,61.1,75.8,64.7,63.9,66.8,89.1
"Lafayette",2025,2,4,155,185,68.5,60.9,50.4,60.2,49.1,84.4,60.8,71.6,65.4,59.1,66.8,75.5
"Louisiana Tech",2025,4,2,147,103,77.7,62.6,49.3,60.7,61.7,86,46.9,87.1,87,65.3,65.5,85.1
"UL Monroe",2025,3,3,103,179,84.1,76.2,68.9,79.9,71.3,78.5,64.1,81.1,80,72.6,68.7,77.9
"Louisville",2025,4,1,180,105,92.6,72.5,70.5,57,75.4,83.4,51.7,92.7,88.8,73.2,91.6,90.1
"LSU",2025,5,1,155,71,85.7,69.4,81.7,67,67.9,70.4,50.9,90.3,83.6,61.5,71.4,91.6
"Marshall",2025,3,3,206,179,78.8,67.1,65.1,67.8,67.1,73.5,54.7,82.3,91.1,65.5,68.7,68.3
"Maryland",2025,4,2,181,101,90.1,71.3,80.7,77.4,63.8,78.6,50.1,91.8,90.9,63.6,78.8,90.9
"Massachusetts",2025,0,6,58,221,63.3,56.8,61.8,33.2,56.7,67.8,57.4,69.3,69.1,76.5,77.5,52.3
"Memphis",2025,6,0,243,97,92.3,80.2,71.6,72.1,71.5,84,70.5,90.7,92.3,52.6,68.7,87.6
"Miami (FL)",2025,5,0,175,68,96,84.8,75.5,80.4,79.1,84.2,74.4,93.5,94.1,65.1,91.3,89.4
"Miami (OH)",2025,3,3,138,124,80.9,69.8,65.4,56,66.2,72.5,66.5,79.8,67.2,59.5,77.5,83
"Michigan",2025,4,2,177,112,91.2,75.6,64.5,74.2,66.1,85.6,66.5,91.1,92.7,82.8,75.7,85.4
"Michigan State",2025,3,3,177,191,81.4,72.6,52.7,59.3,71.8,78.4,70,79.3,81.9,65.1,69.4,72.1
"Middle Tennessee",2025,1,5,102,177,67.2,58.4,63.6,36.6,58.7,77,49.4,78.4,83.3,67.3,68.1,67.7
"Minnesota",2025,4,2,164,127,91.7,82.1,80.9,69.6,73.8,84.6,70.6,82.1,71.1,66.1,66.2,90.6
"Ole Miss",2025,6,0,227,115,90.5,78.5,74.9,67,78.1,86.3,55.2,84.2,80.5,66.3,68.3,88
"Mississippi State",2025,4,2,202,119,86.2,71.7,80.6,64.7,63.2,83.6,55.3,87.6,88.8,68.2,63.2,89.8
"Missouri",2025,5,1,250,100,96.1,89.8,80.1,75.9,81.9,91.2,71.2,92.3,93,84.4,87.3,88.3
"Missouri State",2025,3,3,130,178,73.6,68.9,73.6,70.2,70.7,75.3,45,71.9,64,57.2,65.3,86.3
"Navy",2025,6,0,219,129,91.1,84.3,86.3,66.6,83.2,90.5,62.5,79.2,76.7,62.1,80.5,64.1
"Nebraska",2025,5,1,246,112,92.5,81.8,71.8,80.9,79.9,82.2,67,86,82.9,75.5,67.5,87.1
"Nevada",2025,1,5,87,172,73.1,60.3,51.3,63.4,52.7,67.8,65.9,82.1,74.2,67.6,87.8,72.1
"New Mexico",2025,3,3,175,162,86.7,71.7,86.4,61.3,65.5,73.7,57.4,90.3,88.1,87.7,82.9,81.6
"New Mexico State",2025,3,2,111,114,71.1,61.7,64.5,38.1,70,60.4,54.4,73.2,75.4,68,69.2,65.4
"North Carolina",2025,2,3,94,129,78,62.4,55.2,69.8,61,68.6,57.2,83.5,86.8,74.1,73.9,73.5
"NC State",2025,4,3,210,186,88.9,77.8,73.1,76.5,76.1,78.7,61.2,90.2,87.1,69.6,77.3,85
"North Texas",2025,5,1,260,163,92.8,82.8,86,75.6,71.6,87.3,67.7,91.2,85.3,92.1,68.8,92.2
"Northern Illinois",2025,1,5,65,122,68.3,55.5,37,58,55.1,74,53.1,80.6,81.7,88.4,64,74.9
"Northwestern",2025,4,2,140,106,84.3,78.3,62.6,73.6,66.4,83.9,73.1,71.2,69.3,50.2,71.8,65.9
"Notre Dame",2025,4,2,240,125,92.3,85.1,85.3,64.7,86.5,87,59.5,87.1,88.4,77.6,71.1,80.9
"Ohio",2025,3,3,158,156,73.9,70.4,60.2,62.1,73.8,77.8,57.2,71.2,72,51.5,69.2,65.7
"Ohio State",2025,6,0,221,41,96,91.3,92.1,72.3,86.6,78.4,74.5,92.2,92.1,81.7,78.7,91.1
"Oklahoma",2025,5,1,175,59,91.5,73.3,72.3,74.8,70.7,80.5,54.6,91.6,90.7,66.1,84,90
"Oklahoma State",2025,1,5,99,220,67.5,56.3,47.5,70.5,52.6,73.6,51.8,76.4,84.2,58,71.9,57.5
"Old Dominion",2025,4,2,205,121,90,76.7,76.3,69.9,77.3,85.9,50.4,90.5,80,57.8,69.5,92.2
"Oregon",2025,5,1,253,91,92.9,81.6,79.8,85.3,70.4,87.8,65.8,90.4,83.7,84.3,72.1,90.5
"Oregon State",2025,0,7,124,249,66.1,62.8,65.8,55.4,64.6,67.3,53.4,71,72.7,57.2,63,62.3
"Penn State",2025,3,3,214,111,91.7,75.7,67.1,79,64.3,82,69.8,91.1,87.2,84.2,82,90.3
"Pittsburgh",2025,4,2,239,129,90.5,70.1,55.9,64.8,71.8,74.9,64.4,91.9,92.3,83.1,84.1,83.2
"Purdue",2025,2,4,159,176,77.2,71,76.1,58.4,66.2,79.5,55.6,69.9,68.4,63.1,63,74.5
"Rice",2025,3,4,136,190,78,69.3,72.2,47.8,67.8,73.6,58.2,80,76.1,81.2,78.1,73
"Rutgers",2025,3,3,214,165,88.8,89.5,85,67.8,81.2,82.6,82.5,60.5,65.1,68.4,64.9,53
"Sam Houston State",2025,0,6,102,237,68.5,57.1,57.2,59.5,55.6,61.5,57,79.4,89.5,52.5,67.3,58.7
"San Diego State",2025,5,1,184,73,94,79.7,76.1,65.4,73.3,84.1,66.2,92.8,91.9,83.1,70.8,93.6
"San Jose State",2025,2,4,144,175,73.7,66.3,74.1,55.3,66.5,77.8,44.3,76.2,86.6,63.7,69.3,53.9
"SMU",2025,4,2,204,134,91.1,78.9,77.8,90.3,74.5,69.8,67.6,91,91.9,81.3,73.4,86.1
"South Alabama",2025,1,5,150,190,69.6,65.6,52.3,57.1,66.1,85.6,51.8,68.9,61.1,40.4,60.9,81.7
"South Carolina",2025,3,3,134,114,78.9,65,76.1,56.9,63.8,73.5,50.1,82.7,88,71.6,74.3,68.1
"Southern Miss",2025,4,2,193,166,90.4,72.8,71.7,76.1,71.2,75.8,56.7,92.2,90.5,72.2,84.6,90.6
"Stanford",2025,2,4,113,181,72,69.2,63,55.9,69.7,78.7,59.1,63.9,66.5,57.9,65.4,61.3
"Syracuse",2025,3,3,174,179,78.2,72.5,72.6,57.6,72.3,71.1,61.5,72.5,62.9,74,66.3,76.8
"TCU",2025,4,2,212,148,90.1,76.1,74.7,66.4,75.5,78.6,62.1,90,92.4,84.6,60.6,84.9
"Temple",2025,3,3,182,157,90.5,81.1,76.8,71.3,71,77.7,75,80.9,69.1,56.5,77.2,86.2
"Tennessee",2025,5,1,289,176,92.5,83.9,90.5,80.1,76.3,91.2,57,90.7,79.9,75.4,85.2,88.5
"Texas",2025,4,2,171,66,92.9,76.4,77.8,67.3,76.3,78.7,63.1,93.2,92.9,82.4,82.4,91.9
"Texas A&M",2025,6,0,208,122,91.8,77.1,72.2,80.7,77.3,75.4,61.2,90.8,88.6,54.4,82.2,88.3
"Texas State",2025,3,3,216,179,90.9,83.4,75,81.2,68.3,84.7,77.1,80.4,77.8,50.1,82.6,66.7
"Texas Tech",2025,6,0,285,73,97.5,87.7,87.5,78.1,82.3,90.3,66.5,96.3,96.3,89.9,92.2,92.9
"Toledo",2025,3,3,202,90,92.5,77,83.1,51.2,71.2,79.8,67,92.1,92.1,79.3,73.8,90.6
"Troy",2025,4,2,161,157,73.2,68.5,68.2,64.2,67.6,69.7,60.1,70.3,73.9,58.1,65,63.5
"Tulane",2025,5,1,157,139,82,69.6,77.1,64.3,67.6,78.7,51.9,82.9,67.6,69,80.6,87.5
"Tulsa",2025,2,4,112,158,80.3,59.7,49.4,53.8,62.2,76.8,48.7,92.5,91.9,75.8,81.6,89.5
"UAB",2025,2,4,177,248,76.7,73.7,67.5,76.6,69,81.5,65.5,69.6,80.3,59,61.2,51.6
"UCF",2025,3,3,170,107,83.1,65.9,53.1,77.3,60.6,82.5,58.4,88.5,83.8,75.1,76.6,89.7
"UCLA",2025,2,4,137,175,76.3,70.7,72,57.2,66.9,85.2,58.9,69.8,76.2,74,62.2,56.9
"UNLV",2025,6,0,229,178,88.5,80.5,80.9,56.3,71.7,90.4,64.2,81.6,69.4,59.7,75.1,89.4
"USC",2025,5,1,273,128,93,88.3,86.7,68.8,90.6,86.7,61.8,85.3,79.6,90.2,73.9,90.1
"USF",2025,5,1,244,148,81.1,72.8,77.1,68.4,64.8,82.2,57.1,76.7,70.1,48.5,74.7,76.5
"Utah",2025,5,1,237,83,91.7,82.7,76.9,82.6,74.1,86.5,65.9,85.5,82.9,64.1,81.1,70.8
"Utah State",2025,3,3,208,196,77.8,68.9,73.4,52.8,68.2,73.6,56.2,79.5,79,63.6,68.7,72.7
"UTEP",2025,1,5,112,152,68.3,57.6,50.6,56.7,56.7,70.7,54.1,78.8,77.9,87.3,75.3,66.5
"UTSA",2025,3,3,207,161,76.6,70.1,72.4,45.9,67.5,82.1,57.3,78.1,75.3,52.3,71.9,76
"Vanderbilt",2025,5,1,259,116,92.3,81,83.3,52.7,80.4,85.2,62.7,89.4,86.8,70.4,79.3,85.2
"Virginia",2025,5,1,258,143,92.1,81.8,79.9,63.6,76.3,87.1,67.8,87.9,83.3,70.8,77.4,82.9
"Virginia Tech",2025,2,5,161,205,76.5,64,68.7,48,62.9,82.4,48.7,82.8,87,68.4,80.3,62.2
"Wake Forest",2025,4,2,174,120,82.1,65.9,68.1,72.9,65.1,75.1,50.1,90.6,83.5,67.6,81.1,89.9
"Washington",2025,5,1,235,118,92,88.1,84.4,69.8,80.2,88.8,74.1,76.7,76.4,76.9,72,72.4
"Washington State",2025,3,3,124,168,75.5,67.9,71.8,57.5,69.7,65.7,55.4,73,71.7,35.5,76.1,58.8
"West Virginia",2025,2,4,134,171,68.1,58.8,47.6,65,61.5,71.6,48.5,73.9,81.3,55.1,69.1,55.2
"Western Kentucky",2025,5,1,202,137,82.7,74,78.7,64.2,72.5,80.7,52.8,75.9,65.1,52.7,74.8,78.7
"Western Michigan",2025,4,3,160,124,75.2,67.5,61.7,60.8,66.3,77.1,55.7,77.2,65.7,63.6,82.9,72
"Wisconsin",2025,2,4,93,136,78.8,64.7,45.8,59.4,74.3,75.1,51.6,82.7,85.9,63.6,77.4,68.9
"Wyoming",2025,3,3,119,134,74.8,61,54.7,61.7,57.8,75,56.1,85.5,87,63.6,59.6,88.7
