"source_name","team","season","games","wins","srs","hire_date","data_source","counts_available","canonical_name","coach_id"
"Al Golden","Miami",2014,13,6,9.1,2010-12-12,"cfbd_coaches",TRUE,"Al Golden","coach_al_golden"
"Al Golden","Miami",2015,7,4,5.1,2010-12-12,"cfbd_coaches",TRUE,"Al Golden","coach_al_golden"
"Alex Golesh","South Florida",2023,13,7,-10.5,2022-12-04,"cfbd_coaches",TRUE,"Alex Golesh","coach_alex_golesh"
"Alex Golesh","South Florida",2024,13,7,-4.5,2022-12-04,"cfbd_coaches",TRUE,"Alex Golesh","coach_alex_golesh"
"Alex Golesh","South Florida",2025,0,0,12.6,2022-12-04,"cfbd_coaches",FALSE,"Alex Golesh","coach_alex_golesh"
"Alex Miller","Massachusetts",2021,3,0,-19.7,2021-11-07,"cfbd_coaches",TRUE,"Alex Miller","coach_alex_miller"
"Alex Wood","Buffalo",2014,4,2,-13.6,2014-10-13,"cfbd_coaches",TRUE,"Alex Wood","coach_alex_wood"
"Andy Avalos","Boise State",2021,12,7,12.4,2021-01-08,"cfbd_coaches",TRUE,"Andy Avalos","coach_andy_avalos"
"Andy Avalos","Boise State",2022,14,10,1,2021-01-08,"cfbd_coaches",TRUE,"Andy Avalos","coach_andy_avalos"
"Andy Avalos","Boise State",2023,10,5,6.4,2021-01-08,"cfbd_coaches",TRUE,"Andy Avalos","coach_andy_avalos"
"Art Briles","Baylor",2014,13,11,21.1,2007-11-28,"cfbd_coaches",TRUE,"Art Briles","coach_art_briles"
"Art Briles","Baylor",2015,13,10,17.8,2007-11-28,"cfbd_coaches",TRUE,"Art Briles","coach_art_briles"
"Barry Alvarez","Wisconsin",2014,1,1,15.3,,"cfbd_coaches",TRUE,"Barry Alvarez","coach_barry_alvarez"
"Barry Lunney Jr.","Arkansas",2019,2,0,-7.6,2019-11-11,"cfbd_coaches",TRUE,"Barry Lunney Jr.","coach_barry_lunney_jr"
"Barry Odom","Missouri",2016,12,4,-3.6,2015-12-03,"cfbd_coaches",TRUE,"Barry Odom","coach_barry_odom"
"Barry Odom","Missouri",2017,13,7,5.3,2015-12-03,"cfbd_coaches",TRUE,"Barry Odom","coach_barry_odom"
"Barry Odom","Missouri",2018,13,8,18.9,2015-12-03,"cfbd_coaches",TRUE,"Barry Odom","coach_barry_odom"
"Barry Odom","Missouri",2019,12,6,4.4,2015-12-03,"cfbd_coaches",TRUE,"Barry Odom","coach_barry_odom"
"Barry Odom","Purdue",2025,0,0,-1.6,2015-12-03,"cfbd_coaches",FALSE,"Barry Odom","coach_barry_odom"
"Barry Odom","UNLV",2023,14,9,0.9,2015-12-03,"cfbd_coaches",TRUE,"Barry Odom","coach_barry_odom"
"Barry Odom","UNLV",2024,14,11,7.2,2015-12-03,"cfbd_coaches",TRUE,"Barry Odom","coach_barry_odom"
"Biff Poggi","Charlotte",2023,12,3,-17.4,2022-11-15,"cfbd_coaches",TRUE,"Biff Poggi","coach_biff_poggi"
"Biff Poggi","Charlotte",2024,10,3,-12.4,2022-11-15,"cfbd_coaches",TRUE,"Biff Poggi","coach_biff_poggi"
"Bill Belichick","North Carolina",2025,0,0,-6.7,,"cfbd_coaches",FALSE,"Bill Belichick","coach_bill_belichick"
"Bill Blankenship","Tulsa",2014,12,2,-18.3,2011-01-14,"cfbd_coaches",TRUE,"Bill Blankenship","coach_bill_blankenship"
"Bill Clark","UAB",2014,12,6,0.5,2014-01-22,"cfbd_coaches",TRUE,"Bill Clark","coach_bill_clark"
"Bill Clark","UAB",2017,13,8,-13.6,2014-01-22,"cfbd_coaches",TRUE,"Bill Clark","coach_bill_clark"
"Bill Clark","UAB",2018,14,11,0.6,2014-01-22,"cfbd_coaches",TRUE,"Bill Clark","coach_bill_clark"
"Bill Clark","UAB",2019,14,9,-7.9,2014-01-22,"cfbd_coaches",TRUE,"Bill Clark","coach_bill_clark"
"Bill Clark","UAB",2020,9,6,4.1,2014-01-22,"cfbd_coaches",TRUE,"Bill Clark","coach_bill_clark"
"Bill Clark","UAB",2021,13,9,1,2014-01-22,"cfbd_coaches",TRUE,"Bill Clark","coach_bill_clark"
"Bill Cubit","Illinois",2015,12,5,-1.5,2015-08-28,"cfbd_coaches",TRUE,"Bill Cubit","coach_bill_cubit"
"Bill O'Brien","Boston College",2024,13,7,6.1,2024-02-09,"cfbd_coaches",TRUE,"Bill O'Brien","coach_bill_o_brien"
"Bill O'Brien","Boston College",2025,0,0,-5.4,2024-02-09,"cfbd_coaches",FALSE,"Bill O'Brien","coach_bill_o_brien"
"Bill Snyder","Kansas State",2014,13,9,18.5,,"cfbd_coaches",TRUE,"Bill Snyder","coach_bill_snyder"
"Bill Snyder","Kansas State",2015,13,6,2.1,,"cfbd_coaches",TRUE,"Bill Snyder","coach_bill_snyder"
"Bill Snyder","Kansas State",2016,13,9,9.7,,"cfbd_coaches",TRUE,"Bill Snyder","coach_bill_snyder"
"Bill Snyder","Kansas State",2017,13,8,7.3,,"cfbd_coaches",TRUE,"Bill Snyder","coach_bill_snyder"
"Bill Snyder","Kansas State",2018,12,5,3.9,,"cfbd_coaches",TRUE,"Bill Snyder","coach_bill_snyder"
"Billy Napier","Florida",2022,13,6,6.4,2017-12-15,"cfbd_coaches",TRUE,"Billy Napier","coach_billy_napier"
"Billy Napier","Florida",2023,12,5,3,2017-12-15,"cfbd_coaches",TRUE,"Billy Napier","coach_billy_napier"
"Billy Napier","Florida",2024,13,8,11.7,2017-12-15,"cfbd_coaches",TRUE,"Billy Napier","coach_billy_napier"
"Billy Napier","Florida",2025,0,0,5.4,2017-12-15,"cfbd_coaches",FALSE,"Billy Napier","coach_billy_napier"
"Billy Napier","Louisiana",2018,14,7,-7.4,2017-12-15,"cfbd_coaches",TRUE,"Billy Napier","coach_billy_napier"
"Billy Napier","Louisiana",2019,14,11,7.7,2017-12-15,"cfbd_coaches",TRUE,"Billy Napier","coach_billy_napier"
"Billy Napier","Louisiana",2020,11,10,9,2017-12-15,"cfbd_coaches",TRUE,"Billy Napier","coach_billy_napier"
"Billy Napier","Louisiana",2021,13,12,5.7,2017-12-15,"cfbd_coaches",TRUE,"Billy Napier","coach_billy_napier"
"Blake Anderson","Arkansas State",2014,13,7,-4.9,2013-12-19,"cfbd_coaches",TRUE,"Blake Anderson","coach_blake_anderson"
"Blake Anderson","Arkansas State",2015,13,9,-3.2,2013-12-19,"cfbd_coaches",TRUE,"Blake Anderson","coach_blake_anderson"
"Blake Anderson","Arkansas State",2016,13,8,-1.2,2013-12-19,"cfbd_coaches",TRUE,"Blake Anderson","coach_blake_anderson"
"Blake Anderson","Arkansas State",2017,12,7,-2.9,2013-12-19,"cfbd_coaches",TRUE,"Blake Anderson","coach_blake_anderson"
"Blake Anderson","Arkansas State",2018,13,8,-2.8,2013-12-19,"cfbd_coaches",TRUE,"Blake Anderson","coach_blake_anderson"
"Blake Anderson","Arkansas State",2019,13,8,-5.6,2013-12-19,"cfbd_coaches",TRUE,"Blake Anderson","coach_blake_anderson"
"Blake Anderson","Arkansas State",2020,11,4,-7.3,2013-12-19,"cfbd_coaches",TRUE,"Blake Anderson","coach_blake_anderson"
"Blake Anderson","Utah State",2021,14,11,0.4,2013-12-19,"cfbd_coaches",TRUE,"Blake Anderson","coach_blake_anderson"
"Blake Anderson","Utah State",2022,13,6,-12.1,2013-12-19,"cfbd_coaches",TRUE,"Blake Anderson","coach_blake_anderson"
"Blake Anderson","Utah State",2023,13,6,-4.6,2013-12-19,"cfbd_coaches",TRUE,"Blake Anderson","coach_blake_anderson"
"Blake Anderson","Utah State",2024,0,0,-11.7,2013-12-19,"cfbd_coaches",TRUE,"Blake Anderson","coach_blake_anderson"
"Blake Harrell","East Carolina",2024,6,5,-5.3,,"cfbd_coaches",TRUE,"Blake Harrell","coach_blake_harrell"
"Blake Harrell","East Carolina",2025,0,0,5.7,,"cfbd_coaches",FALSE,"Blake Harrell","coach_blake_harrell"
"Bo Pelini","Nebraska",2014,12,9,13.7,2007-12-02,"cfbd_coaches",TRUE,"Bo Pelini","coach_bo_pelini"
"Bob Chesney","James Madison",2024,13,9,1.3,2023-12-07,"cfbd_coaches",TRUE,"Bob Chesney","coach_bob_chesney"
"Bob Chesney","James Madison",2025,0,0,9.9,2023-12-07,"cfbd_coaches",FALSE,"Bob Chesney","coach_bob_chesney"
"Bob Davie","New Mexico",2014,12,4,-13.4,2011-11-16,"cfbd_coaches",TRUE,"Bob Davie","coach_bob_davie"
"Bob Davie","New Mexico",2015,13,7,-10.5,2011-11-16,"cfbd_coaches",TRUE,"Bob Davie","coach_bob_davie"
"Bob Davie","New Mexico",2016,13,9,-5.3,2011-11-16,"cfbd_coaches",TRUE,"Bob Davie","coach_bob_davie"
"Bob Davie","New Mexico",2017,12,3,-16.2,2011-11-16,"cfbd_coaches",TRUE,"Bob Davie","coach_bob_davie"
"Bob Davie","New Mexico",2018,12,3,-15.4,2011-11-16,"cfbd_coaches",TRUE,"Bob Davie","coach_bob_davie"
"Bob Davie","New Mexico",2019,12,2,-17.6,2011-11-16,"cfbd_coaches",TRUE,"Bob Davie","coach_bob_davie"
"Bob Diaco","Connecticut",2014,12,2,-20.4,2013-12-12,"cfbd_coaches",TRUE,"Bob Diaco","coach_bob_diaco"
"Bob Diaco","Connecticut",2015,13,6,-2.5,2013-12-12,"cfbd_coaches",TRUE,"Bob Diaco","coach_bob_diaco"
"Bob Diaco","Connecticut",2016,12,3,-17.5,2013-12-12,"cfbd_coaches",TRUE,"Bob Diaco","coach_bob_diaco"
"Bob Gregory","Washington",2021,3,0,2.3,2021-11-14,"cfbd_coaches",TRUE,"Bob Gregory","coach_bob_gregory"
"Bob Stoops","Oklahoma",2014,13,8,15.4,,"cfbd_coaches",TRUE,"Bob Stoops","coach_bob_stoops"
"Bob Stoops","Oklahoma",2015,13,11,23.1,,"cfbd_coaches",TRUE,"Bob Stoops","coach_bob_stoops"
"Bob Stoops","Oklahoma",2016,13,11,17.2,,"cfbd_coaches",TRUE,"Bob Stoops","coach_bob_stoops"
"Bob Stoops","Oklahoma",2021,1,1,9.5,,"cfbd_coaches",TRUE,"Bob Stoops","coach_bob_stoops"
"Bobby Hauck","UNLV",2014,13,2,-21.1,2009-12-22,"cfbd_coaches",TRUE,"Bobby Hauck","coach_bobby_hauck"
"Bobby Petrino","Louisville",2014,13,9,11.6,2014-01-09,"cfbd_coaches",TRUE,"Bobby Petrino","coach_bobby_petrino"
"Bobby Petrino","Louisville",2015,13,8,8.3,2014-01-09,"cfbd_coaches",TRUE,"Bobby Petrino","coach_bobby_petrino"
"Bobby Petrino","Louisville",2016,13,9,17.3,2014-01-09,"cfbd_coaches",TRUE,"Bobby Petrino","coach_bobby_petrino"
"Bobby Petrino","Louisville",2017,13,8,13.3,2014-01-09,"cfbd_coaches",TRUE,"Bobby Petrino","coach_bobby_petrino"
"Bobby Petrino","Western Kentucky",2018,10,2,-15.2,2014-01-09,"cfbd_coaches",TRUE,"Bobby Petrino","coach_bobby_petrino"
"Bobby Wilder","Old Dominion",2014,12,6,-9.9,2007-02-13,"cfbd_coaches",TRUE,"Bobby Wilder","coach_bobby_wilder"
"Bobby Wilder","Old Dominion",2015,12,5,-21.6,2007-02-13,"cfbd_coaches",TRUE,"Bobby Wilder","coach_bobby_wilder"
"Bobby Wilder","Old Dominion",2016,13,10,-4.2,2007-02-13,"cfbd_coaches",TRUE,"Bobby Wilder","coach_bobby_wilder"
"Bobby Wilder","Old Dominion",2017,12,5,-20.6,2007-02-13,"cfbd_coaches",TRUE,"Bobby Wilder","coach_bobby_wilder"
"Bobby Wilder","Old Dominion",2018,12,4,-18.9,2007-02-13,"cfbd_coaches",TRUE,"Bobby Wilder","coach_bobby_wilder"
"Bobby Wilder","Old Dominion",2019,12,1,-19.8,2007-02-13,"cfbd_coaches",TRUE,"Bobby Wilder","coach_bobby_wilder"
"Brad Cornelsen","Sam Houston",2024,1,1,-6.2,,"cfbd_coaches",TRUE,"Brad Cornelsen","coach_brad_cornelsen"
"Brad Davis","LSU",2021,1,0,5.4,2021-11-28,"cfbd_coaches",TRUE,"Brad Davis","coach_brad_davis"
"Brad Lambert","Charlotte",2015,12,2,-27.9,2011-03-01,"cfbd_coaches",TRUE,"Brad Lambert","coach_brad_lambert"
"Brad Lambert","Charlotte",2016,12,4,-19.6,2011-03-01,"cfbd_coaches",TRUE,"Brad Lambert","coach_brad_lambert"
"Brad Lambert","Charlotte",2017,12,1,-25.4,2011-03-01,"cfbd_coaches",TRUE,"Brad Lambert","coach_brad_lambert"
"Brad Lambert","Charlotte",2018,12,5,-12.2,2011-03-01,"cfbd_coaches",TRUE,"Brad Lambert","coach_brad_lambert"
"Brady Hoke","Michigan",2014,12,5,1.6,2011-01-11,"cfbd_coaches",TRUE,"Brady Hoke","coach_brady_hoke"
"Brady Hoke","San Diego State",2020,8,4,2.8,2011-01-11,"cfbd_coaches",TRUE,"Brady Hoke","coach_brady_hoke"
"Brady Hoke","San Diego State",2021,14,12,5.2,2011-01-11,"cfbd_coaches",TRUE,"Brady Hoke","coach_brady_hoke"
"Brady Hoke","San Diego State",2022,13,7,-6.9,2011-01-11,"cfbd_coaches",TRUE,"Brady Hoke","coach_brady_hoke"
"Brady Hoke","San Diego State",2023,12,4,-9.8,2011-01-11,"cfbd_coaches",TRUE,"Brady Hoke","coach_brady_hoke"
"Brady Hoke","Tennessee",2017,2,0,-7.3,2011-01-11,"cfbd_coaches",TRUE,"Brady Hoke","coach_brady_hoke"
"Brandon Hall","Troy",2021,1,0,-10.4,2021-11-21,"cfbd_coaches",TRUE,"Brandon Hall","coach_brandon_hall"
"Brent Brennan","Arizona",2024,12,4,-3.9,2016-12-07,"cfbd_coaches",TRUE,"Brent Brennan","coach_brent_brennan"
"Brent Brennan","Arizona",2025,0,0,12.2,2016-12-07,"cfbd_coaches",FALSE,"Brent Brennan","coach_brent_brennan"
"Brent Brennan","San José State",2017,13,2,-26.7,2016-12-07,"cfbd_coaches",TRUE,"Brent Brennan","coach_brent_brennan"
"Brent Brennan","San José State",2018,12,1,-14.1,2016-12-07,"cfbd_coaches",TRUE,"Brent Brennan","coach_brent_brennan"
"Brent Brennan","San José State",2019,12,5,-7.5,2016-12-07,"cfbd_coaches",TRUE,"Brent Brennan","coach_brent_brennan"
"Brent Brennan","San José State",2020,8,7,8.6,2016-12-07,"cfbd_coaches",TRUE,"Brent Brennan","coach_brent_brennan"
"Brent Brennan","San José State",2021,12,5,-9.9,2016-12-07,"cfbd_coaches",TRUE,"Brent Brennan","coach_brent_brennan"
"Brent Brennan","San José State",2022,12,7,-6.5,2016-12-07,"cfbd_coaches",TRUE,"Brent Brennan","coach_brent_brennan"
"Brent Brennan","San José State",2023,13,7,2.8,2016-12-07,"cfbd_coaches",TRUE,"Brent Brennan","coach_brent_brennan"
"Brent Key","Georgia Tech",2022,8,4,-6,2022-11-29,"cfbd_coaches",TRUE,"Brent Key","coach_brent_key"
"Brent Key","Georgia Tech",2023,13,7,2.1,2022-11-29,"cfbd_coaches",TRUE,"Brent Key","coach_brent_key"
"Brent Key","Georgia Tech",2024,13,7,5.5,2022-11-29,"cfbd_coaches",TRUE,"Brent Key","coach_brent_key"
"Brent Key","Georgia Tech",2025,0,0,7.8,2022-11-29,"cfbd_coaches",FALSE,"Brent Key","coach_brent_key"
"Brent Pry","Virginia Tech",2022,11,3,-8.7,2021-11-30,"cfbd_coaches",TRUE,"Brent Pry","coach_brent_pry"
"Brent Pry","Virginia Tech",2023,13,7,3.9,2021-11-30,"cfbd_coaches",TRUE,"Brent Pry","coach_brent_pry"
"Brent Pry","Virginia Tech",2024,13,6,10.4,2021-11-30,"cfbd_coaches",TRUE,"Brent Pry","coach_brent_pry"
"Brent Pry","Virginia Tech",2025,0,0,-4.1,2021-11-30,"cfbd_coaches",FALSE,"Brent Pry","coach_brent_pry"
"Brent Venables","Oklahoma",2022,13,6,10.2,2021-12-05,"cfbd_coaches",TRUE,"Brent Venables","coach_brent_venables"
"Brent Venables","Oklahoma",2023,13,10,19.1,2021-12-05,"cfbd_coaches",TRUE,"Brent Venables","coach_brent_venables"
"Brent Venables","Oklahoma",2024,13,6,7,2021-12-05,"cfbd_coaches",TRUE,"Brent Venables","coach_brent_venables"
"Brent Venables","Oklahoma",2025,0,0,12.7,2021-12-05,"cfbd_coaches",FALSE,"Brent Venables","coach_brent_venables"
"Bret Bielema","Arkansas",2014,13,7,20.4,2012-12-04,"cfbd_coaches",TRUE,"Bret Bielema","coach_bret_bielema"
"Bret Bielema","Arkansas",2015,13,8,15.1,2012-12-04,"cfbd_coaches",TRUE,"Bret Bielema","coach_bret_bielema"
"Bret Bielema","Arkansas",2016,13,7,4.2,2012-12-04,"cfbd_coaches",TRUE,"Bret Bielema","coach_bret_bielema"
"Bret Bielema","Arkansas",2017,12,4,-4.7,2012-12-04,"cfbd_coaches",TRUE,"Bret Bielema","coach_bret_bielema"
"Bret Bielema","Illinois",2021,12,5,-0.9,2012-12-04,"cfbd_coaches",TRUE,"Bret Bielema","coach_bret_bielema"
"Bret Bielema","Illinois",2022,13,8,11.7,2012-12-04,"cfbd_coaches",TRUE,"Bret Bielema","coach_bret_bielema"
"Bret Bielema","Illinois",2023,12,5,-2.3,2012-12-04,"cfbd_coaches",TRUE,"Bret Bielema","coach_bret_bielema"
"Bret Bielema","Illinois",2024,13,10,8.8,2012-12-04,"cfbd_coaches",TRUE,"Bret Bielema","coach_bret_bielema"
"Bret Bielema","Illinois",2025,0,0,12.3,2012-12-04,"cfbd_coaches",FALSE,"Bret Bielema","coach_bret_bielema"
"Brian Bohannon","Kennesaw State",2024,9,1,-23.3,,"cfbd_coaches",TRUE,"Brian Bohannon","coach_brian_bohannon"
"Brian Brohm","Purdue",2022,1,0,5.1,2022-12-08,"cfbd_coaches",TRUE,"Brian Brohm","coach_brian_brohm"
"Brian Kelly","LSU",2022,14,10,14.8,2009-12-11,"cfbd_coaches",TRUE,"Brian Kelly","coach_brian_kelly"
"Brian Kelly","LSU",2023,13,10,17.1,2009-12-11,"cfbd_coaches",TRUE,"Brian Kelly","coach_brian_kelly"
"Brian Kelly","LSU",2024,13,9,12.9,2009-12-11,"cfbd_coaches",TRUE,"Brian Kelly","coach_brian_kelly"
"Brian Kelly","LSU",2025,0,0,8.2,2009-12-11,"cfbd_coaches",FALSE,"Brian Kelly","coach_brian_kelly"
"Brian Kelly","Notre Dame",2014,13,8,8.4,2009-12-11,"cfbd_coaches",TRUE,"Brian Kelly","coach_brian_kelly"
"Brian Kelly","Notre Dame",2015,13,10,17.5,2009-12-11,"cfbd_coaches",TRUE,"Brian Kelly","coach_brian_kelly"
"Brian Kelly","Notre Dame",2016,12,4,6.4,2009-12-11,"cfbd_coaches",TRUE,"Brian Kelly","coach_brian_kelly"
"Brian Kelly","Notre Dame",2017,13,10,22,2009-12-11,"cfbd_coaches",TRUE,"Brian Kelly","coach_brian_kelly"
"Brian Kelly","Notre Dame",2018,13,12,17.7,2009-12-11,"cfbd_coaches",TRUE,"Brian Kelly","coach_brian_kelly"
"Brian Kelly","Notre Dame",2019,13,11,18.8,2009-12-11,"cfbd_coaches",TRUE,"Brian Kelly","coach_brian_kelly"
"Brian Kelly","Notre Dame",2020,12,10,,2009-12-11,"cfbd_coaches",TRUE,"Brian Kelly","coach_brian_kelly"
"Brian Kelly","Notre Dame",2021,12,11,16.4,2009-12-11,"cfbd_coaches",TRUE,"Brian Kelly","coach_brian_kelly"
"Brian Newberry","Navy",2023,12,5,-11.4,2022-12-19,"cfbd_coaches",TRUE,"Brian Newberry","coach_brian_newberry"
"Brian Newberry","Navy",2024,13,10,5.7,2022-12-19,"cfbd_coaches",TRUE,"Brian Newberry","coach_brian_newberry"
"Brian Newberry","Navy",2025,0,0,2.1,2022-12-19,"cfbd_coaches",FALSE,"Brian Newberry","coach_brian_newberry"
"Brian Polian","Nevada",2014,13,7,-2.1,2013-01-11,"cfbd_coaches",TRUE,"Brian Polian","coach_brian_polian"
"Brian Polian","Nevada",2015,13,7,-9.4,2013-01-11,"cfbd_coaches",TRUE,"Brian Polian","coach_brian_polian"
"Brian Polian","Nevada",2016,12,5,-13.7,2013-01-11,"cfbd_coaches",TRUE,"Brian Polian","coach_brian_polian"
"Brian Smith","Ohio",2025,0,0,-3.5,,"cfbd_coaches",FALSE,"Brian Smith","coach_brian_smith"
"Bronco Mendenhall","BYU",2014,13,8,3.4,2004-12-13,"cfbd_coaches",TRUE,"Bronco Mendenhall","coach_bronco_mendenhall"
"Bronco Mendenhall","BYU",2015,13,9,8.4,2004-12-13,"cfbd_coaches",TRUE,"Bronco Mendenhall","coach_bronco_mendenhall"
"Bronco Mendenhall","New Mexico",2024,12,5,-12.4,2004-12-13,"cfbd_coaches",TRUE,"Bronco Mendenhall","coach_bronco_mendenhall"
"Bronco Mendenhall","Utah State",2025,0,0,-1.9,2004-12-13,"cfbd_coaches",FALSE,"Bronco Mendenhall","coach_bronco_mendenhall"
"Bronco Mendenhall","Virginia",2016,12,2,-5.4,2004-12-13,"cfbd_coaches",TRUE,"Bronco Mendenhall","coach_bronco_mendenhall"
"Bronco Mendenhall","Virginia",2017,13,6,-0.8,2004-12-13,"cfbd_coaches",TRUE,"Bronco Mendenhall","coach_bronco_mendenhall"
"Bronco Mendenhall","Virginia",2018,13,8,7.6,2004-12-13,"cfbd_coaches",TRUE,"Bronco Mendenhall","coach_bronco_mendenhall"
"Bronco Mendenhall","Virginia",2019,14,9,6.3,2004-12-13,"cfbd_coaches",TRUE,"Bronco Mendenhall","coach_bronco_mendenhall"
"Bronco Mendenhall","Virginia",2020,10,5,,2004-12-13,"cfbd_coaches",TRUE,"Bronco Mendenhall","coach_bronco_mendenhall"
"Bronco Mendenhall","Virginia",2021,12,6,2.1,2004-12-13,"cfbd_coaches",TRUE,"Bronco Mendenhall","coach_bronco_mendenhall"
"Bryan Harsin","Auburn",2021,13,6,7.1,2013-12-11,"cfbd_coaches",TRUE,"Bryan Harsin","coach_bryan_harsin"
"Bryan Harsin","Auburn",2022,8,3,3.1,2013-12-11,"cfbd_coaches",TRUE,"Bryan Harsin","coach_bryan_harsin"
"Bryan Harsin","Boise State",2014,14,12,10,2013-12-11,"cfbd_coaches",TRUE,"Bryan Harsin","coach_bryan_harsin"
"Bryan Harsin","Boise State",2015,13,9,8.1,2013-12-11,"cfbd_coaches",TRUE,"Bryan Harsin","coach_bryan_harsin"
"Bryan Harsin","Boise State",2016,13,10,6.9,2013-12-11,"cfbd_coaches",TRUE,"Bryan Harsin","coach_bryan_harsin"
"Bryan Harsin","Boise State",2017,14,11,7.7,2013-12-11,"cfbd_coaches",TRUE,"Bryan Harsin","coach_bryan_harsin"
"Bryan Harsin","Boise State",2018,13,10,9.3,2013-12-11,"cfbd_coaches",TRUE,"Bryan Harsin","coach_bryan_harsin"
"Bryan Harsin","Boise State",2019,14,12,8.9,2013-12-11,"cfbd_coaches",TRUE,"Bryan Harsin","coach_bryan_harsin"
"Bryan Harsin","Boise State",2020,7,5,7.7,2013-12-11,"cfbd_coaches",TRUE,"Bryan Harsin","coach_bryan_harsin"
"Bryan McClendon","Oregon",2021,1,0,9.9,2021-12-06,"cfbd_coaches",TRUE,"Bryan McClendon","coach_bryan_mcclendon"
"Bryant Vincent","UAB",2022,13,7,-1.1,2014-01-22,"cfbd_coaches",TRUE,"Bryant Vincent","coach_bryant_vincent"
"Bryant Vincent","UL Monroe",2024,12,5,-9.8,2014-01-22,"cfbd_coaches",TRUE,"Bryant Vincent","coach_bryant_vincent"
"Bryant Vincent","UL Monroe",2025,0,0,-20,2014-01-22,"cfbd_coaches",FALSE,"Bryant Vincent","coach_bryant_vincent"
"Butch Davis","Florida International",2017,13,8,-10.9,2016-11-15,"cfbd_coaches",TRUE,"Butch Davis","coach_butch_davis"
"Butch Davis","Florida International",2018,13,9,-3.4,2016-11-15,"cfbd_coaches",TRUE,"Butch Davis","coach_butch_davis"
"Butch Davis","Florida International",2019,13,6,-11.5,2016-11-15,"cfbd_coaches",TRUE,"Butch Davis","coach_butch_davis"
"Butch Davis","Florida International",2020,5,0,-17.8,2016-11-15,"cfbd_coaches",TRUE,"Butch Davis","coach_butch_davis"
"Butch Davis","Florida International",2021,12,1,-27.5,2016-11-15,"cfbd_coaches",TRUE,"Butch Davis","coach_butch_davis"
"Butch Jones","Arkansas State",2021,12,2,-16.8,2012-12-07,"cfbd_coaches",TRUE,"Butch Jones","coach_butch_jones"
"Butch Jones","Arkansas State",2022,12,3,-11.4,2012-12-07,"cfbd_coaches",TRUE,"Butch Jones","coach_butch_jones"
"Butch Jones","Arkansas State",2023,13,6,-6.4,2012-12-07,"cfbd_coaches",TRUE,"Butch Jones","coach_butch_jones"
"Butch Jones","Arkansas State",2024,13,8,-11.5,2012-12-07,"cfbd_coaches",TRUE,"Butch Jones","coach_butch_jones"
"Butch Jones","Arkansas State",2025,0,0,-10.2,2012-12-07,"cfbd_coaches",FALSE,"Butch Jones","coach_butch_jones"
"Butch Jones","Tennessee",2014,13,7,10.9,2012-12-07,"cfbd_coaches",TRUE,"Butch Jones","coach_butch_jones"
"Butch Jones","Tennessee",2015,13,9,17.7,2012-12-07,"cfbd_coaches",TRUE,"Butch Jones","coach_butch_jones"
"Butch Jones","Tennessee",2016,13,9,10.4,2012-12-07,"cfbd_coaches",TRUE,"Butch Jones","coach_butch_jones"
"Butch Jones","Tennessee",2017,10,4,-7.3,2012-12-07,"cfbd_coaches",TRUE,"Butch Jones","coach_butch_jones"
"Cadillac Williams","Auburn",2022,4,2,3.1,2022-10-31,"cfbd_coaches",TRUE,"Cadillac Williams","coach_cadillac_williams"
"Carl Pelini","Bowling Green",2018,5,2,-21,2018-10-14,"cfbd_coaches",TRUE,"Carl Pelini","coach_carl_pelini"
"Chad Lunsford","Florida Atlantic",2024,2,1,-15.4,2017-11-27,"cfbd_coaches",TRUE,"Chad Lunsford","coach_chad_lunsford"
"Chad Lunsford","Georgia Southern",2017,6,2,-17.4,2017-11-27,"cfbd_coaches",TRUE,"Chad Lunsford","coach_chad_lunsford"
"Chad Lunsford","Georgia Southern",2018,13,10,-0.4,2017-11-27,"cfbd_coaches",TRUE,"Chad Lunsford","coach_chad_lunsford"
"Chad Lunsford","Georgia Southern",2019,13,7,-1,2017-11-27,"cfbd_coaches",TRUE,"Chad Lunsford","coach_chad_lunsford"
"Chad Lunsford","Georgia Southern",2020,13,8,1.2,2017-11-27,"cfbd_coaches",TRUE,"Chad Lunsford","coach_chad_lunsford"
"Chad Lunsford","Georgia Southern",2021,4,1,-14.9,2017-11-27,"cfbd_coaches",TRUE,"Chad Lunsford","coach_chad_lunsford"
"Chad Morris","Arkansas",2018,12,2,-7.2,2014-12-01,"cfbd_coaches",TRUE,"Chad Morris","coach_chad_morris"
"Chad Morris","Arkansas",2019,10,2,-7.6,2014-12-01,"cfbd_coaches",TRUE,"Chad Morris","coach_chad_morris"
"Chad Morris","SMU",2015,12,2,-13.1,2014-12-01,"cfbd_coaches",TRUE,"Chad Morris","coach_chad_morris"
"Chad Morris","SMU",2016,12,5,-8.3,2014-12-01,"cfbd_coaches",TRUE,"Chad Morris","coach_chad_morris"
"Chad Morris","SMU",2017,13,7,-2,2014-12-01,"cfbd_coaches",TRUE,"Chad Morris","coach_chad_morris"
"Chad Scott","West Virginia",2024,1,0,1.2,,"cfbd_coaches",TRUE,"Chad Scott","coach_chad_scott"
"Chad Staggs","Coastal Carolina",2022,1,0,-6.4,2022-12-04,"cfbd_coaches",TRUE,"Chad Staggs","coach_chad_staggs"
"Chandler Burks","Kennesaw State",2024,3,1,-23.3,,"cfbd_coaches",TRUE,"Chandler Burks","coach_chandler_burks"
"Charles Huff","Marshall",2021,13,7,3.7,2021-01-16,"cfbd_coaches",TRUE,"Charles Huff","coach_charles_huff"
"Charles Huff","Marshall",2022,13,9,0.6,2021-01-16,"cfbd_coaches",TRUE,"Charles Huff","coach_charles_huff"
"Charles Huff","Marshall",2023,13,6,-7.5,2021-01-16,"cfbd_coaches",TRUE,"Charles Huff","coach_charles_huff"
"Charles Huff","Marshall",2024,13,10,3.5,2021-01-16,"cfbd_coaches",TRUE,"Charles Huff","coach_charles_huff"
"Charles Huff","Southern Miss",2025,0,0,-8.6,2021-01-16,"cfbd_coaches",FALSE,"Charles Huff","coach_charles_huff"
"Charles Kelly","Jacksonville State",2025,0,0,-8.4,,"cfbd_coaches",FALSE,"Charles Kelly","coach_charles_kelly"
"Charlie Partridge","Florida Atlantic",2014,12,3,-11,2013-12-16,"cfbd_coaches",TRUE,"Charlie Partridge","coach_charlie_partridge"
"Charlie Partridge","Florida Atlantic",2015,12,3,-14.5,2013-12-16,"cfbd_coaches",TRUE,"Charlie Partridge","coach_charlie_partridge"
"Charlie Partridge","Florida Atlantic",2016,12,3,-20,2013-12-16,"cfbd_coaches",TRUE,"Charlie Partridge","coach_charlie_partridge"
"Charlie Strong","South Florida",2017,12,10,8.9,2014-01-05,"cfbd_coaches",TRUE,"Charlie Strong","coach_charlie_strong"
"Charlie Strong","South Florida",2018,13,7,-11,2014-01-05,"cfbd_coaches",TRUE,"Charlie Strong","coach_charlie_strong"
"Charlie Strong","South Florida",2019,12,4,-8.3,2014-01-05,"cfbd_coaches",TRUE,"Charlie Strong","coach_charlie_strong"
"Charlie Strong","Texas",2014,13,6,5.8,2014-01-05,"cfbd_coaches",TRUE,"Charlie Strong","coach_charlie_strong"
"Charlie Strong","Texas",2015,12,5,2.3,2014-01-05,"cfbd_coaches",TRUE,"Charlie Strong","coach_charlie_strong"
"Charlie Strong","Texas",2016,12,5,2.6,2014-01-05,"cfbd_coaches",TRUE,"Charlie Strong","coach_charlie_strong"
"Charlie Weis","Kansas",2014,4,2,-7.5,2011-12-08,"cfbd_coaches",TRUE,"Charlie Weis","coach_charlie_weis"
"Chip Kelly","UCLA",2018,12,3,-4,2017-11-27,"cfbd_coaches",TRUE,"Chip Kelly","coach_chip_kelly"
"Chip Kelly","UCLA",2019,12,4,-1.5,2017-11-27,"cfbd_coaches",TRUE,"Chip Kelly","coach_chip_kelly"
"Chip Kelly","UCLA",2020,7,3,,2017-11-27,"cfbd_coaches",TRUE,"Chip Kelly","coach_chip_kelly"
"Chip Kelly","UCLA",2021,12,8,9.2,2017-11-27,"cfbd_coaches",TRUE,"Chip Kelly","coach_chip_kelly"
"Chip Kelly","UCLA",2022,13,9,8.4,2017-11-27,"cfbd_coaches",TRUE,"Chip Kelly","coach_chip_kelly"
"Chip Kelly","UCLA",2023,13,8,7.7,2017-11-27,"cfbd_coaches",TRUE,"Chip Kelly","coach_chip_kelly"
"Chip Lindsey","Troy",2019,12,5,-9.6,2019-01-11,"cfbd_coaches",TRUE,"Chip Lindsey","coach_chip_lindsey"
"Chip Lindsey","Troy",2020,11,5,4,2019-01-11,"cfbd_coaches",TRUE,"Chip Lindsey","coach_chip_lindsey"
"Chip Lindsey","Troy",2021,11,5,-10.4,2019-01-11,"cfbd_coaches",TRUE,"Chip Lindsey","coach_chip_lindsey"
"Chris Ash","Rutgers",2016,12,2,-10.9,2015-12-07,"cfbd_coaches",TRUE,"Chris Ash","coach_chris_ash"
"Chris Ash","Rutgers",2017,12,4,-6.1,2015-12-07,"cfbd_coaches",TRUE,"Chris Ash","coach_chris_ash"
"Chris Ash","Rutgers",2018,12,1,-12.9,2015-12-07,"cfbd_coaches",TRUE,"Chris Ash","coach_chris_ash"
"Chris Ash","Rutgers",2019,4,1,-16.7,2015-12-07,"cfbd_coaches",TRUE,"Chris Ash","coach_chris_ash"
"Chris Creighton","Eastern Michigan",2014,12,2,-27.1,2013-12-11,"cfbd_coaches",TRUE,"Chris Creighton","coach_chris_creighton"
"Chris Creighton","Eastern Michigan",2015,12,1,-22.5,2013-12-11,"cfbd_coaches",TRUE,"Chris Creighton","coach_chris_creighton"
"Chris Creighton","Eastern Michigan",2016,13,7,-8.7,2013-12-11,"cfbd_coaches",TRUE,"Chris Creighton","coach_chris_creighton"
"Chris Creighton","Eastern Michigan",2017,12,5,-4.2,2013-12-11,"cfbd_coaches",TRUE,"Chris Creighton","coach_chris_creighton"
"Chris Creighton","Eastern Michigan",2018,13,7,-3.4,2013-12-11,"cfbd_coaches",TRUE,"Chris Creighton","coach_chris_creighton"
"Chris Creighton","Eastern Michigan",2019,13,6,-9.3,2013-12-11,"cfbd_coaches",TRUE,"Chris Creighton","coach_chris_creighton"
"Chris Creighton","Eastern Michigan",2020,6,2,,2013-12-11,"cfbd_coaches",TRUE,"Chris Creighton","coach_chris_creighton"
"Chris Creighton","Eastern Michigan",2021,13,7,-4.9,2013-12-11,"cfbd_coaches",TRUE,"Chris Creighton","coach_chris_creighton"
"Chris Creighton","Eastern Michigan",2022,13,9,-9.2,2013-12-11,"cfbd_coaches",TRUE,"Chris Creighton","coach_chris_creighton"
"Chris Creighton","Eastern Michigan",2023,13,6,-16.9,2013-12-11,"cfbd_coaches",TRUE,"Chris Creighton","coach_chris_creighton"
"Chris Creighton","Eastern Michigan",2024,12,5,-12.1,2013-12-11,"cfbd_coaches",TRUE,"Chris Creighton","coach_chris_creighton"
"Chris Creighton","Eastern Michigan",2025,0,0,-16.2,2013-12-11,"cfbd_coaches",FALSE,"Chris Creighton","coach_chris_creighton"
"Chris Klieman","Kansas State",2019,13,8,10.4,2018-12-10,"cfbd_coaches",TRUE,"Chris Klieman","coach_chris_klieman"
"Chris Klieman","Kansas State",2020,10,4,1,2018-12-10,"cfbd_coaches",TRUE,"Chris Klieman","coach_chris_klieman"
"Chris Klieman","Kansas State",2021,13,8,8.6,2018-12-10,"cfbd_coaches",TRUE,"Chris Klieman","coach_chris_klieman"
"Chris Klieman","Kansas State",2022,14,10,15.5,2018-12-10,"cfbd_coaches",TRUE,"Chris Klieman","coach_chris_klieman"
"Chris Klieman","Kansas State",2023,13,9,19.6,2018-12-10,"cfbd_coaches",TRUE,"Chris Klieman","coach_chris_klieman"
"Chris Klieman","Kansas State",2024,13,9,11.8,2018-12-10,"cfbd_coaches",TRUE,"Chris Klieman","coach_chris_klieman"
"Chris Klieman","Kansas State",2025,0,0,7.2,2018-12-10,"cfbd_coaches",FALSE,"Chris Klieman","coach_chris_klieman"
"Chris Naeole","Hawai'i",2015,4,1,-21.7,2015-11-01,"cfbd_coaches",TRUE,"Chris Naeole","coach_chris_naeole"
"Chris Petersen","Washington",2014,14,8,8.2,2013-12-06,"cfbd_coaches",TRUE,"Chris Petersen","coach_chris_petersen"
"Chris Petersen","Washington",2015,13,7,13.7,2013-12-06,"cfbd_coaches",TRUE,"Chris Petersen","coach_chris_petersen"
"Chris Petersen","Washington",2016,14,12,27.3,2013-12-06,"cfbd_coaches",TRUE,"Chris Petersen","coach_chris_petersen"
"Chris Petersen","Washington",2017,13,10,20.1,2013-12-06,"cfbd_coaches",TRUE,"Chris Petersen","coach_chris_petersen"
"Chris Petersen","Washington",2018,14,10,12.2,2013-12-06,"cfbd_coaches",TRUE,"Chris Petersen","coach_chris_petersen"
"Chris Petersen","Washington",2019,13,8,15.6,2013-12-06,"cfbd_coaches",TRUE,"Chris Petersen","coach_chris_petersen"
"Chris Woods","Texas State",2018,1,0,-19.8,2018-11-18,"cfbd_coaches",TRUE,"Chris Woods","coach_chris_woods"
"Chuck Martin","Miami (OH)",2014,12,2,-16.1,2013-12-03,"cfbd_coaches",TRUE,"Chuck Martin","coach_chuck_martin"
"Chuck Martin","Miami (OH)",2015,12,3,-19.3,2013-12-03,"cfbd_coaches",TRUE,"Chuck Martin","coach_chuck_martin"
"Chuck Martin","Miami (OH)",2016,13,6,-7.1,2013-12-03,"cfbd_coaches",TRUE,"Chuck Martin","coach_chuck_martin"
"Chuck Martin","Miami (OH)",2017,12,5,-8.4,2013-12-03,"cfbd_coaches",TRUE,"Chuck Martin","coach_chuck_martin"
"Chuck Martin","Miami (OH)",2018,12,6,-2.2,2013-12-03,"cfbd_coaches",TRUE,"Chuck Martin","coach_chuck_martin"
"Chuck Martin","Miami (OH)",2019,14,8,-7,2013-12-03,"cfbd_coaches",TRUE,"Chuck Martin","coach_chuck_martin"
"Chuck Martin","Miami (OH)",2020,3,2,,2013-12-03,"cfbd_coaches",TRUE,"Chuck Martin","coach_chuck_martin"
"Chuck Martin","Miami (OH)",2021,13,7,-1.9,2013-12-03,"cfbd_coaches",TRUE,"Chuck Martin","coach_chuck_martin"
"Chuck Martin","Miami (OH)",2022,13,6,-12.2,2013-12-03,"cfbd_coaches",TRUE,"Chuck Martin","coach_chuck_martin"
"Chuck Martin","Miami (OH)",2023,14,11,-1.2,2013-12-03,"cfbd_coaches",TRUE,"Chuck Martin","coach_chuck_martin"
"Chuck Martin","Miami (OH)",2024,14,9,-0.1,2013-12-03,"cfbd_coaches",TRUE,"Chuck Martin","coach_chuck_martin"
"Chuck Martin","Miami (OH)",2025,0,0,-5.6,2013-12-03,"cfbd_coaches",FALSE,"Chuck Martin","coach_chuck_martin"
"Clark Lea","Vanderbilt",2021,12,2,-10.2,2020-12-14,"cfbd_coaches",TRUE,"Clark Lea","coach_clark_lea"
"Clark Lea","Vanderbilt",2022,12,5,-2.4,2020-12-14,"cfbd_coaches",TRUE,"Clark Lea","coach_clark_lea"
"Clark Lea","Vanderbilt",2023,12,2,-11,2020-12-14,"cfbd_coaches",TRUE,"Clark Lea","coach_clark_lea"
"Clark Lea","Vanderbilt",2024,13,7,7.4,2020-12-14,"cfbd_coaches",TRUE,"Clark Lea","coach_clark_lea"
"Clark Lea","Vanderbilt",2025,0,0,16,2020-12-14,"cfbd_coaches",FALSE,"Clark Lea","coach_clark_lea"
"Clay Helton","Georgia Southern",2022,13,6,-4.8,2015-12-30,"cfbd_coaches",TRUE,"Clay Helton","coach_clay_helton"
"Clay Helton","Georgia Southern",2023,13,6,-8.6,2015-12-30,"cfbd_coaches",TRUE,"Clay Helton","coach_clay_helton"
"Clay Helton","Georgia Southern",2024,13,8,-2.5,2015-12-30,"cfbd_coaches",TRUE,"Clay Helton","coach_clay_helton"
"Clay Helton","Georgia Southern",2025,0,0,-8.6,2015-12-30,"cfbd_coaches",FALSE,"Clay Helton","coach_clay_helton"
"Clay Helton","Southern California",2015,9,5,13.6,2015-12-30,"cfbd_coaches",TRUE,"Clay Helton","coach_clay_helton"
"Clay Helton","Southern California",2016,13,10,19.4,2015-12-30,"cfbd_coaches",TRUE,"Clay Helton","coach_clay_helton"
"Clay Helton","Southern California",2017,14,11,11.9,2015-12-30,"cfbd_coaches",TRUE,"Clay Helton","coach_clay_helton"
"Clay Helton","Southern California",2018,12,5,1.3,2015-12-30,"cfbd_coaches",TRUE,"Clay Helton","coach_clay_helton"
"Clay Helton","Southern California",2019,13,8,9.5,2015-12-30,"cfbd_coaches",TRUE,"Clay Helton","coach_clay_helton"
"Clay Helton","Southern California",2020,6,5,,2015-12-30,"cfbd_coaches",TRUE,"Clay Helton","coach_clay_helton"
"Clay Helton","Southern California",2021,2,1,0.4,2015-12-30,"cfbd_coaches",TRUE,"Clay Helton","coach_clay_helton"
"Colin Johnson","Ball State",2024,2,0,-13.4,,"cfbd_coaches",TRUE,"Colin Johnson","coach_colin_johnson"
"Cory Hall","Oregon State",2017,6,0,-16.5,2017-10-09,"cfbd_coaches",TRUE,"Cory Hall","coach_cory_hall"
"Craig Bohl","Wyoming",2014,12,4,-11.2,2013-12-08,"cfbd_coaches",TRUE,"Craig Bohl","coach_craig_bohl"
"Craig Bohl","Wyoming",2015,12,2,-18.9,2013-12-08,"cfbd_coaches",TRUE,"Craig Bohl","coach_craig_bohl"
"Craig Bohl","Wyoming",2016,14,8,-1.9,2013-12-08,"cfbd_coaches",TRUE,"Craig Bohl","coach_craig_bohl"
"Craig Bohl","Wyoming",2017,13,8,-2.3,2013-12-08,"cfbd_coaches",TRUE,"Craig Bohl","coach_craig_bohl"
"Craig Bohl","Wyoming",2018,12,6,-2.4,2013-12-08,"cfbd_coaches",TRUE,"Craig Bohl","coach_craig_bohl"
"Craig Bohl","Wyoming",2019,13,8,2.5,2013-12-08,"cfbd_coaches",TRUE,"Craig Bohl","coach_craig_bohl"
"Craig Bohl","Wyoming",2020,6,2,-0.4,2013-12-08,"cfbd_coaches",TRUE,"Craig Bohl","coach_craig_bohl"
"Craig Bohl","Wyoming",2021,13,7,-0.4,2013-12-08,"cfbd_coaches",TRUE,"Craig Bohl","coach_craig_bohl"
"Craig Bohl","Wyoming",2022,13,7,-10,2013-12-08,"cfbd_coaches",TRUE,"Craig Bohl","coach_craig_bohl"
"Craig Bohl","Wyoming",2023,13,9,-1.3,2013-12-08,"cfbd_coaches",TRUE,"Craig Bohl","coach_craig_bohl"
"Curt Cignetti","Indiana",2024,13,11,17.7,2023-11-30,"cfbd_coaches",TRUE,"Curt Cignetti","coach_curt_cignetti"
"Curt Cignetti","Indiana",2025,0,0,27.3,2023-11-30,"cfbd_coaches",FALSE,"Curt Cignetti","coach_curt_cignetti"
"Curt Cignetti","James Madison",2022,11,8,5,,"cfbd_coaches",TRUE,"Curt Cignetti","coach_curt_cignetti"
"Curt Cignetti","James Madison",2023,12,11,8,,"cfbd_coaches",TRUE,"Curt Cignetti","coach_curt_cignetti"
"Curtis Johnson","Tulane",2014,12,3,-15.5,2011-12-05,"cfbd_coaches",TRUE,"Curtis Johnson","coach_curtis_johnson"
"Curtis Johnson","Tulane",2015,12,3,-18.9,2011-12-05,"cfbd_coaches",TRUE,"Curtis Johnson","coach_curtis_johnson"
"Dabo Swinney","Clemson",2014,13,10,13.9,2008-10-15,"cfbd_coaches",TRUE,"Dabo Swinney","coach_dabo_swinney"
"Dabo Swinney","Clemson",2015,15,14,22.3,2008-10-15,"cfbd_coaches",TRUE,"Dabo Swinney","coach_dabo_swinney"
"Dabo Swinney","Clemson",2016,15,14,25.3,2008-10-15,"cfbd_coaches",TRUE,"Dabo Swinney","coach_dabo_swinney"
"Dabo Swinney","Clemson",2017,14,12,25.9,2008-10-15,"cfbd_coaches",TRUE,"Dabo Swinney","coach_dabo_swinney"
"Dabo Swinney","Clemson",2018,15,15,32.7,2008-10-15,"cfbd_coaches",TRUE,"Dabo Swinney","coach_dabo_swinney"
"Dabo Swinney","Clemson",2019,15,14,28.6,2008-10-15,"cfbd_coaches",TRUE,"Dabo Swinney","coach_dabo_swinney"
"Dabo Swinney","Clemson",2020,12,10,,2008-10-15,"cfbd_coaches",TRUE,"Dabo Swinney","coach_dabo_swinney"
"Dabo Swinney","Clemson",2021,13,10,11.1,2008-10-15,"cfbd_coaches",TRUE,"Dabo Swinney","coach_dabo_swinney"
"Dabo Swinney","Clemson",2022,14,11,13.9,2008-10-15,"cfbd_coaches",TRUE,"Dabo Swinney","coach_dabo_swinney"
"Dabo Swinney","Clemson",2023,13,9,10.8,2008-10-15,"cfbd_coaches",TRUE,"Dabo Swinney","coach_dabo_swinney"
"Dabo Swinney","Clemson",2024,14,10,11.9,2008-10-15,"cfbd_coaches",TRUE,"Dabo Swinney","coach_dabo_swinney"
"Dabo Swinney","Clemson",2025,0,0,6.2,2008-10-15,"cfbd_coaches",FALSE,"Dabo Swinney","coach_dabo_swinney"
"Damian Wroblewski","James Madison",2023,1,0,8,2023-12-03,"cfbd_coaches",TRUE,"Damian Wroblewski","coach_damian_wroblewski"
"Dan Enos","Central Michigan",2014,13,7,-7.1,2010-01-12,"cfbd_coaches",TRUE,"Dan Enos","coach_dan_enos"
"Dan Lanning","Oregon",2022,13,10,14.2,2021-12-11,"cfbd_coaches",TRUE,"Dan Lanning","coach_dan_lanning"
"Dan Lanning","Oregon",2023,14,12,22.3,2021-12-11,"cfbd_coaches",TRUE,"Dan Lanning","coach_dan_lanning"
"Dan Lanning","Oregon",2024,14,13,17.1,2021-12-11,"cfbd_coaches",TRUE,"Dan Lanning","coach_dan_lanning"
"Dan Lanning","Oregon",2025,0,0,22.1,2021-12-11,"cfbd_coaches",FALSE,"Dan Lanning","coach_dan_lanning"
"Dan McCarney","North Texas",2014,12,4,-15.8,2010-11-30,"cfbd_coaches",TRUE,"Dan McCarney","coach_dan_mccarney"
"Dan McCarney","North Texas",2015,5,0,-24.4,2010-11-30,"cfbd_coaches",TRUE,"Dan McCarney","coach_dan_mccarney"
"Dan Mullen","Florida",2018,13,10,19.3,2008-12-11,"cfbd_coaches",TRUE,"Dan Mullen","coach_dan_mullen"
"Dan Mullen","Florida",2019,13,11,19.8,2008-12-11,"cfbd_coaches",TRUE,"Dan Mullen","coach_dan_mullen"
"Dan Mullen","Florida",2020,12,8,16.2,2008-12-11,"cfbd_coaches",TRUE,"Dan Mullen","coach_dan_mullen"
"Dan Mullen","Florida",2021,11,5,7.2,2008-12-11,"cfbd_coaches",TRUE,"Dan Mullen","coach_dan_mullen"
"Dan Mullen","Mississippi State",2014,13,10,20,2008-12-11,"cfbd_coaches",TRUE,"Dan Mullen","coach_dan_mullen"
"Dan Mullen","Mississippi State",2015,13,9,15.5,2008-12-11,"cfbd_coaches",TRUE,"Dan Mullen","coach_dan_mullen"
"Dan Mullen","Mississippi State",2016,13,6,3.5,2008-12-11,"cfbd_coaches",TRUE,"Dan Mullen","coach_dan_mullen"
"Dan Mullen","Mississippi State",2017,12,8,14.1,2008-12-11,"cfbd_coaches",TRUE,"Dan Mullen","coach_dan_mullen"
"Dan Mullen","UNLV",2025,0,0,-0.9,2008-12-11,"cfbd_coaches",FALSE,"Dan Mullen","coach_dan_mullen"
"Dana Dimel","UTEP",2018,12,1,-24.7,2017-12-06,"cfbd_coaches",TRUE,"Dana Dimel","coach_dana_dimel"
"Dana Dimel","UTEP",2019,12,1,-28.1,2017-12-06,"cfbd_coaches",TRUE,"Dana Dimel","coach_dana_dimel"
"Dana Dimel","UTEP",2020,8,3,-17.2,2017-12-06,"cfbd_coaches",TRUE,"Dana Dimel","coach_dana_dimel"
"Dana Dimel","UTEP",2021,13,7,-6.7,2017-12-06,"cfbd_coaches",TRUE,"Dana Dimel","coach_dana_dimel"
"Dana Dimel","UTEP",2022,12,5,-11.3,2017-12-06,"cfbd_coaches",TRUE,"Dana Dimel","coach_dana_dimel"
"Dana Dimel","UTEP",2023,12,3,-13.7,2017-12-06,"cfbd_coaches",TRUE,"Dana Dimel","coach_dana_dimel"
"Dana Holgorsen","Houston",2019,12,4,-0.1,2010-12-22,"cfbd_coaches",TRUE,"Dana Holgorsen","coach_dana_holgorsen"
"Dana Holgorsen","Houston",2020,8,3,,2010-12-22,"cfbd_coaches",TRUE,"Dana Holgorsen","coach_dana_holgorsen"
"Dana Holgorsen","Houston",2021,14,12,7.7,2010-12-22,"cfbd_coaches",TRUE,"Dana Holgorsen","coach_dana_holgorsen"
"Dana Holgorsen","Houston",2022,13,8,2.8,2010-12-22,"cfbd_coaches",TRUE,"Dana Holgorsen","coach_dana_holgorsen"
"Dana Holgorsen","Houston",2023,12,4,-3.3,2010-12-22,"cfbd_coaches",TRUE,"Dana Holgorsen","coach_dana_holgorsen"
"Dana Holgorsen","Houston",2024,0,0,-2,2010-12-22,"cfbd_coaches",TRUE,"Dana Holgorsen","coach_dana_holgorsen"
"Dana Holgorsen","West Virginia",2014,13,7,11.5,2010-12-22,"cfbd_coaches",TRUE,"Dana Holgorsen","coach_dana_holgorsen"
"Dana Holgorsen","West Virginia",2015,13,8,11,2010-12-22,"cfbd_coaches",TRUE,"Dana Holgorsen","coach_dana_holgorsen"
"Dana Holgorsen","West Virginia",2016,13,10,10.4,2010-12-22,"cfbd_coaches",TRUE,"Dana Holgorsen","coach_dana_holgorsen"
"Dana Holgorsen","West Virginia",2017,13,7,6.5,2010-12-22,"cfbd_coaches",TRUE,"Dana Holgorsen","coach_dana_holgorsen"
"Dana Holgorsen","West Virginia",2018,12,8,17.9,2010-12-22,"cfbd_coaches",TRUE,"Dana Holgorsen","coach_dana_holgorsen"
"Daniel Da Prato","South Florida",2022,3,0,-12,2022-11-06,"cfbd_coaches",TRUE,"Daniel Da Prato","coach_daniel_da_prato"
"Danny Gonzales","New Mexico",2020,7,2,-11.1,2020-01-12,"cfbd_coaches",TRUE,"Danny Gonzales","coach_danny_gonzales"
"Danny Gonzales","New Mexico",2021,12,3,-15.1,2020-01-12,"cfbd_coaches",TRUE,"Danny Gonzales","coach_danny_gonzales"
"Danny Gonzales","New Mexico",2022,12,2,-19.1,2020-01-12,"cfbd_coaches",TRUE,"Danny Gonzales","coach_danny_gonzales"
"Danny Gonzales","New Mexico",2023,12,4,-11.1,2020-01-12,"cfbd_coaches",TRUE,"Danny Gonzales","coach_danny_gonzales"
"Darrell Hazell","Purdue",2014,12,3,-6.7,2012-12-05,"cfbd_coaches",TRUE,"Darrell Hazell","coach_darrell_hazell"
"Darrell Hazell","Purdue",2015,12,2,-9.2,2012-12-05,"cfbd_coaches",TRUE,"Darrell Hazell","coach_darrell_hazell"
"Darrell Hazell","Purdue",2016,6,3,-12.7,2012-12-05,"cfbd_coaches",TRUE,"Darrell Hazell","coach_darrell_hazell"
"Dave Aranda","Baylor",2020,9,2,1.8,2020-01-22,"cfbd_coaches",TRUE,"Dave Aranda","coach_dave_aranda"
"Dave Aranda","Baylor",2021,14,12,11.6,2020-01-22,"cfbd_coaches",TRUE,"Dave Aranda","coach_dave_aranda"
"Dave Aranda","Baylor",2022,13,6,9.2,2020-01-22,"cfbd_coaches",TRUE,"Dave Aranda","coach_dave_aranda"
"Dave Aranda","Baylor",2023,12,3,-6.9,2020-01-22,"cfbd_coaches",TRUE,"Dave Aranda","coach_dave_aranda"
"Dave Aranda","Baylor",2024,13,8,11.5,2020-01-22,"cfbd_coaches",TRUE,"Dave Aranda","coach_dave_aranda"
"Dave Aranda","Baylor",2025,0,0,0.6,2020-01-22,"cfbd_coaches",FALSE,"Dave Aranda","coach_dave_aranda"
"Dave Clawson","Wake Forest",2014,12,3,-10.8,2013-12-09,"cfbd_coaches",TRUE,"Dave Clawson","coach_dave_clawson"
"Dave Clawson","Wake Forest",2015,12,3,-3.5,2013-12-09,"cfbd_coaches",TRUE,"Dave Clawson","coach_dave_clawson"
"Dave Clawson","Wake Forest",2016,13,7,0.2,2013-12-09,"cfbd_coaches",TRUE,"Dave Clawson","coach_dave_clawson"
"Dave Clawson","Wake Forest",2017,13,8,13.8,2013-12-09,"cfbd_coaches",TRUE,"Dave Clawson","coach_dave_clawson"
"Dave Clawson","Wake Forest",2018,13,7,0.8,2013-12-09,"cfbd_coaches",TRUE,"Dave Clawson","coach_dave_clawson"
"Dave Clawson","Wake Forest",2019,13,8,0.6,2013-12-09,"cfbd_coaches",TRUE,"Dave Clawson","coach_dave_clawson"
"Dave Clawson","Wake Forest",2020,9,4,,2013-12-09,"cfbd_coaches",TRUE,"Dave Clawson","coach_dave_clawson"
"Dave Clawson","Wake Forest",2021,14,11,12.5,2013-12-09,"cfbd_coaches",TRUE,"Dave Clawson","coach_dave_clawson"
"Dave Clawson","Wake Forest",2022,13,8,7.4,2013-12-09,"cfbd_coaches",TRUE,"Dave Clawson","coach_dave_clawson"
"Dave Clawson","Wake Forest",2023,12,4,-4.1,2013-12-09,"cfbd_coaches",TRUE,"Dave Clawson","coach_dave_clawson"
"Dave Clawson","Wake Forest",2024,12,4,-6.2,2013-12-09,"cfbd_coaches",TRUE,"Dave Clawson","coach_dave_clawson"
"Dave Doeren","North Carolina State",2014,13,8,1.9,2012-12-01,"cfbd_coaches",TRUE,"Dave Doeren","coach_dave_doeren"
"Dave Doeren","North Carolina State",2015,13,7,6.7,2012-12-01,"cfbd_coaches",TRUE,"Dave Doeren","coach_dave_doeren"
"Dave Doeren","North Carolina State",2016,13,7,7.6,2012-12-01,"cfbd_coaches",TRUE,"Dave Doeren","coach_dave_doeren"
"Dave Doeren","North Carolina State",2017,13,9,13.7,2012-12-01,"cfbd_coaches",TRUE,"Dave Doeren","coach_dave_doeren"
"Dave Doeren","North Carolina State",2018,13,9,7.9,2012-12-01,"cfbd_coaches",TRUE,"Dave Doeren","coach_dave_doeren"
"Dave Doeren","North Carolina State",2019,12,4,-12,2012-12-01,"cfbd_coaches",TRUE,"Dave Doeren","coach_dave_doeren"
"Dave Doeren","North Carolina State",2020,12,8,,2012-12-01,"cfbd_coaches",TRUE,"Dave Doeren","coach_dave_doeren"
"Dave Doeren","North Carolina State",2021,12,9,13.5,2012-12-01,"cfbd_coaches",TRUE,"Dave Doeren","coach_dave_doeren"
"Dave Doeren","North Carolina State",2022,13,8,5.5,2012-12-01,"cfbd_coaches",TRUE,"Dave Doeren","coach_dave_doeren"
"Dave Doeren","North Carolina State",2023,13,9,7,2012-12-01,"cfbd_coaches",TRUE,"Dave Doeren","coach_dave_doeren"
"Dave Doeren","North Carolina State",2024,13,6,-2.1,2012-12-01,"cfbd_coaches",TRUE,"Dave Doeren","coach_dave_doeren"
"Dave Doeren","North Carolina State",2025,0,0,7,2012-12-01,"cfbd_coaches",FALSE,"Dave Doeren","coach_dave_doeren"
"David Bailiff","Rice",2014,13,8,-3.4,2007-01-19,"cfbd_coaches",TRUE,"David Bailiff","coach_david_bailiff"
"David Bailiff","Rice",2015,12,5,-18,2007-01-19,"cfbd_coaches",TRUE,"David Bailiff","coach_david_bailiff"
"David Bailiff","Rice",2016,12,3,-20.6,2007-01-19,"cfbd_coaches",TRUE,"David Bailiff","coach_david_bailiff"
"David Bailiff","Rice",2017,12,1,-24.4,2007-01-19,"cfbd_coaches",TRUE,"David Bailiff","coach_david_bailiff"
"David Beaty","Kansas",2015,12,0,-18.8,2014-12-05,"cfbd_coaches",TRUE,"David Beaty","coach_david_beaty"
"David Beaty","Kansas",2016,12,2,-15.7,2014-12-05,"cfbd_coaches",TRUE,"David Beaty","coach_david_beaty"
"David Beaty","Kansas",2017,12,1,-17.4,2014-12-05,"cfbd_coaches",TRUE,"David Beaty","coach_david_beaty"
"David Beaty","Kansas",2018,12,3,-1.2,2014-12-05,"cfbd_coaches",TRUE,"David Beaty","coach_david_beaty"
"David Blackwell","East Carolina",2018,1,0,-15.7,2018-11-29,"cfbd_coaches",TRUE,"David Blackwell","coach_david_blackwell"
"David Braun","Northwestern",2023,13,8,-0.3,2023-07-10,"cfbd_coaches",TRUE,"David Braun","coach_david_braun"
"David Braun","Northwestern",2024,12,4,-3.3,2023-07-10,"cfbd_coaches",TRUE,"David Braun","coach_david_braun"
"David Braun","Northwestern",2025,0,0,4.4,2023-07-10,"cfbd_coaches",FALSE,"David Braun","coach_david_braun"
"David Cutcliffe","Duke",2014,13,9,7.7,2007-12-05,"cfbd_coaches",TRUE,"David Cutcliffe","coach_david_cutcliffe"
"David Cutcliffe","Duke",2015,13,8,3,2007-12-05,"cfbd_coaches",TRUE,"David Cutcliffe","coach_david_cutcliffe"
"David Cutcliffe","Duke",2016,12,4,-1,2007-12-05,"cfbd_coaches",TRUE,"David Cutcliffe","coach_david_cutcliffe"
"David Cutcliffe","Duke",2017,13,7,8.3,2007-12-05,"cfbd_coaches",TRUE,"David Cutcliffe","coach_david_cutcliffe"
"David Cutcliffe","Duke",2018,13,8,6.4,2007-12-05,"cfbd_coaches",TRUE,"David Cutcliffe","coach_david_cutcliffe"
"David Cutcliffe","Duke",2019,12,5,-2.2,2007-12-05,"cfbd_coaches",TRUE,"David Cutcliffe","coach_david_cutcliffe"
"David Cutcliffe","Duke",2020,11,2,,2007-12-05,"cfbd_coaches",TRUE,"David Cutcliffe","coach_david_cutcliffe"
"David Cutcliffe","Duke",2021,12,3,-15.6,2007-12-05,"cfbd_coaches",TRUE,"David Cutcliffe","coach_david_cutcliffe"
"David Gibbs","Houston",2014,1,1,-2.3,2014-12-08,"cfbd_coaches",TRUE,"David Gibbs","coach_david_gibbs"
"David Shaw","Stanford",2014,13,8,15.1,2011-12-13,"cfbd_coaches",TRUE,"David Shaw","coach_david_shaw"
"David Shaw","Stanford",2015,14,12,20.6,2011-12-13,"cfbd_coaches",TRUE,"David Shaw","coach_david_shaw"
"David Shaw","Stanford",2016,13,10,12.7,2011-12-13,"cfbd_coaches",TRUE,"David Shaw","coach_david_shaw"
"David Shaw","Stanford",2017,14,9,12.5,2011-12-13,"cfbd_coaches",TRUE,"David Shaw","coach_david_shaw"
"David Shaw","Stanford",2018,13,9,8.3,2011-12-13,"cfbd_coaches",TRUE,"David Shaw","coach_david_shaw"
"David Shaw","Stanford",2019,12,4,-1.9,2011-12-13,"cfbd_coaches",TRUE,"David Shaw","coach_david_shaw"
"David Shaw","Stanford",2020,6,4,,2011-12-13,"cfbd_coaches",TRUE,"David Shaw","coach_david_shaw"
"David Shaw","Stanford",2021,12,3,-2.7,2011-12-13,"cfbd_coaches",TRUE,"David Shaw","coach_david_shaw"
"David Shaw","Stanford",2022,12,3,-5.1,2011-12-13,"cfbd_coaches",TRUE,"David Shaw","coach_david_shaw"
"Deion Branch","Louisville",2022,1,1,10.6,2022-12-05,"cfbd_coaches",TRUE,"Deion Branch","coach_deion_branch"
"Deion Sanders","Colorado",2023,12,4,0.8,2022-12-03,"cfbd_coaches",TRUE,"Deion Sanders","coach_deion_sanders"
"Deion Sanders","Colorado",2024,13,9,12.7,2022-12-03,"cfbd_coaches",TRUE,"Deion Sanders","coach_deion_sanders"
"Deion Sanders","Colorado",2025,0,0,-2.2,2022-12-03,"cfbd_coaches",FALSE,"Deion Sanders","coach_deion_sanders"
"Dell McGee","Georgia State",2024,12,3,-12.9,,"cfbd_coaches",TRUE,"Dell McGee","coach_dell_mcgee"
"Dell McGee","Georgia State",2025,0,0,-18.1,,"cfbd_coaches",FALSE,"Dell McGee","coach_dell_mcgee"
"Dennis Franchione","Texas State",2014,12,7,-11,2011-01-07,"cfbd_coaches",TRUE,"Dennis Franchione","coach_dennis_franchione"
"Dennis Franchione","Texas State",2015,12,3,-22.8,2011-01-07,"cfbd_coaches",TRUE,"Dennis Franchione","coach_dennis_franchione"
"Derek Mason","Middle Tennessee",2024,12,3,-23.2,2014-01-17,"cfbd_coaches",TRUE,"Derek Mason","coach_derek_mason"
"Derek Mason","Middle Tennessee",2025,0,0,-18.4,2014-01-17,"cfbd_coaches",FALSE,"Derek Mason","coach_derek_mason"
"Derek Mason","Vanderbilt",2014,12,3,-9.6,2014-01-17,"cfbd_coaches",TRUE,"Derek Mason","coach_derek_mason"
"Derek Mason","Vanderbilt",2015,12,4,-1.9,2014-01-17,"cfbd_coaches",TRUE,"Derek Mason","coach_derek_mason"
"Derek Mason","Vanderbilt",2016,13,6,2.6,2014-01-17,"cfbd_coaches",TRUE,"Derek Mason","coach_derek_mason"
"Derek Mason","Vanderbilt",2017,12,5,-5.1,2014-01-17,"cfbd_coaches",TRUE,"Derek Mason","coach_derek_mason"
"Derek Mason","Vanderbilt",2018,13,6,9.9,2014-01-17,"cfbd_coaches",TRUE,"Derek Mason","coach_derek_mason"
"Derek Mason","Vanderbilt",2019,12,3,-12.6,2014-01-17,"cfbd_coaches",TRUE,"Derek Mason","coach_derek_mason"
"Derek Mason","Vanderbilt",2020,8,0,-14.4,2014-01-17,"cfbd_coaches",TRUE,"Derek Mason","coach_derek_mason"
"Deshaun Foster","UCLA",2024,12,5,2.1,2024-02-12,"cfbd_coaches",TRUE,"Deshaun Foster","coach_deshaun_foster"
"Deshaun Foster","UCLA",2025,0,0,-1.1,2024-02-12,"cfbd_coaches",FALSE,"Deshaun Foster","coach_deshaun_foster"
"Dino Babers","Bowling Green",2014,14,8,-13.4,2013-12-18,"cfbd_coaches",TRUE,"Dino Babers","coach_dino_babers"
"Dino Babers","Bowling Green",2015,13,10,8.5,2013-12-18,"cfbd_coaches",TRUE,"Dino Babers","coach_dino_babers"
"Dino Babers","Syracuse",2016,12,4,-6.9,2013-12-18,"cfbd_coaches",TRUE,"Dino Babers","coach_dino_babers"
"Dino Babers","Syracuse",2017,12,4,1,2013-12-18,"cfbd_coaches",TRUE,"Dino Babers","coach_dino_babers"
"Dino Babers","Syracuse",2018,13,10,12.1,2013-12-18,"cfbd_coaches",TRUE,"Dino Babers","coach_dino_babers"
"Dino Babers","Syracuse",2019,12,5,-6.5,2013-12-18,"cfbd_coaches",TRUE,"Dino Babers","coach_dino_babers"
"Dino Babers","Syracuse",2020,11,1,,2013-12-18,"cfbd_coaches",TRUE,"Dino Babers","coach_dino_babers"
"Dino Babers","Syracuse",2021,12,5,1.1,2013-12-18,"cfbd_coaches",TRUE,"Dino Babers","coach_dino_babers"
"Dino Babers","Syracuse",2022,13,7,4.5,2013-12-18,"cfbd_coaches",TRUE,"Dino Babers","coach_dino_babers"
"Dino Babers","Syracuse",2023,11,5,-0.4,2013-12-18,"cfbd_coaches",TRUE,"Dino Babers","coach_dino_babers"
"D.J. Durkin","Florida",2014,1,1,9.6,2014-11-22,"cfbd_coaches",TRUE,"D.J. Durkin","coach_dj_durkin"
"D.J. Durkin","Maryland",2016,13,6,-0.8,2014-11-22,"cfbd_coaches",TRUE,"D.J. Durkin","coach_dj_durkin"
"D.J. Durkin","Maryland",2017,12,4,-0.8,2014-11-22,"cfbd_coaches",TRUE,"D.J. Durkin","coach_dj_durkin"
"Doc Holliday","Marshall",2014,14,13,14.6,2009-12-17,"cfbd_coaches",TRUE,"Doc Holliday","coach_doc_holliday"
"Doc Holliday","Marshall",2015,13,10,-0.2,2009-12-17,"cfbd_coaches",TRUE,"Doc Holliday","coach_doc_holliday"
"Doc Holliday","Marshall",2016,12,3,-20,2009-12-17,"cfbd_coaches",TRUE,"Doc Holliday","coach_doc_holliday"
"Doc Holliday","Marshall",2017,13,8,-2.7,2009-12-17,"cfbd_coaches",TRUE,"Doc Holliday","coach_doc_holliday"
"Doc Holliday","Marshall",2018,13,9,-1.6,2009-12-17,"cfbd_coaches",TRUE,"Doc Holliday","coach_doc_holliday"
"Doc Holliday","Marshall",2019,13,8,-4.7,2009-12-17,"cfbd_coaches",TRUE,"Doc Holliday","coach_doc_holliday"
"Doc Holliday","Marshall",2020,10,7,3.9,2009-12-17,"cfbd_coaches",TRUE,"Doc Holliday","coach_doc_holliday"
"Don Brown","Massachusetts",2022,12,1,-23.8,2021-11-22,"cfbd_coaches",TRUE,"Don Brown","coach_don_brown"
"Don Brown","Massachusetts",2023,12,3,-15.2,2021-11-22,"cfbd_coaches",TRUE,"Don Brown","coach_don_brown"
"Don Brown","Massachusetts",2024,10,2,-17.4,2021-11-22,"cfbd_coaches",TRUE,"Don Brown","coach_don_brown"
"Donte Williams","Southern California",2021,10,3,0.4,2021-09-13,"cfbd_coaches",TRUE,"Donte Williams","coach_donte_williams"
"Doug Martin","New Mexico State",2014,12,2,-25.5,2013-02-01,"cfbd_coaches",TRUE,"Doug Martin","coach_doug_martin"
"Doug Martin","New Mexico State",2015,12,3,-22.3,2013-02-01,"cfbd_coaches",TRUE,"Doug Martin","coach_doug_martin"
"Doug Martin","New Mexico State",2016,12,3,-18.6,2013-02-01,"cfbd_coaches",TRUE,"Doug Martin","coach_doug_martin"
"Doug Martin","New Mexico State",2017,13,7,-11.2,2013-02-01,"cfbd_coaches",TRUE,"Doug Martin","coach_doug_martin"
"Doug Martin","New Mexico State",2018,12,3,-21.7,2013-02-01,"cfbd_coaches",TRUE,"Doug Martin","coach_doug_martin"
"Doug Martin","New Mexico State",2019,12,2,-20,2013-02-01,"cfbd_coaches",TRUE,"Doug Martin","coach_doug_martin"
"Doug Martin","New Mexico State",2020,2,1,,2013-02-01,"cfbd_coaches",TRUE,"Doug Martin","coach_doug_martin"
"Doug Martin","New Mexico State",2021,12,2,-20.6,2013-02-01,"cfbd_coaches",TRUE,"Doug Martin","coach_doug_martin"
"Dowell Loggains","App State",2025,0,0,-12.2,,"cfbd_coaches",FALSE,"Dowell Loggains","coach_dowell_loggains"
"Ed Foley","Temple",2018,1,0,3.7,2018-12-07,"cfbd_coaches",TRUE,"Ed Foley","coach_ed_foley"
"Ed Orgeron","LSU",2016,8,6,21.2,2016-11-26,"cfbd_coaches",TRUE,"Ed Orgeron","coach_ed_orgeron"
"Ed Orgeron","LSU",2017,13,9,12.1,2016-11-26,"cfbd_coaches",TRUE,"Ed Orgeron","coach_ed_orgeron"
"Ed Orgeron","LSU",2018,13,10,18.3,2016-11-26,"cfbd_coaches",TRUE,"Ed Orgeron","coach_ed_orgeron"
"Ed Orgeron","LSU",2019,15,15,34.2,2016-11-26,"cfbd_coaches",TRUE,"Ed Orgeron","coach_ed_orgeron"
"Ed Orgeron","LSU",2020,10,5,4.2,2016-11-26,"cfbd_coaches",TRUE,"Ed Orgeron","coach_ed_orgeron"
"Ed Orgeron","LSU",2021,12,6,5.4,2016-11-26,"cfbd_coaches",TRUE,"Ed Orgeron","coach_ed_orgeron"
"Eddie George","Bowling Green",2025,0,0,-14.4,,"cfbd_coaches",FALSE,"Eddie George","coach_eddie_george"
"Eli Drinkwitz","App State",2019,13,12,11.5,2018-12-13,"cfbd_coaches",TRUE,"Eli Drinkwitz","coach_eli_drinkwitz"
"Eli Drinkwitz","Missouri",2020,10,5,0.2,2018-12-13,"cfbd_coaches",TRUE,"Eli Drinkwitz","coach_eli_drinkwitz"
"Eli Drinkwitz","Missouri",2021,13,6,-2.2,2018-12-13,"cfbd_coaches",TRUE,"Eli Drinkwitz","coach_eli_drinkwitz"
"Eli Drinkwitz","Missouri",2022,13,6,4.2,2018-12-13,"cfbd_coaches",TRUE,"Eli Drinkwitz","coach_eli_drinkwitz"
"Eli Drinkwitz","Missouri",2023,13,11,14.7,2018-12-13,"cfbd_coaches",TRUE,"Eli Drinkwitz","coach_eli_drinkwitz"
"Eli Drinkwitz","Missouri",2024,13,10,8.9,2018-12-13,"cfbd_coaches",TRUE,"Eli Drinkwitz","coach_eli_drinkwitz"
"Eli Drinkwitz","Missouri",2025,0,0,10.5,2018-12-13,"cfbd_coaches",FALSE,"Eli Drinkwitz","coach_eli_drinkwitz"
"Elijah Robinson","Texas A&M",2023,3,1,11.5,2023-11-12,"cfbd_coaches",TRUE,"Elijah Robinson","coach_elijah_robinson"
"Eric Kiesau","Fresno State",2016,4,0,-20.5,2016-10-25,"cfbd_coaches",TRUE,"Eric Kiesau","coach_eric_kiesau"
"Eric Morris","North Texas",2023,12,5,-9.6,2022-12-13,"cfbd_coaches",TRUE,"Eric Morris","coach_eric_morris"
"Eric Morris","North Texas",2024,13,6,-5.5,2022-12-13,"cfbd_coaches",TRUE,"Eric Morris","coach_eric_morris"
"Eric Morris","North Texas",2025,0,0,10.6,2022-12-13,"cfbd_coaches",FALSE,"Eric Morris","coach_eric_morris"
"Everett Withers","Temple",2024,2,0,-17,2016-01-06,"cfbd_coaches",TRUE,"Everett Withers","coach_everett_withers"
"Everett Withers","Texas State",2016,12,2,-29.2,2016-01-06,"cfbd_coaches",TRUE,"Everett Withers","coach_everett_withers"
"Everett Withers","Texas State",2017,12,2,-25,2016-01-06,"cfbd_coaches",TRUE,"Everett Withers","coach_everett_withers"
"Everett Withers","Texas State",2018,11,3,-19.8,2016-01-06,"cfbd_coaches",TRUE,"Everett Withers","coach_everett_withers"
"Fran Brown","Syracuse",2024,13,10,6,2023-11-28,"cfbd_coaches",TRUE,"Fran Brown","coach_fran_brown"
"Fran Brown","Syracuse",2025,0,0,-7.1,2023-11-28,"cfbd_coaches",FALSE,"Fran Brown","coach_fran_brown"
"Frank Beamer","Virginia Tech",2014,13,7,6.9,,"cfbd_coaches",TRUE,"Frank Beamer","coach_frank_beamer"
"Frank Beamer","Virginia Tech",2015,13,7,6.9,,"cfbd_coaches",TRUE,"Frank Beamer","coach_frank_beamer"
"Frank Maile","Utah State",2018,1,1,13.9,2018-11-30,"cfbd_coaches",TRUE,"Frank Maile","coach_frank_maile"
"Frank Maile","Utah State",2020,3,1,-19.2,2018-11-30,"cfbd_coaches",TRUE,"Frank Maile","coach_frank_maile"
"Frank Reich","Stanford",2025,0,0,-4.1,,"cfbd_coaches",FALSE,"Frank Reich","coach_frank_reich"
"Frank Solich","Ohio",2014,12,6,-14.7,2004-12-16,"cfbd_coaches",TRUE,"Frank Solich","coach_frank_solich"
"Frank Solich","Ohio",2015,13,8,-4.9,2004-12-16,"cfbd_coaches",TRUE,"Frank Solich","coach_frank_solich"
"Frank Solich","Ohio",2016,14,8,-4.6,2004-12-16,"cfbd_coaches",TRUE,"Frank Solich","coach_frank_solich"
"Frank Solich","Ohio",2017,13,9,2.8,2004-12-16,"cfbd_coaches",TRUE,"Frank Solich","coach_frank_solich"
"Frank Solich","Ohio",2018,13,9,7.4,2004-12-16,"cfbd_coaches",TRUE,"Frank Solich","coach_frank_solich"
"Frank Solich","Ohio",2019,13,7,-4.7,2004-12-16,"cfbd_coaches",TRUE,"Frank Solich","coach_frank_solich"
"Frank Solich","Ohio",2020,3,2,,2004-12-16,"cfbd_coaches",TRUE,"Frank Solich","coach_frank_solich"
"Frank Wilson","UTSA",2016,13,6,-7.3,2016-01-14,"cfbd_coaches",TRUE,"Frank Wilson","coach_frank_wilson"
"Frank Wilson","UTSA",2017,11,6,-9,2016-01-14,"cfbd_coaches",TRUE,"Frank Wilson","coach_frank_wilson"
"Frank Wilson","UTSA",2018,12,3,-21.8,2016-01-14,"cfbd_coaches",TRUE,"Frank Wilson","coach_frank_wilson"
"Frank Wilson","UTSA",2019,12,4,-21.1,2016-01-14,"cfbd_coaches",TRUE,"Frank Wilson","coach_frank_wilson"
"Freddie Kitchens","North Carolina",2024,1,0,0.7,,"cfbd_coaches",TRUE,"Freddie Kitchens","coach_freddie_kitchens"
"Gary Andersen","Oregon State",2015,12,2,-10.8,2012-12-21,"cfbd_coaches",TRUE,"Gary Andersen","coach_gary_andersen"
"Gary Andersen","Oregon State",2016,12,4,1.6,2012-12-21,"cfbd_coaches",TRUE,"Gary Andersen","coach_gary_andersen"
"Gary Andersen","Oregon State",2017,6,1,-16.5,2012-12-21,"cfbd_coaches",TRUE,"Gary Andersen","coach_gary_andersen"
"Gary Andersen","Utah State",2019,13,7,-5.3,2012-12-21,"cfbd_coaches",TRUE,"Gary Andersen","coach_gary_andersen"
"Gary Andersen","Utah State",2020,3,0,-19.2,2012-12-21,"cfbd_coaches",TRUE,"Gary Andersen","coach_gary_andersen"
"Gary Andersen","Wisconsin",2014,13,10,15.3,2012-12-21,"cfbd_coaches",TRUE,"Gary Andersen","coach_gary_andersen"
"Gary Patterson","TCU",2014,13,12,26.8,2000-12-08,"cfbd_coaches",TRUE,"Gary Patterson","coach_gary_patterson"
"Gary Patterson","TCU",2015,13,11,14.7,2000-12-08,"cfbd_coaches",TRUE,"Gary Patterson","coach_gary_patterson"
"Gary Patterson","TCU",2016,13,6,4.3,2000-12-08,"cfbd_coaches",TRUE,"Gary Patterson","coach_gary_patterson"
"Gary Patterson","TCU",2017,14,11,16.8,2000-12-08,"cfbd_coaches",TRUE,"Gary Patterson","coach_gary_patterson"
"Gary Patterson","TCU",2018,13,7,4.3,2000-12-08,"cfbd_coaches",TRUE,"Gary Patterson","coach_gary_patterson"
"Gary Patterson","TCU",2019,12,5,9.6,2000-12-08,"cfbd_coaches",TRUE,"Gary Patterson","coach_gary_patterson"
"Gary Patterson","TCU",2020,10,6,7.7,2000-12-08,"cfbd_coaches",TRUE,"Gary Patterson","coach_gary_patterson"
"Gary Patterson","TCU",2021,8,3,-2.8,2000-12-08,"cfbd_coaches",TRUE,"Gary Patterson","coach_gary_patterson"
"Gary Pinkel","Missouri",2014,14,11,13.1,2000-11-29,"cfbd_coaches",TRUE,"Gary Pinkel","coach_gary_pinkel"
"Gary Pinkel","Missouri",2015,12,5,0.5,2000-11-29,"cfbd_coaches",TRUE,"Gary Pinkel","coach_gary_pinkel"
"Geoff Collins","Georgia Tech",2019,12,3,-10.8,2016-12-14,"cfbd_coaches",TRUE,"Geoff Collins","coach_geoff_collins"
"Geoff Collins","Georgia Tech",2020,10,3,,2016-12-14,"cfbd_coaches",TRUE,"Geoff Collins","coach_geoff_collins"
"Geoff Collins","Georgia Tech",2021,12,3,-3.6,2016-12-14,"cfbd_coaches",TRUE,"Geoff Collins","coach_geoff_collins"
"Geoff Collins","Georgia Tech",2022,4,1,-6,2016-12-14,"cfbd_coaches",TRUE,"Geoff Collins","coach_geoff_collins"
"Geoff Collins","Temple",2017,13,7,-1.6,2016-12-14,"cfbd_coaches",TRUE,"Geoff Collins","coach_geoff_collins"
"Geoff Collins","Temple",2018,12,8,3.7,2016-12-14,"cfbd_coaches",TRUE,"Geoff Collins","coach_geoff_collins"
"George O'Leary","UCF",2014,13,9,-0.4,2003-12-08,"cfbd_coaches",TRUE,"George O'Leary","coach_george_o_leary"
"George O'Leary","UCF",2015,8,0,-21,2003-12-08,"cfbd_coaches",TRUE,"George O'Leary","coach_george_o_leary"
"Gerad Parker","Purdue",2016,6,0,-12.7,2016-10-16,"cfbd_coaches",TRUE,"Gerad Parker","coach_gerad_parker"
"Gerad Parker","Troy",2024,12,4,-9.6,2016-10-16,"cfbd_coaches",TRUE,"Gerad Parker","coach_gerad_parker"
"Gerad Parker","Troy",2025,0,0,-7.9,2016-10-16,"cfbd_coaches",FALSE,"Gerad Parker","coach_gerad_parker"
"G.J. Kinne","Texas State",2023,13,8,-4.9,2022-12-02,"cfbd_coaches",TRUE,"G.J. Kinne","coach_gj_kinne"
"G.J. Kinne","Texas State",2024,13,8,0.9,2022-12-02,"cfbd_coaches",TRUE,"G.J. Kinne","coach_gj_kinne"
"G.J. Kinne","Texas State",2025,0,0,-1.6,2022-12-02,"cfbd_coaches",FALSE,"G.J. Kinne","coach_gj_kinne"
"Greg Gasparato","Troy",2023,1,0,8.7,2023-12-08,"cfbd_coaches",TRUE,"Greg Gasparato","coach_greg_gasparato"
"Greg Knox","Florida",2021,1,1,7.2,2017-11-26,"cfbd_coaches",TRUE,"Greg Knox","coach_greg_knox"
"Greg Knox","Mississippi State",2017,1,1,14.1,2017-11-26,"cfbd_coaches",TRUE,"Greg Knox","coach_greg_knox"
"Greg Knox","Mississippi State",2023,2,1,-1.7,2017-11-26,"cfbd_coaches",TRUE,"Greg Knox","coach_greg_knox"
"Greg Schiano","Rutgers",2020,9,3,-2.7,2019-11-30,"cfbd_coaches",TRUE,"Greg Schiano","coach_greg_schiano"
"Greg Schiano","Rutgers",2021,13,5,0.4,2019-11-30,"cfbd_coaches",TRUE,"Greg Schiano","coach_greg_schiano"
"Greg Schiano","Rutgers",2022,12,4,-7.3,2019-11-30,"cfbd_coaches",TRUE,"Greg Schiano","coach_greg_schiano"
"Greg Schiano","Rutgers",2023,13,7,3.1,2019-11-30,"cfbd_coaches",TRUE,"Greg Schiano","coach_greg_schiano"
"Greg Schiano","Rutgers",2024,13,7,5.1,2019-11-30,"cfbd_coaches",TRUE,"Greg Schiano","coach_greg_schiano"
"Greg Schiano","Rutgers",2025,0,0,2.4,2019-11-30,"cfbd_coaches",FALSE,"Greg Schiano","coach_greg_schiano"
"Gus Malzahn","Auburn",2014,13,8,21.1,2012-12-04,"cfbd_coaches",TRUE,"Gus Malzahn","coach_gus_malzahn"
"Gus Malzahn","Auburn",2015,13,7,9.1,2012-12-04,"cfbd_coaches",TRUE,"Gus Malzahn","coach_gus_malzahn"
"Gus Malzahn","Auburn",2016,13,8,16.8,2012-12-04,"cfbd_coaches",TRUE,"Gus Malzahn","coach_gus_malzahn"
"Gus Malzahn","Auburn",2017,14,10,23.6,2012-12-04,"cfbd_coaches",TRUE,"Gus Malzahn","coach_gus_malzahn"
"Gus Malzahn","Auburn",2018,13,8,15,2012-12-04,"cfbd_coaches",TRUE,"Gus Malzahn","coach_gus_malzahn"
"Gus Malzahn","Auburn",2019,13,9,22.1,2012-12-04,"cfbd_coaches",TRUE,"Gus Malzahn","coach_gus_malzahn"
"Gus Malzahn","Auburn",2020,10,6,7.9,2012-12-04,"cfbd_coaches",TRUE,"Gus Malzahn","coach_gus_malzahn"
"Gus Malzahn","UCF",2021,13,9,0.8,2012-12-04,"cfbd_coaches",TRUE,"Gus Malzahn","coach_gus_malzahn"
"Gus Malzahn","UCF",2022,14,9,4.7,2012-12-04,"cfbd_coaches",TRUE,"Gus Malzahn","coach_gus_malzahn"
"Gus Malzahn","UCF",2023,13,6,6.9,2012-12-04,"cfbd_coaches",TRUE,"Gus Malzahn","coach_gus_malzahn"
"Gus Malzahn","UCF",2024,12,4,6.2,2012-12-04,"cfbd_coaches",TRUE,"Gus Malzahn","coach_gus_malzahn"
"Harlon Barnett","Michigan State",2023,10,2,-3.2,2023-09-10,"cfbd_coaches",TRUE,"Harlon Barnett","coach_harlon_barnett"
"Herm Edwards","Arizona State",2018,13,7,4.4,2017-12-03,"cfbd_coaches",TRUE,"Herm Edwards","coach_herm_edwards"
"Herm Edwards","Arizona State",2019,13,8,5.7,2017-12-03,"cfbd_coaches",TRUE,"Herm Edwards","coach_herm_edwards"
"Herm Edwards","Arizona State",2020,4,2,,2017-12-03,"cfbd_coaches",TRUE,"Herm Edwards","coach_herm_edwards"
"Herm Edwards","Arizona State",2021,13,8,8.6,2017-12-03,"cfbd_coaches",TRUE,"Herm Edwards","coach_herm_edwards"
"Herm Edwards","Arizona State",2022,3,1,-3.9,2017-12-03,"cfbd_coaches",TRUE,"Herm Edwards","coach_herm_edwards"
"Hugh Freeze","Auburn",2023,13,6,5.3,2011-12-05,"cfbd_coaches",TRUE,"Hugh Freeze","coach_hugh_freeze"
"Hugh Freeze","Auburn",2024,12,5,6.3,2011-12-05,"cfbd_coaches",TRUE,"Hugh Freeze","coach_hugh_freeze"
"Hugh Freeze","Auburn",2025,0,0,8.3,2011-12-05,"cfbd_coaches",FALSE,"Hugh Freeze","coach_hugh_freeze"
"Hugh Freeze","Liberty",2019,13,8,-6.7,2011-12-05,"cfbd_coaches",TRUE,"Hugh Freeze","coach_hugh_freeze"
"Hugh Freeze","Liberty",2020,11,10,1.7,2011-12-05,"cfbd_coaches",TRUE,"Hugh Freeze","coach_hugh_freeze"
"Hugh Freeze","Liberty",2021,13,8,3.4,2011-12-05,"cfbd_coaches",TRUE,"Hugh Freeze","coach_hugh_freeze"
"Hugh Freeze","Liberty",2022,12,8,-3.5,2011-12-05,"cfbd_coaches",TRUE,"Hugh Freeze","coach_hugh_freeze"
"Hugh Freeze","Mississippi",2014,13,9,21.3,2011-12-05,"cfbd_coaches",TRUE,"Hugh Freeze","coach_hugh_freeze"
"Hugh Freeze","Mississippi",2015,13,10,18.1,2011-12-05,"cfbd_coaches",TRUE,"Hugh Freeze","coach_hugh_freeze"
"Hugh Freeze","Mississippi",2016,12,5,6.1,2011-12-05,"cfbd_coaches",TRUE,"Hugh Freeze","coach_hugh_freeze"
"Jake Dickert","Wake Forest",2025,0,0,4.2,2021-10-18,"cfbd_coaches",FALSE,"Jake Dickert","coach_jake_dickert"
"Jake Dickert","Washington State",2021,6,3,4.5,2021-10-18,"cfbd_coaches",TRUE,"Jake Dickert","coach_jake_dickert"
"Jake Dickert","Washington State",2022,13,7,4.7,2021-10-18,"cfbd_coaches",TRUE,"Jake Dickert","coach_jake_dickert"
"Jake Dickert","Washington State",2023,12,5,6.2,2021-10-18,"cfbd_coaches",TRUE,"Jake Dickert","coach_jake_dickert"
"Jake Dickert","Washington State",2024,12,8,-0.3,2021-10-18,"cfbd_coaches",TRUE,"Jake Dickert","coach_jake_dickert"
"Jake Spavital","Texas State",2019,12,3,-18.8,2018-11-28,"cfbd_coaches",TRUE,"Jake Spavital","coach_jake_spavital"
"Jake Spavital","Texas State",2020,12,2,-8.4,2018-11-28,"cfbd_coaches",TRUE,"Jake Spavital","coach_jake_spavital"
"Jake Spavital","Texas State",2021,12,4,-15.6,2018-11-28,"cfbd_coaches",TRUE,"Jake Spavital","coach_jake_spavital"
"Jake Spavital","Texas State",2022,12,4,-12.8,2018-11-28,"cfbd_coaches",TRUE,"Jake Spavital","coach_jake_spavital"
"James Franklin","Penn State",2014,13,7,1.8,2014-01-11,"cfbd_coaches",TRUE,"James Franklin","coach_james_franklin"
"James Franklin","Penn State",2015,13,7,4.3,2014-01-11,"cfbd_coaches",TRUE,"James Franklin","coach_james_franklin"
"James Franklin","Penn State",2016,14,11,17.5,2014-01-11,"cfbd_coaches",TRUE,"James Franklin","coach_james_franklin"
"James Franklin","Penn State",2017,13,11,25.6,2014-01-11,"cfbd_coaches",TRUE,"James Franklin","coach_james_franklin"
"James Franklin","Penn State",2018,13,9,14.9,2014-01-11,"cfbd_coaches",TRUE,"James Franklin","coach_james_franklin"
"James Franklin","Penn State",2019,13,11,20,2014-01-11,"cfbd_coaches",TRUE,"James Franklin","coach_james_franklin"
"James Franklin","Penn State",2020,9,4,5.3,2014-01-11,"cfbd_coaches",TRUE,"James Franklin","coach_james_franklin"
"James Franklin","Penn State",2021,13,7,14,2014-01-11,"cfbd_coaches",TRUE,"James Franklin","coach_james_franklin"
"James Franklin","Penn State",2022,13,11,18.6,2014-01-11,"cfbd_coaches",TRUE,"James Franklin","coach_james_franklin"
"James Franklin","Penn State",2023,13,10,22.8,2014-01-11,"cfbd_coaches",TRUE,"James Franklin","coach_james_franklin"
"James Franklin","Penn State",2024,16,13,19.3,2014-01-11,"cfbd_coaches",TRUE,"James Franklin","coach_james_franklin"
"James Franklin","Penn State",2025,0,0,14.4,2014-01-11,"cfbd_coaches",FALSE,"James Franklin","coach_james_franklin"
"Jamey Chadwell","Coastal Carolina",2017,12,3,-17.4,,"cfbd_coaches",TRUE,"Jamey Chadwell","coach_jamey_chadwell"
"Jamey Chadwell","Coastal Carolina",2019,12,5,-11.1,,"cfbd_coaches",TRUE,"Jamey Chadwell","coach_jamey_chadwell"
"Jamey Chadwell","Coastal Carolina",2020,12,11,13.9,,"cfbd_coaches",TRUE,"Jamey Chadwell","coach_jamey_chadwell"
"Jamey Chadwell","Coastal Carolina",2021,13,11,2.8,,"cfbd_coaches",TRUE,"Jamey Chadwell","coach_jamey_chadwell"
"Jamey Chadwell","Coastal Carolina",2022,12,9,-6.4,,"cfbd_coaches",TRUE,"Jamey Chadwell","coach_jamey_chadwell"
"Jamey Chadwell","Liberty",2023,14,13,7.3,,"cfbd_coaches",TRUE,"Jamey Chadwell","coach_jamey_chadwell"
"Jamey Chadwell","Liberty",2024,12,8,-9.9,,"cfbd_coaches",TRUE,"Jamey Chadwell","coach_jamey_chadwell"
"Jamey Chadwell","Liberty",2025,0,0,-10,,"cfbd_coaches",FALSE,"Jamey Chadwell","coach_jamey_chadwell"
"Jason Candle","Toledo",2015,1,1,10.2,2015-12-02,"cfbd_coaches",TRUE,"Jason Candle","coach_jason_candle"
"Jason Candle","Toledo",2016,13,9,5,2015-12-02,"cfbd_coaches",TRUE,"Jason Candle","coach_jason_candle"
"Jason Candle","Toledo",2017,14,11,3.8,2015-12-02,"cfbd_coaches",TRUE,"Jason Candle","coach_jason_candle"
"Jason Candle","Toledo",2018,13,7,-1.6,2015-12-02,"cfbd_coaches",TRUE,"Jason Candle","coach_jason_candle"
"Jason Candle","Toledo",2019,12,6,-16.2,2015-12-02,"cfbd_coaches",TRUE,"Jason Candle","coach_jason_candle"
"Jason Candle","Toledo",2020,6,4,,2015-12-02,"cfbd_coaches",TRUE,"Jason Candle","coach_jason_candle"
"Jason Candle","Toledo",2021,13,7,0.4,2015-12-02,"cfbd_coaches",TRUE,"Jason Candle","coach_jason_candle"
"Jason Candle","Toledo",2022,14,9,-3.4,2015-12-02,"cfbd_coaches",TRUE,"Jason Candle","coach_jason_candle"
"Jason Candle","Toledo",2023,14,11,0.8,2015-12-02,"cfbd_coaches",TRUE,"Jason Candle","coach_jason_candle"
"Jason Candle","Toledo",2024,13,8,-2,2015-12-02,"cfbd_coaches",TRUE,"Jason Candle","coach_jason_candle"
"Jason Candle","Toledo",2025,0,0,6.2,2015-12-02,"cfbd_coaches",FALSE,"Jason Candle","coach_jason_candle"
"Jason Eck","New Mexico",2025,0,0,-0.2,,"cfbd_coaches",FALSE,"Jason Eck","coach_jason_eck"
"Jay Hopson","Southern Miss",2016,13,7,-8.8,2016-01-30,"cfbd_coaches",TRUE,"Jay Hopson","coach_jay_hopson"
"Jay Hopson","Southern Miss",2017,13,8,-9.7,2016-01-30,"cfbd_coaches",TRUE,"Jay Hopson","coach_jay_hopson"
"Jay Hopson","Southern Miss",2018,11,6,-6.8,2016-01-30,"cfbd_coaches",TRUE,"Jay Hopson","coach_jay_hopson"
"Jay Hopson","Southern Miss",2019,13,7,-4.9,2016-01-30,"cfbd_coaches",TRUE,"Jay Hopson","coach_jay_hopson"
"Jay Hopson","Southern Miss",2020,1,0,-15,2016-01-30,"cfbd_coaches",TRUE,"Jay Hopson","coach_jay_hopson"
"Jay Norvell","Colorado State",2022,12,3,-17.1,2016-12-07,"cfbd_coaches",TRUE,"Jay Norvell","coach_jay_norvell"
"Jay Norvell","Colorado State",2023,12,5,-8.8,2016-12-07,"cfbd_coaches",TRUE,"Jay Norvell","coach_jay_norvell"
"Jay Norvell","Colorado State",2024,13,8,-8.2,2016-12-07,"cfbd_coaches",TRUE,"Jay Norvell","coach_jay_norvell"
"Jay Norvell","Colorado State",2025,0,0,-13.8,2016-12-07,"cfbd_coaches",FALSE,"Jay Norvell","coach_jay_norvell"
"Jay Norvell","Nevada",2017,12,3,-9.2,2016-12-07,"cfbd_coaches",TRUE,"Jay Norvell","coach_jay_norvell"
"Jay Norvell","Nevada",2018,13,8,-3.9,2016-12-07,"cfbd_coaches",TRUE,"Jay Norvell","coach_jay_norvell"
"Jay Norvell","Nevada",2019,13,7,-12.6,2016-12-07,"cfbd_coaches",TRUE,"Jay Norvell","coach_jay_norvell"
"Jay Norvell","Nevada",2020,9,7,2.1,2016-12-07,"cfbd_coaches",TRUE,"Jay Norvell","coach_jay_norvell"
"Jay Norvell","Nevada",2021,12,8,6.3,2016-12-07,"cfbd_coaches",TRUE,"Jay Norvell","coach_jay_norvell"
"Jay Sawvel","Wyoming",2024,12,3,-12.1,2023-12-06,"cfbd_coaches",TRUE,"Jay Sawvel","coach_jay_sawvel"
"Jay Sawvel","Wyoming",2025,0,0,-10.7,2023-12-06,"cfbd_coaches",FALSE,"Jay Sawvel","coach_jay_sawvel"
"J.C. Price","Virginia Tech",2021,3,1,1.2,2021-11-16,"cfbd_coaches",TRUE,"J.C. Price","coach_jc_price"
"Jedd Fisch","Arizona",2021,12,1,-9.2,2017-11-19,"cfbd_coaches",TRUE,"Jedd Fisch","coach_jedd_fisch"
"Jedd Fisch","Arizona",2022,12,5,-2,2017-11-19,"cfbd_coaches",TRUE,"Jedd Fisch","coach_jedd_fisch"
"Jedd Fisch","Arizona",2023,13,10,13.3,2017-11-19,"cfbd_coaches",TRUE,"Jedd Fisch","coach_jedd_fisch"
"Jedd Fisch","UCLA",2017,2,1,0.8,2017-11-19,"cfbd_coaches",TRUE,"Jedd Fisch","coach_jedd_fisch"
"Jedd Fisch","Washington",2024,13,6,4.8,2017-11-19,"cfbd_coaches",TRUE,"Jedd Fisch","coach_jedd_fisch"
"Jedd Fisch","Washington",2025,0,0,17.4,2017-11-19,"cfbd_coaches",FALSE,"Jedd Fisch","coach_jedd_fisch"
"Jeff Banks","Texas A&M",2017,1,0,5.4,2017-11-26,"cfbd_coaches",TRUE,"Jeff Banks","coach_jeff_banks"
"Jeff Brohm","Louisville",2023,14,10,12.6,2014-01-10,"cfbd_coaches",TRUE,"Jeff Brohm","coach_jeff_brohm"
"Jeff Brohm","Louisville",2024,13,9,15.4,2014-01-10,"cfbd_coaches",TRUE,"Jeff Brohm","coach_jeff_brohm"
"Jeff Brohm","Louisville",2025,0,0,9.3,2014-01-10,"cfbd_coaches",FALSE,"Jeff Brohm","coach_jeff_brohm"
"Jeff Brohm","Purdue",2017,13,7,10.8,2014-01-10,"cfbd_coaches",TRUE,"Jeff Brohm","coach_jeff_brohm"
"Jeff Brohm","Purdue",2018,13,6,7.6,2014-01-10,"cfbd_coaches",TRUE,"Jeff Brohm","coach_jeff_brohm"
"Jeff Brohm","Purdue",2019,12,4,-0.5,2014-01-10,"cfbd_coaches",TRUE,"Jeff Brohm","coach_jeff_brohm"
"Jeff Brohm","Purdue",2020,6,2,-0.4,2014-01-10,"cfbd_coaches",TRUE,"Jeff Brohm","coach_jeff_brohm"
"Jeff Brohm","Purdue",2021,13,9,7.9,2014-01-10,"cfbd_coaches",TRUE,"Jeff Brohm","coach_jeff_brohm"
"Jeff Brohm","Purdue",2022,13,8,5.1,2014-01-10,"cfbd_coaches",TRUE,"Jeff Brohm","coach_jeff_brohm"
"Jeff Brohm","Western Kentucky",2014,13,8,0.6,2014-01-10,"cfbd_coaches",TRUE,"Jeff Brohm","coach_jeff_brohm"
"Jeff Brohm","Western Kentucky",2015,14,12,9.7,2014-01-10,"cfbd_coaches",TRUE,"Jeff Brohm","coach_jeff_brohm"
"Jeff Brohm","Western Kentucky",2016,13,10,10.1,2014-01-10,"cfbd_coaches",TRUE,"Jeff Brohm","coach_jeff_brohm"
"Jeff Choate","Nevada",2024,13,3,-9.2,2023-12-04,"cfbd_coaches",TRUE,"Jeff Choate","coach_jeff_choate"
"Jeff Choate","Nevada",2025,0,0,-13.3,2023-12-04,"cfbd_coaches",FALSE,"Jeff Choate","coach_jeff_choate"
"Jeff Hafley","Boston College",2020,11,6,,2019-12-14,"cfbd_coaches",TRUE,"Jeff Hafley","coach_jeff_hafley"
"Jeff Hafley","Boston College",2021,12,6,0.9,2019-12-14,"cfbd_coaches",TRUE,"Jeff Hafley","coach_jeff_hafley"
"Jeff Hafley","Boston College",2022,12,3,-10.2,2019-12-14,"cfbd_coaches",TRUE,"Jeff Hafley","coach_jeff_hafley"
"Jeff Hafley","Boston College",2023,13,7,-4.8,2019-12-14,"cfbd_coaches",TRUE,"Jeff Hafley","coach_jeff_hafley"
"Jeff Lebby","Mississippi State",2024,12,2,-1.6,2023-11-26,"cfbd_coaches",TRUE,"Jeff Lebby","coach_jeff_lebby"
"Jeff Lebby","Mississippi State",2025,0,0,2.3,2023-11-26,"cfbd_coaches",FALSE,"Jeff Lebby","coach_jeff_lebby"
"Jeff Monken","Army",2014,12,4,-16.4,2013-12-24,"cfbd_coaches",TRUE,"Jeff Monken","coach_jeff_monken"
"Jeff Monken","Army",2015,12,2,-11.5,2013-12-24,"cfbd_coaches",TRUE,"Jeff Monken","coach_jeff_monken"
"Jeff Monken","Army",2016,13,8,-5.2,2013-12-24,"cfbd_coaches",TRUE,"Jeff Monken","coach_jeff_monken"
"Jeff Monken","Army",2017,13,10,0.9,2013-12-24,"cfbd_coaches",TRUE,"Jeff Monken","coach_jeff_monken"
"Jeff Monken","Army",2018,13,11,9.5,2013-12-24,"cfbd_coaches",TRUE,"Jeff Monken","coach_jeff_monken"
"Jeff Monken","Army",2019,13,5,-5.8,2013-12-24,"cfbd_coaches",TRUE,"Jeff Monken","coach_jeff_monken"
"Jeff Monken","Army",2020,12,9,2.5,2013-12-24,"cfbd_coaches",TRUE,"Jeff Monken","coach_jeff_monken"
"Jeff Monken","Army",2021,13,9,4.6,2013-12-24,"cfbd_coaches",TRUE,"Jeff Monken","coach_jeff_monken"
"Jeff Monken","Army",2022,12,6,-3.8,2013-12-24,"cfbd_coaches",TRUE,"Jeff Monken","coach_jeff_monken"
"Jeff Monken","Army",2023,12,6,-5.3,2013-12-24,"cfbd_coaches",TRUE,"Jeff Monken","coach_jeff_monken"
"Jeff Monken","Army",2024,14,12,6.6,2013-12-24,"cfbd_coaches",TRUE,"Jeff Monken","coach_jeff_monken"
"Jeff Monken","Army",2025,0,0,-0.8,2013-12-24,"cfbd_coaches",FALSE,"Jeff Monken","coach_jeff_monken"
"Jeff Quinn","Buffalo",2014,7,3,-13.6,2009-12-20,"cfbd_coaches",TRUE,"Jeff Quinn","coach_jeff_quinn"
"Jeff Scott","South Florida",2020,9,1,,2019-12-09,"cfbd_coaches",TRUE,"Jeff Scott","coach_jeff_scott"
"Jeff Scott","South Florida",2021,12,2,-10.5,2019-12-09,"cfbd_coaches",TRUE,"Jeff Scott","coach_jeff_scott"
"Jeff Scott","South Florida",2022,9,1,-12,2019-12-09,"cfbd_coaches",TRUE,"Jeff Scott","coach_jeff_scott"
"Jeff Tedford","Fresno State",2017,14,10,3.3,,"cfbd_coaches",TRUE,"Jeff Tedford","coach_jeff_tedford"
"Jeff Tedford","Fresno State",2018,14,12,12.8,,"cfbd_coaches",TRUE,"Jeff Tedford","coach_jeff_tedford"
"Jeff Tedford","Fresno State",2019,12,4,-4.6,,"cfbd_coaches",TRUE,"Jeff Tedford","coach_jeff_tedford"
"Jeff Tedford","Fresno State",2022,14,10,2.4,,"cfbd_coaches",TRUE,"Jeff Tedford","coach_jeff_tedford"
"Jeff Tedford","Fresno State",2023,13,9,-3.2,,"cfbd_coaches",TRUE,"Jeff Tedford","coach_jeff_tedford"
"Jeff Traylor","UTSA",2020,12,7,-3.9,2019-12-09,"cfbd_coaches",TRUE,"Jeff Traylor","coach_jeff_traylor"
"Jeff Traylor","UTSA",2021,14,12,6.4,2019-12-09,"cfbd_coaches",TRUE,"Jeff Traylor","coach_jeff_traylor"
"Jeff Traylor","UTSA",2022,14,11,2.7,2019-12-09,"cfbd_coaches",TRUE,"Jeff Traylor","coach_jeff_traylor"
"Jeff Traylor","UTSA",2023,13,9,0.4,2019-12-09,"cfbd_coaches",TRUE,"Jeff Traylor","coach_jeff_traylor"
"Jeff Traylor","UTSA",2024,13,7,-3.6,2019-12-09,"cfbd_coaches",TRUE,"Jeff Traylor","coach_jeff_traylor"
"Jeff Traylor","UTSA",2025,0,0,1.5,2019-12-09,"cfbd_coaches",FALSE,"Jeff Traylor","coach_jeff_traylor"
"Jeremy Pruitt","Tennessee",2018,12,5,0.9,2017-12-07,"cfbd_coaches",TRUE,"Jeremy Pruitt","coach_jeremy_pruitt"
"Jeremy Pruitt","Tennessee",2019,13,8,3.5,2017-12-07,"cfbd_coaches",TRUE,"Jeremy Pruitt","coach_jeremy_pruitt"
"Jeremy Pruitt","Tennessee",2020,10,3,-0.3,2017-12-07,"cfbd_coaches",TRUE,"Jeremy Pruitt","coach_jeremy_pruitt"
"Jerry Kill","Minnesota",2014,13,8,8,2010-12-06,"cfbd_coaches",TRUE,"Jerry Kill","coach_jerry_kill"
"Jerry Kill","Minnesota",2015,7,4,0.2,2010-12-06,"cfbd_coaches",TRUE,"Jerry Kill","coach_jerry_kill"
"Jerry Kill","New Mexico State",2022,13,7,-11.6,2010-12-06,"cfbd_coaches",TRUE,"Jerry Kill","coach_jerry_kill"
"Jerry Kill","New Mexico State",2023,15,10,-3,2010-12-06,"cfbd_coaches",TRUE,"Jerry Kill","coach_jerry_kill"
"Jerry Kill","TCU",2021,4,2,-2.8,2010-12-06,"cfbd_coaches",TRUE,"Jerry Kill","coach_jerry_kill"
"Jerry Mack","Kennesaw State",2025,0,0,-4.4,,"cfbd_coaches",FALSE,"Jerry Mack","coach_jerry_mack"
"Jess Simpson","Miami",2021,0,0,2.9,2021-12-07,"cfbd_coaches",TRUE,"Jess Simpson","coach_jess_simpson"
"Jim Grobe","Baylor",2016,13,7,3.9,2016-05-30,"cfbd_coaches",TRUE,"Jim Grobe","coach_jim_grobe"
"Jim Harbaugh","Michigan",2015,13,10,17.5,2014-12-30,"cfbd_coaches",TRUE,"Jim Harbaugh","coach_jim_harbaugh"
"Jim Harbaugh","Michigan",2016,13,10,24.1,2014-12-30,"cfbd_coaches",TRUE,"Jim Harbaugh","coach_jim_harbaugh"
"Jim Harbaugh","Michigan",2017,13,8,12.9,2014-12-30,"cfbd_coaches",TRUE,"Jim Harbaugh","coach_jim_harbaugh"
"Jim Harbaugh","Michigan",2018,13,10,19,2014-12-30,"cfbd_coaches",TRUE,"Jim Harbaugh","coach_jim_harbaugh"
"Jim Harbaugh","Michigan",2019,13,9,18.1,2014-12-30,"cfbd_coaches",TRUE,"Jim Harbaugh","coach_jim_harbaugh"
"Jim Harbaugh","Michigan",2020,6,2,-0.6,2014-12-30,"cfbd_coaches",TRUE,"Jim Harbaugh","coach_jim_harbaugh"
"Jim Harbaugh","Michigan",2021,14,12,18.3,2014-12-30,"cfbd_coaches",TRUE,"Jim Harbaugh","coach_jim_harbaugh"
"Jim Harbaugh","Michigan",2022,14,13,21.1,2014-12-30,"cfbd_coaches",TRUE,"Jim Harbaugh","coach_jim_harbaugh"
"Jim Harbaugh","Michigan",2023,15,15,25.9,2014-12-30,"cfbd_coaches",TRUE,"Jim Harbaugh","coach_jim_harbaugh"
"Jim Leavitt","SMU",2021,0,0,6.1,,"cfbd_coaches",TRUE,"Jim Leavitt","coach_jim_leavitt"
"Jim Leonhard","Wisconsin",2022,7,4,5.4,2022-10-02,"cfbd_coaches",TRUE,"Jim Leonhard","coach_jim_leonhard"
"Jim McElwain","Central Michigan",2019,14,8,-6.3,2011-12-12,"cfbd_coaches",TRUE,"Jim McElwain","coach_jim_mcelwain"
"Jim McElwain","Central Michigan",2020,6,3,,2011-12-12,"cfbd_coaches",TRUE,"Jim McElwain","coach_jim_mcelwain"
"Jim McElwain","Central Michigan",2021,13,9,-5.3,2011-12-12,"cfbd_coaches",TRUE,"Jim McElwain","coach_jim_mcelwain"
"Jim McElwain","Central Michigan",2022,12,4,-12.2,2011-12-12,"cfbd_coaches",TRUE,"Jim McElwain","coach_jim_mcelwain"
"Jim McElwain","Central Michigan",2023,12,5,-15.5,2011-12-12,"cfbd_coaches",TRUE,"Jim McElwain","coach_jim_mcelwain"
"Jim McElwain","Central Michigan",2024,12,4,-13.1,2011-12-12,"cfbd_coaches",TRUE,"Jim McElwain","coach_jim_mcelwain"
"Jim McElwain","Colorado State",2014,12,10,3.1,2011-12-12,"cfbd_coaches",TRUE,"Jim McElwain","coach_jim_mcelwain"
"Jim McElwain","Florida",2015,14,10,9.7,2011-12-12,"cfbd_coaches",TRUE,"Jim McElwain","coach_jim_mcelwain"
"Jim McElwain","Florida",2016,13,9,12.4,2011-12-12,"cfbd_coaches",TRUE,"Jim McElwain","coach_jim_mcelwain"
"Jim McElwain","Florida",2017,7,3,-0.9,2011-12-12,"cfbd_coaches",TRUE,"Jim McElwain","coach_jim_mcelwain"
"Jim Mora","Connecticut",2022,13,6,-11.2,2011-12-10,"cfbd_coaches",TRUE,"Jim Mora","coach_jim_mora"
"Jim Mora","Connecticut",2023,12,3,-13.5,2011-12-10,"cfbd_coaches",TRUE,"Jim Mora","coach_jim_mora"
"Jim Mora","Connecticut",2024,13,9,-1.1,2011-12-10,"cfbd_coaches",TRUE,"Jim Mora","coach_jim_mora"
"Jim Mora","Connecticut",2025,0,0,-3.5,2011-12-10,"cfbd_coaches",FALSE,"Jim Mora","coach_jim_mora"
"Jim Mora","UCLA",2014,13,10,15.5,2011-12-10,"cfbd_coaches",TRUE,"Jim Mora","coach_jim_mora"
"Jim Mora","UCLA",2015,13,8,9.9,2011-12-10,"cfbd_coaches",TRUE,"Jim Mora","coach_jim_mora"
"Jim Mora","UCLA",2016,12,4,3.4,2011-12-10,"cfbd_coaches",TRUE,"Jim Mora","coach_jim_mora"
"Jim Mora","UCLA",2017,11,5,0.8,2011-12-10,"cfbd_coaches",TRUE,"Jim Mora","coach_jim_mora"
"Jimbo Fisher","Florida State",2014,14,13,14.2,2010-01-05,"cfbd_coaches",TRUE,"Jimbo Fisher","coach_jimbo_fisher"
"Jimbo Fisher","Florida State",2015,13,10,15.8,2010-01-05,"cfbd_coaches",TRUE,"Jimbo Fisher","coach_jimbo_fisher"
"Jimbo Fisher","Florida State",2016,13,10,17.5,2010-01-05,"cfbd_coaches",TRUE,"Jimbo Fisher","coach_jimbo_fisher"
"Jimbo Fisher","Florida State",2017,11,5,10.1,2010-01-05,"cfbd_coaches",TRUE,"Jimbo Fisher","coach_jimbo_fisher"
"Jimbo Fisher","Texas A&M",2018,13,9,17.9,2010-01-05,"cfbd_coaches",TRUE,"Jimbo Fisher","coach_jimbo_fisher"
"Jimbo Fisher","Texas A&M",2019,13,8,12.1,2010-01-05,"cfbd_coaches",TRUE,"Jimbo Fisher","coach_jimbo_fisher"
"Jimbo Fisher","Texas A&M",2020,10,9,14.3,2010-01-05,"cfbd_coaches",TRUE,"Jimbo Fisher","coach_jimbo_fisher"
"Jimbo Fisher","Texas A&M",2021,12,8,12.2,2010-01-05,"cfbd_coaches",TRUE,"Jimbo Fisher","coach_jimbo_fisher"
"Jimbo Fisher","Texas A&M",2022,12,5,3.3,2010-01-05,"cfbd_coaches",TRUE,"Jimbo Fisher","coach_jimbo_fisher"
"Jimbo Fisher","Texas A&M",2023,10,6,11.5,2010-01-05,"cfbd_coaches",TRUE,"Jimbo Fisher","coach_jimbo_fisher"
"Jimmy Lake","Washington",2020,4,3,,2019-12-02,"cfbd_coaches",TRUE,"Jimmy Lake","coach_jimmy_lake"
"Jimmy Lake","Washington",2021,9,4,2.3,2019-12-02,"cfbd_coaches",TRUE,"Jimmy Lake","coach_jimmy_lake"
"Jimmy Rogers","Washington State",2025,0,0,6.2,,"cfbd_coaches",FALSE,"Jimmy Rogers","coach_jimmy_rogers"
"Joe Harasymiak","Massachusetts",2025,0,0,-32.3,,"cfbd_coaches",FALSE,"Joe Harasymiak","coach_joe_harasymiak"
"Joe Moglia","Coastal Carolina",2018,12,5,-15.9,2011-12-20,"cfbd_coaches",TRUE,"Joe Moglia","coach_joe_moglia"
"Joe Moorhead","Akron",2022,12,2,-13.8,2017-11-28,"cfbd_coaches",TRUE,"Joe Moorhead","coach_joe_moorhead"
"Joe Moorhead","Akron",2023,12,2,-21.8,2017-11-28,"cfbd_coaches",TRUE,"Joe Moorhead","coach_joe_moorhead"
"Joe Moorhead","Akron",2024,12,4,-12.9,2017-11-28,"cfbd_coaches",TRUE,"Joe Moorhead","coach_joe_moorhead"
"Joe Moorhead","Akron",2025,0,0,-14.6,2017-11-28,"cfbd_coaches",FALSE,"Joe Moorhead","coach_joe_moorhead"
"Joe Moorhead","Mississippi State",2018,13,8,19.8,2017-11-28,"cfbd_coaches",TRUE,"Joe Moorhead","coach_joe_moorhead"
"Joe Moorhead","Mississippi State",2019,13,6,5,2017-11-28,"cfbd_coaches",TRUE,"Joe Moorhead","coach_joe_moorhead"
"Joey Jones","South Alabama",2014,13,6,-11.7,2008-02-15,"cfbd_coaches",TRUE,"Joey Jones","coach_joey_jones"
"Joey Jones","South Alabama",2015,12,5,-17.6,2008-02-15,"cfbd_coaches",TRUE,"Joey Jones","coach_joey_jones"
"Joey Jones","South Alabama",2016,13,6,-10,2008-02-15,"cfbd_coaches",TRUE,"Joey Jones","coach_joey_jones"
"Joey Jones","South Alabama",2017,12,4,-16.3,2008-02-15,"cfbd_coaches",TRUE,"Joey Jones","coach_joey_jones"
"Joey McGuire","Texas Tech",2022,13,8,9.7,2021-11-08,"cfbd_coaches",TRUE,"Joey McGuire","coach_joey_mcguire"
"Joey McGuire","Texas Tech",2023,13,7,7.3,2021-11-08,"cfbd_coaches",TRUE,"Joey McGuire","coach_joey_mcguire"
"Joey McGuire","Texas Tech",2024,13,8,3.9,2021-11-08,"cfbd_coaches",TRUE,"Joey McGuire","coach_joey_mcguire"
"Joey McGuire","Texas Tech",2025,0,0,22.3,2021-11-08,"cfbd_coaches",FALSE,"Joey McGuire","coach_joey_mcguire"
"John Bonamego","Central Michigan",2015,13,7,-0.2,2015-02-09,"cfbd_coaches",TRUE,"John Bonamego","coach_john_bonamego"
"John Bonamego","Central Michigan",2016,13,6,-9.1,2015-02-09,"cfbd_coaches",TRUE,"John Bonamego","coach_john_bonamego"
"John Bonamego","Central Michigan",2017,13,8,-5.6,2015-02-09,"cfbd_coaches",TRUE,"John Bonamego","coach_john_bonamego"
"John Bonamego","Central Michigan",2018,12,1,-18.9,2015-02-09,"cfbd_coaches",TRUE,"John Bonamego","coach_john_bonamego"
"Jon Sumrall","Troy",2022,14,12,2.4,2021-12-02,"cfbd_coaches",TRUE,"Jon Sumrall","coach_jon_sumrall"
"Jon Sumrall","Troy",2023,13,11,8.7,2021-12-02,"cfbd_coaches",TRUE,"Jon Sumrall","coach_jon_sumrall"
"Jon Sumrall","Tulane",2024,14,9,7.4,2021-12-02,"cfbd_coaches",TRUE,"Jon Sumrall","coach_jon_sumrall"
"Jon Sumrall","Tulane",2025,0,0,3,2021-12-02,"cfbd_coaches",FALSE,"Jon Sumrall","coach_jon_sumrall"
"Jonathan Smith","Michigan State",2024,12,5,-2.8,2017-11-29,"cfbd_coaches",TRUE,"Jonathan Smith","coach_jonathan_smith"
"Jonathan Smith","Michigan State",2025,0,0,-0.3,2017-11-29,"cfbd_coaches",FALSE,"Jonathan Smith","coach_jonathan_smith"
"Jonathan Smith","Oregon State",2018,12,2,-16,2017-11-29,"cfbd_coaches",TRUE,"Jonathan Smith","coach_jonathan_smith"
"Jonathan Smith","Oregon State",2019,12,5,3,2017-11-29,"cfbd_coaches",TRUE,"Jonathan Smith","coach_jonathan_smith"
"Jonathan Smith","Oregon State",2020,7,2,,2017-11-29,"cfbd_coaches",TRUE,"Jonathan Smith","coach_jonathan_smith"
"Jonathan Smith","Oregon State",2021,13,7,7.5,2017-11-29,"cfbd_coaches",TRUE,"Jonathan Smith","coach_jonathan_smith"
"Jonathan Smith","Oregon State",2022,13,10,14.6,2017-11-29,"cfbd_coaches",TRUE,"Jonathan Smith","coach_jonathan_smith"
"Jonathan Smith","Oregon State",2023,12,8,15.3,2017-11-29,"cfbd_coaches",TRUE,"Jonathan Smith","coach_jonathan_smith"
"Josh Aldridge","Liberty",2022,1,0,-3.5,2022-11-29,"cfbd_coaches",TRUE,"Josh Aldridge","coach_josh_aldridge"
"Josh Heupel","Tennessee",2021,13,7,8,2017-12-05,"cfbd_coaches",TRUE,"Josh Heupel","coach_josh_heupel"
"Josh Heupel","Tennessee",2022,13,11,19.9,2017-12-05,"cfbd_coaches",TRUE,"Josh Heupel","coach_josh_heupel"
"Josh Heupel","Tennessee",2023,13,9,9.1,2017-12-05,"cfbd_coaches",TRUE,"Josh Heupel","coach_josh_heupel"
"Josh Heupel","Tennessee",2024,13,10,14.3,2017-12-05,"cfbd_coaches",TRUE,"Josh Heupel","coach_josh_heupel"
"Josh Heupel","Tennessee",2025,0,0,11.7,2017-12-05,"cfbd_coaches",FALSE,"Josh Heupel","coach_josh_heupel"
"Josh Heupel","UCF",2018,13,12,14.9,2017-12-05,"cfbd_coaches",TRUE,"Josh Heupel","coach_josh_heupel"
"Josh Heupel","UCF",2019,13,10,13.3,2017-12-05,"cfbd_coaches",TRUE,"Josh Heupel","coach_josh_heupel"
"Josh Heupel","UCF",2020,10,6,,2017-12-05,"cfbd_coaches",TRUE,"Josh Heupel","coach_josh_heupel"
"June Jones","SMU",2014,2,0,-24.6,2008-01-07,"cfbd_coaches",TRUE,"June Jones","coach_june_jones"
"Justin Fuente","Memphis",2014,13,10,7.3,2011-12-08,"cfbd_coaches",TRUE,"Justin Fuente","coach_justin_fuente"
"Justin Fuente","Memphis",2015,12,9,9.3,2011-12-08,"cfbd_coaches",TRUE,"Justin Fuente","coach_justin_fuente"
"Justin Fuente","Virginia Tech",2016,14,10,15,2011-12-08,"cfbd_coaches",TRUE,"Justin Fuente","coach_justin_fuente"
"Justin Fuente","Virginia Tech",2017,13,9,14.8,2011-12-08,"cfbd_coaches",TRUE,"Justin Fuente","coach_justin_fuente"
"Justin Fuente","Virginia Tech",2018,13,6,-2.6,2011-12-08,"cfbd_coaches",TRUE,"Justin Fuente","coach_justin_fuente"
"Justin Fuente","Virginia Tech",2019,13,8,4.5,2011-12-08,"cfbd_coaches",TRUE,"Justin Fuente","coach_justin_fuente"
"Justin Fuente","Virginia Tech",2020,11,5,,2011-12-08,"cfbd_coaches",TRUE,"Justin Fuente","coach_justin_fuente"
"Justin Fuente","Virginia Tech",2021,10,5,1.2,2011-12-08,"cfbd_coaches",TRUE,"Justin Fuente","coach_justin_fuente"
"Justin Wilcox","California",2017,12,5,1.9,2017-01-14,"cfbd_coaches",TRUE,"Justin Wilcox","coach_justin_wilcox"
"Justin Wilcox","California",2018,13,7,0.3,2017-01-14,"cfbd_coaches",TRUE,"Justin Wilcox","coach_justin_wilcox"
"Justin Wilcox","California",2019,13,8,4.2,2017-01-14,"cfbd_coaches",TRUE,"Justin Wilcox","coach_justin_wilcox"
"Justin Wilcox","California",2020,4,1,,2017-01-14,"cfbd_coaches",TRUE,"Justin Wilcox","coach_justin_wilcox"
"Justin Wilcox","California",2021,12,5,3.6,2017-01-14,"cfbd_coaches",TRUE,"Justin Wilcox","coach_justin_wilcox"
"Justin Wilcox","California",2022,12,4,-1.3,2017-01-14,"cfbd_coaches",TRUE,"Justin Wilcox","coach_justin_wilcox"
"Justin Wilcox","California",2023,13,6,4.3,2017-01-14,"cfbd_coaches",TRUE,"Justin Wilcox","coach_justin_wilcox"
"Justin Wilcox","California",2024,13,6,1.8,2017-01-14,"cfbd_coaches",TRUE,"Justin Wilcox","coach_justin_wilcox"
"Justin Wilcox","California",2025,0,0,-4.1,2017-01-14,"cfbd_coaches",FALSE,"Justin Wilcox","coach_justin_wilcox"
"Kalani Sitake","BYU",2016,13,9,7.3,2015-12-19,"cfbd_coaches",TRUE,"Kalani Sitake","coach_kalani_sitake"
"Kalani Sitake","BYU",2017,13,4,-10.6,2015-12-19,"cfbd_coaches",TRUE,"Kalani Sitake","coach_kalani_sitake"
"Kalani Sitake","BYU",2018,13,7,3.2,2015-12-19,"cfbd_coaches",TRUE,"Kalani Sitake","coach_kalani_sitake"
"Kalani Sitake","BYU",2019,13,7,-1,2015-12-19,"cfbd_coaches",TRUE,"Kalani Sitake","coach_kalani_sitake"
"Kalani Sitake","BYU",2020,12,11,19.6,2015-12-19,"cfbd_coaches",TRUE,"Kalani Sitake","coach_kalani_sitake"
"Kalani Sitake","BYU",2021,13,10,8,2015-12-19,"cfbd_coaches",TRUE,"Kalani Sitake","coach_kalani_sitake"
"Kalani Sitake","BYU",2022,13,8,-0.3,2015-12-19,"cfbd_coaches",TRUE,"Kalani Sitake","coach_kalani_sitake"
"Kalani Sitake","BYU",2023,12,5,-0.8,2015-12-19,"cfbd_coaches",TRUE,"Kalani Sitake","coach_kalani_sitake"
"Kalani Sitake","BYU",2024,13,11,14.8,2015-12-19,"cfbd_coaches",TRUE,"Kalani Sitake","coach_kalani_sitake"
"Kalani Sitake","BYU",2025,0,0,15,2015-12-19,"cfbd_coaches",FALSE,"Kalani Sitake","coach_kalani_sitake"
"Kalen DeBoer","Alabama",2024,13,9,18.1,2019-12-17,"cfbd_coaches",TRUE,"Kalen DeBoer","coach_kalen_deboer"
"Kalen DeBoer","Alabama",2025,0,0,12.7,2019-12-17,"cfbd_coaches",FALSE,"Kalen DeBoer","coach_kalen_deboer"
"Kalen DeBoer","Fresno State",2020,6,3,-6.7,2019-12-17,"cfbd_coaches",TRUE,"Kalen DeBoer","coach_kalen_deboer"
"Kalen DeBoer","Fresno State",2021,12,9,5.2,2019-12-17,"cfbd_coaches",TRUE,"Kalen DeBoer","coach_kalen_deboer"
"Kalen DeBoer","Washington",2022,13,11,12,2019-12-17,"cfbd_coaches",TRUE,"Kalen DeBoer","coach_kalen_deboer"
"Kalen DeBoer","Washington",2023,15,14,16.5,2019-12-17,"cfbd_coaches",TRUE,"Kalen DeBoer","coach_kalen_deboer"
"Kane Wommack","South Alabama",2021,12,5,-8.6,2020-12-12,"cfbd_coaches",TRUE,"Kane Wommack","coach_kane_wommack"
"Kane Wommack","South Alabama",2022,13,10,1.1,2020-12-12,"cfbd_coaches",TRUE,"Kane Wommack","coach_kane_wommack"
"Kane Wommack","South Alabama",2023,13,7,-0.8,2020-12-12,"cfbd_coaches",TRUE,"Kane Wommack","coach_kane_wommack"
"Karl Dorrell","Colorado",2020,6,4,,2020-02-23,"cfbd_coaches",TRUE,"Karl Dorrell","coach_karl_dorrell"
"Karl Dorrell","Colorado",2021,12,4,-5.8,2020-02-23,"cfbd_coaches",TRUE,"Karl Dorrell","coach_karl_dorrell"
"Karl Dorrell","Colorado",2022,5,0,-14.7,2020-02-23,"cfbd_coaches",TRUE,"Karl Dorrell","coach_karl_dorrell"
"K.C. Keeler","Sam Houston",2023,12,3,-13.3,2014-01-23,"cfbd_coaches",TRUE,"K.C. Keeler","coach_kc_keeler"
"K.C. Keeler","Sam Houston",2024,12,9,-6.2,2014-01-23,"cfbd_coaches",TRUE,"K.C. Keeler","coach_kc_keeler"
"K.C. Keeler","Temple",2025,0,0,-7,2014-01-23,"cfbd_coaches",FALSE,"K.C. Keeler","coach_kc_keeler"
"Kefense Hynson","Oregon State",2023,1,0,15.3,2023-11-25,"cfbd_coaches",TRUE,"Kefense Hynson","coach_kefense_hynson"
"Ken Niumatalolo","Navy",2014,13,8,-0.7,2007-12-08,"cfbd_coaches",TRUE,"Ken Niumatalolo","coach_ken_niumatalolo"
"Ken Niumatalolo","Navy",2015,13,11,13.5,2007-12-08,"cfbd_coaches",TRUE,"Ken Niumatalolo","coach_ken_niumatalolo"
"Ken Niumatalolo","Navy",2016,14,9,2.5,2007-12-08,"cfbd_coaches",TRUE,"Ken Niumatalolo","coach_ken_niumatalolo"
"Ken Niumatalolo","Navy",2017,13,7,6.1,2007-12-08,"cfbd_coaches",TRUE,"Ken Niumatalolo","coach_ken_niumatalolo"
"Ken Niumatalolo","Navy",2018,13,3,-9.7,2007-12-08,"cfbd_coaches",TRUE,"Ken Niumatalolo","coach_ken_niumatalolo"
"Ken Niumatalolo","Navy",2019,13,11,12.9,2007-12-08,"cfbd_coaches",TRUE,"Ken Niumatalolo","coach_ken_niumatalolo"
"Ken Niumatalolo","Navy",2020,10,3,,2007-12-08,"cfbd_coaches",TRUE,"Ken Niumatalolo","coach_ken_niumatalolo"
"Ken Niumatalolo","Navy",2021,12,4,-5.5,2007-12-08,"cfbd_coaches",TRUE,"Ken Niumatalolo","coach_ken_niumatalolo"
"Ken Niumatalolo","Navy",2022,12,4,-1.9,2007-12-08,"cfbd_coaches",TRUE,"Ken Niumatalolo","coach_ken_niumatalolo"
"Ken Niumatalolo","San José State",2024,13,7,-7.1,2007-12-08,"cfbd_coaches",TRUE,"Ken Niumatalolo","coach_ken_niumatalolo"
"Ken Niumatalolo","San José State",2025,0,0,-14.4,2007-12-08,"cfbd_coaches",FALSE,"Ken Niumatalolo","coach_ken_niumatalolo"
"Ken Wilson","Nevada",2022,12,2,-17.1,2021-12-10,"cfbd_coaches",TRUE,"Ken Wilson","coach_ken_wilson"
"Ken Wilson","Nevada",2023,12,2,-17,2021-12-10,"cfbd_coaches",TRUE,"Ken Wilson","coach_ken_wilson"
"Kenni Burns","Kent State",2023,12,1,-27,2022-12-14,"cfbd_coaches",TRUE,"Kenni Burns","coach_kenni_burns"
"Kenni Burns","Kent State",2024,12,0,-26.8,2022-12-14,"cfbd_coaches",TRUE,"Kenni Burns","coach_kenni_burns"
"Kenny Dillingham","Arizona State",2023,12,3,-4.5,2022-11-27,"cfbd_coaches",TRUE,"Kenny Dillingham","coach_kenny_dillingham"
"Kenny Dillingham","Arizona State",2024,14,11,13.4,2022-11-27,"cfbd_coaches",TRUE,"Kenny Dillingham","coach_kenny_dillingham"
"Kenny Dillingham","Arizona State",2025,0,0,5.8,2022-11-27,"cfbd_coaches",FALSE,"Kenny Dillingham","coach_kenny_dillingham"
"Kerry Coombs","Cincinnati",2022,1,0,5.7,2022-11-27,"cfbd_coaches",TRUE,"Kerry Coombs","coach_kerry_coombs"
"Kevin Steele","Auburn",2020,1,0,7.9,2020-12-13,"cfbd_coaches",TRUE,"Kevin Steele","coach_kevin_steele"
"Kevin Sumlin","Arizona",2018,12,5,-2.8,2011-12-10,"cfbd_coaches",TRUE,"Kevin Sumlin","coach_kevin_sumlin"
"Kevin Sumlin","Arizona",2019,12,4,-5.4,2011-12-10,"cfbd_coaches",TRUE,"Kevin Sumlin","coach_kevin_sumlin"
"Kevin Sumlin","Arizona",2020,5,0,,2011-12-10,"cfbd_coaches",TRUE,"Kevin Sumlin","coach_kevin_sumlin"
"Kevin Sumlin","Texas A&M",2014,13,8,11.6,2011-12-10,"cfbd_coaches",TRUE,"Kevin Sumlin","coach_kevin_sumlin"
"Kevin Sumlin","Texas A&M",2015,13,8,11.3,2011-12-10,"cfbd_coaches",TRUE,"Kevin Sumlin","coach_kevin_sumlin"
"Kevin Sumlin","Texas A&M",2016,13,8,11.5,2011-12-10,"cfbd_coaches",TRUE,"Kevin Sumlin","coach_kevin_sumlin"
"Kevin Sumlin","Texas A&M",2017,12,7,5.4,2011-12-10,"cfbd_coaches",TRUE,"Kevin Sumlin","coach_kevin_sumlin"
"Kevin Whitley","Georgia Southern",2021,8,2,-14.9,2021-09-26,"cfbd_coaches",TRUE,"Kevin Whitley","coach_kevin_whitley"
"Kevin Wilson","Indiana",2014,12,4,-6.6,2010-12-07,"cfbd_coaches",TRUE,"Kevin Wilson","coach_kevin_wilson"
"Kevin Wilson","Indiana",2015,13,6,2.2,2010-12-07,"cfbd_coaches",TRUE,"Kevin Wilson","coach_kevin_wilson"
"Kevin Wilson","Indiana",2016,12,6,1,2010-12-07,"cfbd_coaches",TRUE,"Kevin Wilson","coach_kevin_wilson"
"Kevin Wilson","Tulsa",2023,12,4,-12.7,2010-12-07,"cfbd_coaches",TRUE,"Kevin Wilson","coach_kevin_wilson"
"Kevin Wilson","Tulsa",2024,11,3,-23.8,2010-12-07,"cfbd_coaches",TRUE,"Kevin Wilson","coach_kevin_wilson"
"Kirby Smart","Georgia",2016,13,8,4.7,2015-12-06,"cfbd_coaches",TRUE,"Kirby Smart","coach_kirby_smart"
"Kirby Smart","Georgia",2017,15,13,27,2015-12-06,"cfbd_coaches",TRUE,"Kirby Smart","coach_kirby_smart"
"Kirby Smart","Georgia",2018,14,11,26.3,2015-12-06,"cfbd_coaches",TRUE,"Kirby Smart","coach_kirby_smart"
"Kirby Smart","Georgia",2019,14,12,21.7,2015-12-06,"cfbd_coaches",TRUE,"Kirby Smart","coach_kirby_smart"
"Kirby Smart","Georgia",2020,10,8,18.9,2015-12-06,"cfbd_coaches",TRUE,"Kirby Smart","coach_kirby_smart"
"Kirby Smart","Georgia",2021,15,14,27.9,2015-12-06,"cfbd_coaches",TRUE,"Kirby Smart","coach_kirby_smart"
"Kirby Smart","Georgia",2022,15,15,27,2015-12-06,"cfbd_coaches",TRUE,"Kirby Smart","coach_kirby_smart"
"Kirby Smart","Georgia",2023,14,13,20.7,2015-12-06,"cfbd_coaches",TRUE,"Kirby Smart","coach_kirby_smart"
"Kirby Smart","Georgia",2024,14,11,16.3,2015-12-06,"cfbd_coaches",TRUE,"Kirby Smart","coach_kirby_smart"
"Kirby Smart","Georgia",2025,0,0,16,2015-12-06,"cfbd_coaches",FALSE,"Kirby Smart","coach_kirby_smart"
"Kirk Ferentz","Iowa",2014,13,7,3.2,1998-12-02,"cfbd_coaches",TRUE,"Kirk Ferentz","coach_kirk_ferentz"
"Kirk Ferentz","Iowa",2015,14,12,11.1,1998-12-02,"cfbd_coaches",TRUE,"Kirk Ferentz","coach_kirk_ferentz"
"Kirk Ferentz","Iowa",2016,13,8,11,1998-12-02,"cfbd_coaches",TRUE,"Kirk Ferentz","coach_kirk_ferentz"
"Kirk Ferentz","Iowa",2017,13,8,16.3,1998-12-02,"cfbd_coaches",TRUE,"Kirk Ferentz","coach_kirk_ferentz"
"Kirk Ferentz","Iowa",2018,13,9,15.4,1998-12-02,"cfbd_coaches",TRUE,"Kirk Ferentz","coach_kirk_ferentz"
"Kirk Ferentz","Iowa",2019,13,10,15.7,1998-12-02,"cfbd_coaches",TRUE,"Kirk Ferentz","coach_kirk_ferentz"
"Kirk Ferentz","Iowa",2020,8,6,15.9,1998-12-02,"cfbd_coaches",TRUE,"Kirk Ferentz","coach_kirk_ferentz"
"Kirk Ferentz","Iowa",2021,14,10,8.6,1998-12-02,"cfbd_coaches",TRUE,"Kirk Ferentz","coach_kirk_ferentz"
"Kirk Ferentz","Iowa",2022,13,8,9.5,1998-12-02,"cfbd_coaches",TRUE,"Kirk Ferentz","coach_kirk_ferentz"
"Kirk Ferentz","Iowa",2023,14,10,5.7,1998-12-02,"cfbd_coaches",TRUE,"Kirk Ferentz","coach_kirk_ferentz"
"Kirk Ferentz","Iowa",2024,13,8,12.4,1998-12-02,"cfbd_coaches",TRUE,"Kirk Ferentz","coach_kirk_ferentz"
"Kirk Ferentz","Iowa",2025,0,0,13.8,1998-12-02,"cfbd_coaches",FALSE,"Kirk Ferentz","coach_kirk_ferentz"
"Kliff Kingsbury","Texas Tech",2014,12,4,-1.3,2012-12-12,"cfbd_coaches",TRUE,"Kliff Kingsbury","coach_kliff_kingsbury"
"Kliff Kingsbury","Texas Tech",2015,13,7,5.2,2012-12-12,"cfbd_coaches",TRUE,"Kliff Kingsbury","coach_kliff_kingsbury"
"Kliff Kingsbury","Texas Tech",2016,12,5,1,2012-12-12,"cfbd_coaches",TRUE,"Kliff Kingsbury","coach_kliff_kingsbury"
"Kliff Kingsbury","Texas Tech",2017,13,6,4.8,2012-12-12,"cfbd_coaches",TRUE,"Kliff Kingsbury","coach_kliff_kingsbury"
"Kliff Kingsbury","Texas Tech",2018,12,5,7.3,2012-12-12,"cfbd_coaches",TRUE,"Kliff Kingsbury","coach_kliff_kingsbury"
"Kurt Roper","Colorado",2018,1,0,-2.4,2018-11-18,"cfbd_coaches",TRUE,"Kurt Roper","coach_kurt_roper"
"Kyle Flood","Rutgers",2014,13,8,0.4,2012-01-31,"cfbd_coaches",TRUE,"Kyle Flood","coach_kyle_flood"
"Kyle Flood","Rutgers",2015,12,4,-7.8,2012-01-31,"cfbd_coaches",TRUE,"Kyle Flood","coach_kyle_flood"
"Kyle Whittingham","Utah",2014,13,9,10.7,2004-12-08,"cfbd_coaches",TRUE,"Kyle Whittingham","coach_kyle_whittingham"
"Kyle Whittingham","Utah",2015,13,10,11.8,2004-12-08,"cfbd_coaches",TRUE,"Kyle Whittingham","coach_kyle_whittingham"
"Kyle Whittingham","Utah",2016,13,9,9.2,2004-12-08,"cfbd_coaches",TRUE,"Kyle Whittingham","coach_kyle_whittingham"
"Kyle Whittingham","Utah",2017,13,7,7.3,2004-12-08,"cfbd_coaches",TRUE,"Kyle Whittingham","coach_kyle_whittingham"
"Kyle Whittingham","Utah",2018,14,9,10.6,2004-12-08,"cfbd_coaches",TRUE,"Kyle Whittingham","coach_kyle_whittingham"
"Kyle Whittingham","Utah",2019,14,11,18.8,2004-12-08,"cfbd_coaches",TRUE,"Kyle Whittingham","coach_kyle_whittingham"
"Kyle Whittingham","Utah",2020,5,3,,2004-12-08,"cfbd_coaches",TRUE,"Kyle Whittingham","coach_kyle_whittingham"
"Kyle Whittingham","Utah",2021,14,10,15.3,2004-12-08,"cfbd_coaches",TRUE,"Kyle Whittingham","coach_kyle_whittingham"
"Kyle Whittingham","Utah",2022,14,10,16.6,2004-12-08,"cfbd_coaches",TRUE,"Kyle Whittingham","coach_kyle_whittingham"
"Kyle Whittingham","Utah",2023,13,8,8.1,2004-12-08,"cfbd_coaches",TRUE,"Kyle Whittingham","coach_kyle_whittingham"
"Kyle Whittingham","Utah",2024,12,5,6.1,2004-12-08,"cfbd_coaches",TRUE,"Kyle Whittingham","coach_kyle_whittingham"
"Kyle Whittingham","Utah",2025,0,0,21.3,2004-12-08,"cfbd_coaches",FALSE,"Kyle Whittingham","coach_kyle_whittingham"
"Lance Leipold","Buffalo",2015,12,5,-10.8,2014-12-01,"cfbd_coaches",TRUE,"Lance Leipold","coach_lance_leipold"
"Lance Leipold","Buffalo",2016,12,2,-22.8,2014-12-01,"cfbd_coaches",TRUE,"Lance Leipold","coach_lance_leipold"
"Lance Leipold","Buffalo",2017,12,6,-4.3,2014-12-01,"cfbd_coaches",TRUE,"Lance Leipold","coach_lance_leipold"
"Lance Leipold","Buffalo",2018,14,10,0.5,2014-12-01,"cfbd_coaches",TRUE,"Lance Leipold","coach_lance_leipold"
"Lance Leipold","Buffalo",2019,13,8,-1,2014-12-01,"cfbd_coaches",TRUE,"Lance Leipold","coach_lance_leipold"
"Lance Leipold","Buffalo",2020,7,6,,2014-12-01,"cfbd_coaches",TRUE,"Lance Leipold","coach_lance_leipold"
"Lance Leipold","Kansas",2021,12,2,-14.9,2014-12-01,"cfbd_coaches",TRUE,"Lance Leipold","coach_lance_leipold"
"Lance Leipold","Kansas",2022,13,6,7.6,2014-12-01,"cfbd_coaches",TRUE,"Lance Leipold","coach_lance_leipold"
"Lance Leipold","Kansas",2023,13,9,11,2014-12-01,"cfbd_coaches",TRUE,"Lance Leipold","coach_lance_leipold"
"Lance Leipold","Kansas",2024,12,5,10.8,2014-12-01,"cfbd_coaches",TRUE,"Lance Leipold","coach_lance_leipold"
"Lance Leipold","Kansas",2025,0,0,3.2,2014-12-01,"cfbd_coaches",FALSE,"Lance Leipold","coach_lance_leipold"
"Lance Taylor","Western Michigan",2023,12,4,-14.6,2022-12-08,"cfbd_coaches",TRUE,"Lance Taylor","coach_lance_taylor"
"Lance Taylor","Western Michigan",2024,13,6,-7.6,2022-12-08,"cfbd_coaches",TRUE,"Lance Taylor","coach_lance_taylor"
"Lance Taylor","Western Michigan",2025,0,0,-0.1,2022-12-08,"cfbd_coaches",FALSE,"Lance Taylor","coach_lance_taylor"
"Lane Kiffin","Florida Atlantic",2017,14,11,9.5,2016-12-12,"cfbd_coaches",TRUE,"Lane Kiffin","coach_lane_kiffin"
"Lane Kiffin","Florida Atlantic",2018,12,5,-4,2016-12-12,"cfbd_coaches",TRUE,"Lane Kiffin","coach_lane_kiffin"
"Lane Kiffin","Florida Atlantic",2019,14,11,8.1,2016-12-12,"cfbd_coaches",TRUE,"Lane Kiffin","coach_lane_kiffin"
"Lane Kiffin","Mississippi",2020,10,5,6.1,2016-12-12,"cfbd_coaches",TRUE,"Lane Kiffin","coach_lane_kiffin"
"Lane Kiffin","Mississippi",2021,13,10,12.4,2016-12-12,"cfbd_coaches",TRUE,"Lane Kiffin","coach_lane_kiffin"
"Lane Kiffin","Mississippi",2022,13,8,9.7,2016-12-12,"cfbd_coaches",TRUE,"Lane Kiffin","coach_lane_kiffin"
"Lane Kiffin","Mississippi",2023,13,11,14,2016-12-12,"cfbd_coaches",TRUE,"Lane Kiffin","coach_lane_kiffin"
"Lane Kiffin","Mississippi",2024,13,10,19.2,2016-12-12,"cfbd_coaches",TRUE,"Lane Kiffin","coach_lane_kiffin"
"Lane Kiffin","Mississippi",2025,0,0,15.8,2016-12-12,"cfbd_coaches",FALSE,"Lane Kiffin","coach_lane_kiffin"
"Larry Blakeney","Troy",2014,12,3,-19.3,1990-12-03,"cfbd_coaches",TRUE,"Larry Blakeney","coach_larry_blakeney"
"Larry Coker","UTSA",2014,12,4,-12.8,2009-03-05,"cfbd_coaches",TRUE,"Larry Coker","coach_larry_coker"
"Larry Coker","UTSA",2015,12,3,-18.9,2009-03-05,"cfbd_coaches",TRUE,"Larry Coker","coach_larry_coker"
"Larry Fedora","North Carolina",2014,13,6,-2.3,2011-12-07,"cfbd_coaches",TRUE,"Larry Fedora","coach_larry_fedora"
"Larry Fedora","North Carolina",2015,14,11,19.2,2011-12-07,"cfbd_coaches",TRUE,"Larry Fedora","coach_larry_fedora"
"Larry Fedora","North Carolina",2016,13,8,10.2,2011-12-07,"cfbd_coaches",TRUE,"Larry Fedora","coach_larry_fedora"
"Larry Fedora","North Carolina",2017,12,3,-2.3,2011-12-07,"cfbd_coaches",TRUE,"Larry Fedora","coach_larry_fedora"
"Larry Fedora","North Carolina",2018,11,2,-6.5,2011-12-07,"cfbd_coaches",TRUE,"Larry Fedora","coach_larry_fedora"
"Lee Marks","Fresno State",2021,1,1,5.2,2021-11-30,"cfbd_coaches",TRUE,"Lee Marks","coach_lee_marks"
"Les Miles","Kansas",2019,12,3,-5.1,2005-01-02,"cfbd_coaches",TRUE,"Les Miles","coach_les_miles"
"Les Miles","Kansas",2020,9,0,-14.6,2005-01-02,"cfbd_coaches",TRUE,"Les Miles","coach_les_miles"
"Les Miles","LSU",2014,13,8,13.9,2005-01-02,"cfbd_coaches",TRUE,"Les Miles","coach_les_miles"
"Les Miles","LSU",2015,12,9,16.2,2005-01-02,"cfbd_coaches",TRUE,"Les Miles","coach_les_miles"
"Les Miles","LSU",2016,4,2,21.2,2005-01-02,"cfbd_coaches",TRUE,"Les Miles","coach_les_miles"
"Lincoln Riley","Oklahoma",2017,14,12,22.7,2017-06-07,"cfbd_coaches",TRUE,"Lincoln Riley","coach_lincoln_riley"
"Lincoln Riley","Oklahoma",2018,14,12,21.4,2017-06-07,"cfbd_coaches",TRUE,"Lincoln Riley","coach_lincoln_riley"
"Lincoln Riley","Oklahoma",2019,14,12,20.1,2017-06-07,"cfbd_coaches",TRUE,"Lincoln Riley","coach_lincoln_riley"
"Lincoln Riley","Oklahoma",2020,11,9,20.2,2017-06-07,"cfbd_coaches",TRUE,"Lincoln Riley","coach_lincoln_riley"
"Lincoln Riley","Oklahoma",2021,12,10,9.5,2017-06-07,"cfbd_coaches",TRUE,"Lincoln Riley","coach_lincoln_riley"
"Lincoln Riley","Southern California",2022,14,11,11.4,2017-06-07,"cfbd_coaches",TRUE,"Lincoln Riley","coach_lincoln_riley"
"Lincoln Riley","Southern California",2023,13,8,9,2017-06-07,"cfbd_coaches",TRUE,"Lincoln Riley","coach_lincoln_riley"
"Lincoln Riley","Southern California",2024,13,7,12.1,2017-06-07,"cfbd_coaches",TRUE,"Lincoln Riley","coach_lincoln_riley"
"Lincoln Riley","Southern California",2025,0,0,15.5,2017-06-07,"cfbd_coaches",FALSE,"Lincoln Riley","coach_lincoln_riley"
"Lorenzo Ward","Louisville",2018,2,0,-15.4,2018-11-11,"cfbd_coaches",TRUE,"Lorenzo Ward","coach_lorenzo_ward"
"Lou Spanos","Connecticut",2021,10,1,-21.4,2021-09-06,"cfbd_coaches",TRUE,"Lou Spanos","coach_lou_spanos"
"Lovie Smith","Illinois",2016,12,3,-10.1,2016-03-07,"cfbd_coaches",TRUE,"Lovie Smith","coach_lovie_smith"
"Lovie Smith","Illinois",2017,12,2,-11.4,2016-03-07,"cfbd_coaches",TRUE,"Lovie Smith","coach_lovie_smith"
"Lovie Smith","Illinois",2018,12,4,-10.5,2016-03-07,"cfbd_coaches",TRUE,"Lovie Smith","coach_lovie_smith"
"Lovie Smith","Illinois",2019,13,6,-0.4,2016-03-07,"cfbd_coaches",TRUE,"Lovie Smith","coach_lovie_smith"
"Lovie Smith","Illinois",2020,7,2,-7.4,2016-03-07,"cfbd_coaches",TRUE,"Lovie Smith","coach_lovie_smith"
"Luke Fickell","Cincinnati",2017,12,4,-12.6,2016-12-10,"cfbd_coaches",TRUE,"Luke Fickell","coach_luke_fickell"
"Luke Fickell","Cincinnati",2018,13,11,7.3,2016-12-10,"cfbd_coaches",TRUE,"Luke Fickell","coach_luke_fickell"
"Luke Fickell","Cincinnati",2019,14,11,8.9,2016-12-10,"cfbd_coaches",TRUE,"Luke Fickell","coach_luke_fickell"
"Luke Fickell","Cincinnati",2020,10,9,,2016-12-10,"cfbd_coaches",TRUE,"Luke Fickell","coach_luke_fickell"
"Luke Fickell","Cincinnati",2021,14,13,16.9,2016-12-10,"cfbd_coaches",TRUE,"Luke Fickell","coach_luke_fickell"
"Luke Fickell","Cincinnati",2022,12,9,5.7,2016-12-10,"cfbd_coaches",TRUE,"Luke Fickell","coach_luke_fickell"
"Luke Fickell","Wisconsin",2022,1,1,5.4,2016-12-10,"cfbd_coaches",TRUE,"Luke Fickell","coach_luke_fickell"
"Luke Fickell","Wisconsin",2023,13,7,4,2016-12-10,"cfbd_coaches",TRUE,"Luke Fickell","coach_luke_fickell"
"Luke Fickell","Wisconsin",2024,12,5,4,2016-12-10,"cfbd_coaches",TRUE,"Luke Fickell","coach_luke_fickell"
"Luke Fickell","Wisconsin",2025,0,0,2.3,2016-12-10,"cfbd_coaches",FALSE,"Luke Fickell","coach_luke_fickell"
"Mack Brown","North Carolina",2019,13,7,7.7,2018-11-27,"cfbd_coaches",TRUE,"Mack Brown","coach_mack_brown"
"Mack Brown","North Carolina",2020,12,8,,2018-11-27,"cfbd_coaches",TRUE,"Mack Brown","coach_mack_brown"
"Mack Brown","North Carolina",2021,13,6,4.7,2018-11-27,"cfbd_coaches",TRUE,"Mack Brown","coach_mack_brown"
"Mack Brown","North Carolina",2022,14,9,4.2,2018-11-27,"cfbd_coaches",TRUE,"Mack Brown","coach_mack_brown"
"Mack Brown","North Carolina",2023,13,8,8.8,2018-11-27,"cfbd_coaches",TRUE,"Mack Brown","coach_mack_brown"
"Mack Brown","North Carolina",2024,12,6,0.7,2018-11-27,"cfbd_coaches",TRUE,"Mack Brown","coach_mack_brown"
"Major Applewhite","Houston",2016,1,0,5.4,2016-12-09,"cfbd_coaches",TRUE,"Major Applewhite","coach_major_applewhite"
"Major Applewhite","Houston",2017,12,7,2.7,2016-12-09,"cfbd_coaches",TRUE,"Major Applewhite","coach_major_applewhite"
"Major Applewhite","Houston",2018,13,8,-1.1,2016-12-09,"cfbd_coaches",TRUE,"Major Applewhite","coach_major_applewhite"
"Major Applewhite","South Alabama",2024,13,7,-1.7,2016-12-09,"cfbd_coaches",TRUE,"Major Applewhite","coach_major_applewhite"
"Major Applewhite","South Alabama",2025,0,0,-12.8,2016-12-09,"cfbd_coaches",FALSE,"Major Applewhite","coach_major_applewhite"
"Manny Diaz","Duke",2024,13,9,1.6,2018-12-30,"cfbd_coaches",TRUE,"Manny Diaz","coach_manny_diaz"
"Manny Diaz","Duke",2025,0,0,5.2,2018-12-30,"cfbd_coaches",FALSE,"Manny Diaz","coach_manny_diaz"
"Manny Diaz","Miami",2019,13,6,1.1,2018-12-30,"cfbd_coaches",TRUE,"Manny Diaz","coach_manny_diaz"
"Manny Diaz","Miami",2020,11,8,,2018-12-30,"cfbd_coaches",TRUE,"Manny Diaz","coach_manny_diaz"
"Manny Diaz","Miami",2021,12,7,2.9,2018-12-30,"cfbd_coaches",TRUE,"Manny Diaz","coach_manny_diaz"
"Marcus Arroyo","UNLV",2020,6,0,-19.2,2019-12-11,"cfbd_coaches",TRUE,"Marcus Arroyo","coach_marcus_arroyo"
"Marcus Arroyo","UNLV",2021,12,2,-7.9,2019-12-11,"cfbd_coaches",TRUE,"Marcus Arroyo","coach_marcus_arroyo"
"Marcus Arroyo","UNLV",2022,12,5,-10,2019-12-11,"cfbd_coaches",TRUE,"Marcus Arroyo","coach_marcus_arroyo"
"Marcus Freeman","Notre Dame",2021,1,0,16.4,2021-12-03,"cfbd_coaches",TRUE,"Marcus Freeman","coach_marcus_freeman"
"Marcus Freeman","Notre Dame",2022,13,9,10,2021-12-03,"cfbd_coaches",TRUE,"Marcus Freeman","coach_marcus_freeman"
"Marcus Freeman","Notre Dame",2023,13,10,18.3,2021-12-03,"cfbd_coaches",TRUE,"Marcus Freeman","coach_marcus_freeman"
"Marcus Freeman","Notre Dame",2024,16,14,22,2021-12-03,"cfbd_coaches",TRUE,"Marcus Freeman","coach_marcus_freeman"
"Marcus Freeman","Notre Dame",2025,0,0,24.1,2021-12-03,"cfbd_coaches",FALSE,"Marcus Freeman","coach_marcus_freeman"
"Mario Cristobal","Miami",2022,12,5,-4.6,2017-12-08,"cfbd_coaches",TRUE,"Mario Cristobal","coach_mario_cristobal"
"Mario Cristobal","Miami",2023,13,7,8.8,2017-12-08,"cfbd_coaches",TRUE,"Mario Cristobal","coach_mario_cristobal"
"Mario Cristobal","Miami",2024,13,10,15.5,2017-12-08,"cfbd_coaches",TRUE,"Mario Cristobal","coach_mario_cristobal"
"Mario Cristobal","Miami",2025,0,0,22.2,2017-12-08,"cfbd_coaches",FALSE,"Mario Cristobal","coach_mario_cristobal"
"Mario Cristobal","Oregon",2018,13,9,5.2,2017-12-08,"cfbd_coaches",TRUE,"Mario Cristobal","coach_mario_cristobal"
"Mario Cristobal","Oregon",2019,14,12,21,2017-12-08,"cfbd_coaches",TRUE,"Mario Cristobal","coach_mario_cristobal"
"Mario Cristobal","Oregon",2020,7,4,,2017-12-08,"cfbd_coaches",TRUE,"Mario Cristobal","coach_mario_cristobal"
"Mario Cristobal","Oregon",2021,13,10,9.9,2017-12-08,"cfbd_coaches",TRUE,"Mario Cristobal","coach_mario_cristobal"
"Mark Carney","Kent State",2025,0,0,-16.1,,"cfbd_coaches",FALSE,"Mark Carney","coach_mark_carney"
"Mark Dantonio","Michigan State",2014,13,11,20,2006-11-27,"cfbd_coaches",TRUE,"Mark Dantonio","coach_mark_dantonio"
"Mark Dantonio","Michigan State",2015,14,12,14,2006-11-27,"cfbd_coaches",TRUE,"Mark Dantonio","coach_mark_dantonio"
"Mark Dantonio","Michigan State",2016,12,3,1.1,2006-11-27,"cfbd_coaches",TRUE,"Mark Dantonio","coach_mark_dantonio"
"Mark Dantonio","Michigan State",2017,13,10,12.8,2006-11-27,"cfbd_coaches",TRUE,"Mark Dantonio","coach_mark_dantonio"
"Mark Dantonio","Michigan State",2018,13,7,6.2,2006-11-27,"cfbd_coaches",TRUE,"Mark Dantonio","coach_mark_dantonio"
"Mark Dantonio","Michigan State",2019,13,7,5.1,2006-11-27,"cfbd_coaches",TRUE,"Mark Dantonio","coach_mark_dantonio"
"Mark Helfrich","Oregon",2014,15,13,27.1,2013-01-20,"cfbd_coaches",TRUE,"Mark Helfrich","coach_mark_helfrich"
"Mark Helfrich","Oregon",2015,13,9,12.3,2013-01-20,"cfbd_coaches",TRUE,"Mark Helfrich","coach_mark_helfrich"
"Mark Helfrich","Oregon",2016,12,4,2.2,2013-01-20,"cfbd_coaches",TRUE,"Mark Helfrich","coach_mark_helfrich"
"Mark Hudspeth","Louisiana",2014,13,9,-5.7,2010-12-13,"cfbd_coaches",TRUE,"Mark Hudspeth","coach_mark_hudspeth"
"Mark Hudspeth","Louisiana",2015,12,4,-18.9,2010-12-13,"cfbd_coaches",TRUE,"Mark Hudspeth","coach_mark_hudspeth"
"Mark Hudspeth","Louisiana",2016,13,6,-9.8,2010-12-13,"cfbd_coaches",TRUE,"Mark Hudspeth","coach_mark_hudspeth"
"Mark Hudspeth","Louisiana",2017,12,5,-20,2010-12-13,"cfbd_coaches",TRUE,"Mark Hudspeth","coach_mark_hudspeth"
"Mark Ivey","App State",2018,1,1,10.7,2018-12-07,"cfbd_coaches",TRUE,"Mark Ivey","coach_mark_ivey"
"Mark Richt","Georgia",2014,13,10,23.7,2000-12-26,"cfbd_coaches",TRUE,"Mark Richt","coach_mark_richt"
"Mark Richt","Georgia",2015,12,9,10.3,2000-12-26,"cfbd_coaches",TRUE,"Mark Richt","coach_mark_richt"
"Mark Richt","Miami",2016,13,9,16.8,2000-12-26,"cfbd_coaches",TRUE,"Mark Richt","coach_mark_richt"
"Mark Richt","Miami",2017,13,10,15.8,2000-12-26,"cfbd_coaches",TRUE,"Mark Richt","coach_mark_richt"
"Mark Richt","Miami",2018,13,7,6.9,2000-12-26,"cfbd_coaches",TRUE,"Mark Richt","coach_mark_richt"
"Mark Stoops","Kentucky",2014,12,5,0.1,2012-11-27,"cfbd_coaches",TRUE,"Mark Stoops","coach_mark_stoops"
"Mark Stoops","Kentucky",2015,12,5,-3.1,2012-11-27,"cfbd_coaches",TRUE,"Mark Stoops","coach_mark_stoops"
"Mark Stoops","Kentucky",2016,13,7,0.3,2012-11-27,"cfbd_coaches",TRUE,"Mark Stoops","coach_mark_stoops"
"Mark Stoops","Kentucky",2017,13,7,0.5,2012-11-27,"cfbd_coaches",TRUE,"Mark Stoops","coach_mark_stoops"
"Mark Stoops","Kentucky",2018,13,10,14.7,2012-11-27,"cfbd_coaches",TRUE,"Mark Stoops","coach_mark_stoops"
"Mark Stoops","Kentucky",2019,13,8,5.6,2012-11-27,"cfbd_coaches",TRUE,"Mark Stoops","coach_mark_stoops"
"Mark Stoops","Kentucky",2020,11,5,3.9,2012-11-27,"cfbd_coaches",TRUE,"Mark Stoops","coach_mark_stoops"
"Mark Stoops","Kentucky",2021,13,10,9,2012-11-27,"cfbd_coaches",TRUE,"Mark Stoops","coach_mark_stoops"
"Mark Stoops","Kentucky",2022,13,7,5.5,2012-11-27,"cfbd_coaches",TRUE,"Mark Stoops","coach_mark_stoops"
"Mark Stoops","Kentucky",2023,13,7,5.3,2012-11-27,"cfbd_coaches",TRUE,"Mark Stoops","coach_mark_stoops"
"Mark Stoops","Kentucky",2024,12,4,3,2012-11-27,"cfbd_coaches",TRUE,"Mark Stoops","coach_mark_stoops"
"Mark Stoops","Kentucky",2025,0,0,2.9,2012-11-27,"cfbd_coaches",FALSE,"Mark Stoops","coach_mark_stoops"
"Mark Whipple","Massachusetts",2014,12,3,-15.6,2014-01-14,"cfbd_coaches",TRUE,"Mark Whipple","coach_mark_whipple"
"Mark Whipple","Massachusetts",2015,12,3,-14.7,2014-01-14,"cfbd_coaches",TRUE,"Mark Whipple","coach_mark_whipple"
"Mark Whipple","Massachusetts",2016,12,2,-17,2014-01-14,"cfbd_coaches",TRUE,"Mark Whipple","coach_mark_whipple"
"Mark Whipple","Massachusetts",2017,12,4,-10.3,2014-01-14,"cfbd_coaches",TRUE,"Mark Whipple","coach_mark_whipple"
"Mark Whipple","Massachusetts",2018,12,4,-18.4,2014-01-14,"cfbd_coaches",TRUE,"Mark Whipple","coach_mark_whipple"
"Matt Campbell","Iowa State",2016,12,3,-1.7,2011-12-09,"cfbd_coaches",TRUE,"Matt Campbell","coach_matt_campbell"
"Matt Campbell","Iowa State",2017,13,8,14.3,2011-12-09,"cfbd_coaches",TRUE,"Matt Campbell","coach_matt_campbell"
"Matt Campbell","Iowa State",2018,13,8,11.4,2011-12-09,"cfbd_coaches",TRUE,"Matt Campbell","coach_matt_campbell"
"Matt Campbell","Iowa State",2019,13,7,13.6,2011-12-09,"cfbd_coaches",TRUE,"Matt Campbell","coach_matt_campbell"
"Matt Campbell","Iowa State",2020,12,9,14.2,2011-12-09,"cfbd_coaches",TRUE,"Matt Campbell","coach_matt_campbell"
"Matt Campbell","Iowa State",2021,13,7,10.6,2011-12-09,"cfbd_coaches",TRUE,"Matt Campbell","coach_matt_campbell"
"Matt Campbell","Iowa State",2022,12,4,8,2011-12-09,"cfbd_coaches",TRUE,"Matt Campbell","coach_matt_campbell"
"Matt Campbell","Iowa State",2023,13,7,9,2011-12-09,"cfbd_coaches",TRUE,"Matt Campbell","coach_matt_campbell"
"Matt Campbell","Iowa State",2024,14,11,11.2,2011-12-09,"cfbd_coaches",TRUE,"Matt Campbell","coach_matt_campbell"
"Matt Campbell","Iowa State",2025,0,0,9.6,2011-12-09,"cfbd_coaches",FALSE,"Matt Campbell","coach_matt_campbell"
"Matt Campbell","Toledo",2014,13,9,-4.1,2011-12-09,"cfbd_coaches",TRUE,"Matt Campbell","coach_matt_campbell"
"Matt Campbell","Toledo",2015,11,9,10.2,2011-12-09,"cfbd_coaches",TRUE,"Matt Campbell","coach_matt_campbell"
"Matt Canada","Maryland",2018,12,5,4,2018-08-11,"cfbd_coaches",TRUE,"Matt Canada","coach_matt_canada"
"Matt Drinkall","Central Michigan",2025,0,0,-8.4,,"cfbd_coaches",FALSE,"Matt Drinkall","coach_matt_drinkall"
"Matt Entz","Fresno State",2025,0,0,-2.7,,"cfbd_coaches",FALSE,"Matt Entz","coach_matt_entz"
"Matt Luke","Mississippi",2017,12,6,1.6,2017-07-20,"cfbd_coaches",TRUE,"Matt Luke","coach_matt_luke"
"Matt Luke","Mississippi",2018,12,5,3.5,2017-07-20,"cfbd_coaches",TRUE,"Matt Luke","coach_matt_luke"
"Matt Luke","Mississippi",2019,12,4,6.5,2017-07-20,"cfbd_coaches",TRUE,"Matt Luke","coach_matt_luke"
"Matt Rhule","Baylor",2017,12,1,-4.2,2012-12-17,"cfbd_coaches",TRUE,"Matt Rhule","coach_matt_rhule"
"Matt Rhule","Baylor",2018,13,7,2.6,2012-12-17,"cfbd_coaches",TRUE,"Matt Rhule","coach_matt_rhule"
"Matt Rhule","Baylor",2019,14,11,14.7,2012-12-17,"cfbd_coaches",TRUE,"Matt Rhule","coach_matt_rhule"
"Matt Rhule","Nebraska",2023,12,5,1.3,2012-12-17,"cfbd_coaches",TRUE,"Matt Rhule","coach_matt_rhule"
"Matt Rhule","Nebraska",2024,13,7,8.5,2012-12-17,"cfbd_coaches",TRUE,"Matt Rhule","coach_matt_rhule"
"Matt Rhule","Nebraska",2025,0,0,2.5,2012-12-17,"cfbd_coaches",FALSE,"Matt Rhule","coach_matt_rhule"
"Matt Rhule","Temple",2014,12,6,-4.1,2012-12-17,"cfbd_coaches",TRUE,"Matt Rhule","coach_matt_rhule"
"Matt Rhule","Temple",2015,14,10,7.4,2012-12-17,"cfbd_coaches",TRUE,"Matt Rhule","coach_matt_rhule"
"Matt Rhule","Temple",2016,13,10,7.8,2012-12-17,"cfbd_coaches",TRUE,"Matt Rhule","coach_matt_rhule"
"Matt Viator","UL Monroe",2016,12,4,-19.6,2015-12-14,"cfbd_coaches",TRUE,"Matt Viator","coach_matt_viator"
"Matt Viator","UL Monroe",2017,12,4,-12.7,2015-12-14,"cfbd_coaches",TRUE,"Matt Viator","coach_matt_viator"
"Matt Viator","UL Monroe",2018,12,6,-10.9,2015-12-14,"cfbd_coaches",TRUE,"Matt Viator","coach_matt_viator"
"Matt Viator","UL Monroe",2019,12,5,-9,2015-12-14,"cfbd_coaches",TRUE,"Matt Viator","coach_matt_viator"
"Matt Viator","UL Monroe",2020,10,0,-24.5,2015-12-14,"cfbd_coaches",TRUE,"Matt Viator","coach_matt_viator"
"Matt Wells","Texas Tech",2019,12,4,2.3,2012-12-20,"cfbd_coaches",TRUE,"Matt Wells","coach_matt_wells"
"Matt Wells","Texas Tech",2020,10,4,-1.4,2012-12-20,"cfbd_coaches",TRUE,"Matt Wells","coach_matt_wells"
"Matt Wells","Texas Tech",2021,8,5,-1.7,2012-12-20,"cfbd_coaches",TRUE,"Matt Wells","coach_matt_wells"
"Matt Wells","Utah State",2014,14,10,1.4,2012-12-20,"cfbd_coaches",TRUE,"Matt Wells","coach_matt_wells"
"Matt Wells","Utah State",2015,13,6,-0.2,2012-12-20,"cfbd_coaches",TRUE,"Matt Wells","coach_matt_wells"
"Matt Wells","Utah State",2016,12,3,-9.3,2012-12-20,"cfbd_coaches",TRUE,"Matt Wells","coach_matt_wells"
"Matt Wells","Utah State",2017,13,6,-5.2,2012-12-20,"cfbd_coaches",TRUE,"Matt Wells","coach_matt_wells"
"Matt Wells","Utah State",2018,12,10,13.9,2012-12-20,"cfbd_coaches",TRUE,"Matt Wells","coach_matt_wells"
"Maurice Linguist","Buffalo",2021,12,4,-14.4,2014-12-01,"cfbd_coaches",TRUE,"Maurice Linguist","coach_maurice_linguist"
"Maurice Linguist","Buffalo",2022,13,7,-7.3,2014-12-01,"cfbd_coaches",TRUE,"Maurice Linguist","coach_maurice_linguist"
"Maurice Linguist","Buffalo",2023,12,3,-15.3,2014-12-01,"cfbd_coaches",TRUE,"Maurice Linguist","coach_maurice_linguist"
"Maurice Linguist","Buffalo",2024,0,0,-6.1,2014-12-01,"cfbd_coaches",TRUE,"Maurice Linguist","coach_maurice_linguist"
"Mel Tucker","Colorado",2019,12,5,-2.2,2018-12-05,"cfbd_coaches",TRUE,"Mel Tucker","coach_mel_tucker"
"Mel Tucker","Michigan State",2020,7,2,-4.5,2018-12-05,"cfbd_coaches",TRUE,"Mel Tucker","coach_mel_tucker"
"Mel Tucker","Michigan State",2021,13,11,11.1,2018-12-05,"cfbd_coaches",TRUE,"Mel Tucker","coach_mel_tucker"
"Mel Tucker","Michigan State",2022,12,5,1.1,2018-12-05,"cfbd_coaches",TRUE,"Mel Tucker","coach_mel_tucker"
"Mel Tucker","Michigan State",2023,2,2,-3.2,2018-12-05,"cfbd_coaches",TRUE,"Mel Tucker","coach_mel_tucker"
"Michael Desormeaux","Louisiana",2021,1,1,5.7,2021-12-05,"cfbd_coaches",TRUE,"Michael Desormeaux","coach_michael_desormeaux"
"Michael Desormeaux","Louisiana",2022,13,6,-1.7,2021-12-05,"cfbd_coaches",TRUE,"Michael Desormeaux","coach_michael_desormeaux"
"Michael Desormeaux","Louisiana",2023,13,6,-5.9,2021-12-05,"cfbd_coaches",TRUE,"Michael Desormeaux","coach_michael_desormeaux"
"Michael Desormeaux","Louisiana",2024,14,10,-1.7,2021-12-05,"cfbd_coaches",TRUE,"Michael Desormeaux","coach_michael_desormeaux"
"Michael Desormeaux","Louisiana",2025,0,0,-11.6,2021-12-05,"cfbd_coaches",FALSE,"Michael Desormeaux","coach_michael_desormeaux"
"Mickey Joseph","Nebraska",2022,9,3,-1.8,2022-09-11,"cfbd_coaches",TRUE,"Mickey Joseph","coach_mickey_joseph"
"Mike Bloomgren","Rice",2018,13,2,-24,2017-12-06,"cfbd_coaches",TRUE,"Mike Bloomgren","coach_mike_bloomgren"
"Mike Bloomgren","Rice",2019,12,3,-13.5,2017-12-06,"cfbd_coaches",TRUE,"Mike Bloomgren","coach_mike_bloomgren"
"Mike Bloomgren","Rice",2020,5,2,-3,2017-12-06,"cfbd_coaches",TRUE,"Mike Bloomgren","coach_mike_bloomgren"
"Mike Bloomgren","Rice",2021,12,4,-15.6,2017-12-06,"cfbd_coaches",TRUE,"Mike Bloomgren","coach_mike_bloomgren"
"Mike Bloomgren","Rice",2022,13,5,-12.1,2017-12-06,"cfbd_coaches",TRUE,"Mike Bloomgren","coach_mike_bloomgren"
"Mike Bloomgren","Rice",2023,13,6,-4.3,2017-12-06,"cfbd_coaches",TRUE,"Mike Bloomgren","coach_mike_bloomgren"
"Mike Bloomgren","Rice",2024,8,2,-8.6,2017-12-06,"cfbd_coaches",TRUE,"Mike Bloomgren","coach_mike_bloomgren"
"Mike Bobo","Colorado State",2015,13,7,-8.5,2014-12-23,"cfbd_coaches",TRUE,"Mike Bobo","coach_mike_bobo"
"Mike Bobo","Colorado State",2016,13,7,1.2,2014-12-23,"cfbd_coaches",TRUE,"Mike Bobo","coach_mike_bobo"
"Mike Bobo","Colorado State",2017,13,7,-2.6,2014-12-23,"cfbd_coaches",TRUE,"Mike Bobo","coach_mike_bobo"
"Mike Bobo","Colorado State",2018,12,3,-14.9,2014-12-23,"cfbd_coaches",TRUE,"Mike Bobo","coach_mike_bobo"
"Mike Bobo","Colorado State",2019,12,4,-9.9,2014-12-23,"cfbd_coaches",TRUE,"Mike Bobo","coach_mike_bobo"
"Mike Bobo","South Carolina",2020,3,0,-5.4,2014-12-23,"cfbd_coaches",TRUE,"Mike Bobo","coach_mike_bobo"
"Mike Elko","Duke",2022,13,9,7,2021-12-10,"cfbd_coaches",TRUE,"Mike Elko","coach_mike_elko"
"Mike Elko","Duke",2023,12,7,9.8,2021-12-10,"cfbd_coaches",TRUE,"Mike Elko","coach_mike_elko"
"Mike Elko","Texas A&M",2024,13,8,12.2,2021-12-10,"cfbd_coaches",TRUE,"Mike Elko","coach_mike_elko"
"Mike Elko","Texas A&M",2025,0,0,16.6,2021-12-10,"cfbd_coaches",FALSE,"Mike Elko","coach_mike_elko"
"Mike Gundy","Oklahoma State",2014,13,7,2.6,2005-01-03,"cfbd_coaches",TRUE,"Mike Gundy","coach_mike_gundy"
"Mike Gundy","Oklahoma State",2015,13,10,10,2005-01-03,"cfbd_coaches",TRUE,"Mike Gundy","coach_mike_gundy"
"Mike Gundy","Oklahoma State",2016,13,10,12.4,2005-01-03,"cfbd_coaches",TRUE,"Mike Gundy","coach_mike_gundy"
"Mike Gundy","Oklahoma State",2017,13,10,18.4,2005-01-03,"cfbd_coaches",TRUE,"Mike Gundy","coach_mike_gundy"
"Mike Gundy","Oklahoma State",2018,13,7,9.6,2005-01-03,"cfbd_coaches",TRUE,"Mike Gundy","coach_mike_gundy"
"Mike Gundy","Oklahoma State",2019,13,8,10.8,2005-01-03,"cfbd_coaches",TRUE,"Mike Gundy","coach_mike_gundy"
"Mike Gundy","Oklahoma State",2020,11,8,9.6,2005-01-03,"cfbd_coaches",TRUE,"Mike Gundy","coach_mike_gundy"
"Mike Gundy","Oklahoma State",2021,14,12,16.5,2005-01-03,"cfbd_coaches",TRUE,"Mike Gundy","coach_mike_gundy"
"Mike Gundy","Oklahoma State",2022,13,7,5.7,2005-01-03,"cfbd_coaches",TRUE,"Mike Gundy","coach_mike_gundy"
"Mike Gundy","Oklahoma State",2023,14,10,6.1,2005-01-03,"cfbd_coaches",TRUE,"Mike Gundy","coach_mike_gundy"
"Mike Gundy","Oklahoma State",2024,12,3,-1.8,2005-01-03,"cfbd_coaches",TRUE,"Mike Gundy","coach_mike_gundy"
"Mike Gundy","Oklahoma State",2025,0,0,-11.3,2005-01-03,"cfbd_coaches",FALSE,"Mike Gundy","coach_mike_gundy"
"Mike Houston","East Carolina",2019,12,4,-15.2,2018-12-03,"cfbd_coaches",TRUE,"Mike Houston","coach_mike_houston"
"Mike Houston","East Carolina",2020,9,3,,2018-12-03,"cfbd_coaches",TRUE,"Mike Houston","coach_mike_houston"
"Mike Houston","East Carolina",2021,12,7,2.8,2018-12-03,"cfbd_coaches",TRUE,"Mike Houston","coach_mike_houston"
"Mike Houston","East Carolina",2022,13,8,3.8,2018-12-03,"cfbd_coaches",TRUE,"Mike Houston","coach_mike_houston"
"Mike Houston","East Carolina",2023,12,2,-9.2,2018-12-03,"cfbd_coaches",TRUE,"Mike Houston","coach_mike_houston"
"Mike Houston","East Carolina",2024,7,3,-5.3,2018-12-03,"cfbd_coaches",TRUE,"Mike Houston","coach_mike_houston"
"Mike Jinks","Bowling Green",2016,12,4,-12.7,2015-12-08,"cfbd_coaches",TRUE,"Mike Jinks","coach_mike_jinks"
"Mike Jinks","Bowling Green",2017,12,2,-14.3,2015-12-08,"cfbd_coaches",TRUE,"Mike Jinks","coach_mike_jinks"
"Mike Jinks","Bowling Green",2018,7,1,-21,2015-12-08,"cfbd_coaches",TRUE,"Mike Jinks","coach_mike_jinks"
"Mike Leach","Mississippi State",2020,11,4,1.6,2011-11-30,"cfbd_coaches",TRUE,"Mike Leach","coach_mike_leach"
"Mike Leach","Mississippi State",2021,13,7,8.9,2011-11-30,"cfbd_coaches",TRUE,"Mike Leach","coach_mike_leach"
"Mike Leach","Mississippi State",2022,12,8,13.1,2011-11-30,"cfbd_coaches",TRUE,"Mike Leach","coach_mike_leach"
"Mike Leach","Washington State",2014,12,3,-1.9,2011-11-30,"cfbd_coaches",TRUE,"Mike Leach","coach_mike_leach"
"Mike Leach","Washington State",2015,13,9,8,2011-11-30,"cfbd_coaches",TRUE,"Mike Leach","coach_mike_leach"
"Mike Leach","Washington State",2016,13,8,15.5,2011-11-30,"cfbd_coaches",TRUE,"Mike Leach","coach_mike_leach"
"Mike Leach","Washington State",2017,13,9,6.6,2011-11-30,"cfbd_coaches",TRUE,"Mike Leach","coach_mike_leach"
"Mike Leach","Washington State",2018,13,11,12.9,2011-11-30,"cfbd_coaches",TRUE,"Mike Leach","coach_mike_leach"
"Mike Leach","Washington State",2019,13,6,6.7,2011-11-30,"cfbd_coaches",TRUE,"Mike Leach","coach_mike_leach"
"Mike Locksley","Maryland",2019,12,3,-5.6,2018-12-04,"cfbd_coaches",TRUE,"Mike Locksley","coach_mike_locksley"
"Mike Locksley","Maryland",2020,5,2,-0.4,2018-12-04,"cfbd_coaches",TRUE,"Mike Locksley","coach_mike_locksley"
"Mike Locksley","Maryland",2021,13,7,-4.8,2018-12-04,"cfbd_coaches",TRUE,"Mike Locksley","coach_mike_locksley"
"Mike Locksley","Maryland",2022,13,8,6.2,2018-12-04,"cfbd_coaches",TRUE,"Mike Locksley","coach_mike_locksley"
"Mike Locksley","Maryland",2023,13,8,8.4,2018-12-04,"cfbd_coaches",TRUE,"Mike Locksley","coach_mike_locksley"
"Mike Locksley","Maryland",2024,12,4,-2,2018-12-04,"cfbd_coaches",TRUE,"Mike Locksley","coach_mike_locksley"
"Mike Locksley","Maryland",2025,0,0,-0.8,2018-12-04,"cfbd_coaches",FALSE,"Mike Locksley","coach_mike_locksley"
"Mike London","Virginia",2014,12,5,5.1,2009-12-07,"cfbd_coaches",TRUE,"Mike London","coach_mike_london"
"Mike London","Virginia",2015,12,4,1.3,2009-12-07,"cfbd_coaches",TRUE,"Mike London","coach_mike_london"
"Mike MacIntyre","Colorado",2014,12,2,-4.1,2012-12-10,"cfbd_coaches",TRUE,"Mike MacIntyre","coach_mike_macintyre"
"Mike MacIntyre","Colorado",2015,13,4,-4.6,2012-12-10,"cfbd_coaches",TRUE,"Mike MacIntyre","coach_mike_macintyre"
"Mike MacIntyre","Colorado",2016,14,10,15.3,2012-12-10,"cfbd_coaches",TRUE,"Mike MacIntyre","coach_mike_macintyre"
"Mike MacIntyre","Colorado",2017,12,5,-2.8,2012-12-10,"cfbd_coaches",TRUE,"Mike MacIntyre","coach_mike_macintyre"
"Mike MacIntyre","Colorado",2018,11,5,-2.4,2012-12-10,"cfbd_coaches",TRUE,"Mike MacIntyre","coach_mike_macintyre"
"Mike MacIntyre","Florida International",2022,12,4,-22.8,2012-12-10,"cfbd_coaches",TRUE,"Mike MacIntyre","coach_mike_macintyre"
"Mike MacIntyre","Florida International",2023,12,4,-19.4,2012-12-10,"cfbd_coaches",TRUE,"Mike MacIntyre","coach_mike_macintyre"
"Mike MacIntyre","Florida International",2024,12,4,-11.6,2012-12-10,"cfbd_coaches",TRUE,"Mike MacIntyre","coach_mike_macintyre"
"Mike Neu","Ball State",2016,12,4,-12.2,2016-01-17,"cfbd_coaches",TRUE,"Mike Neu","coach_mike_neu"
"Mike Neu","Ball State",2017,12,2,-27.9,2016-01-17,"cfbd_coaches",TRUE,"Mike Neu","coach_mike_neu"
"Mike Neu","Ball State",2018,12,4,-16.4,2016-01-17,"cfbd_coaches",TRUE,"Mike Neu","coach_mike_neu"
"Mike Neu","Ball State",2019,12,5,-4.9,2016-01-17,"cfbd_coaches",TRUE,"Mike Neu","coach_mike_neu"
"Mike Neu","Ball State",2020,8,7,,2016-01-17,"cfbd_coaches",TRUE,"Mike Neu","coach_mike_neu"
"Mike Neu","Ball State",2021,13,6,-7.3,2016-01-17,"cfbd_coaches",TRUE,"Mike Neu","coach_mike_neu"
"Mike Neu","Ball State",2022,12,5,-11.6,2016-01-17,"cfbd_coaches",TRUE,"Mike Neu","coach_mike_neu"
"Mike Neu","Ball State",2023,12,4,-12.8,2016-01-17,"cfbd_coaches",TRUE,"Mike Neu","coach_mike_neu"
"Mike Neu","Ball State",2024,10,3,-13.4,2016-01-17,"cfbd_coaches",TRUE,"Mike Neu","coach_mike_neu"
"Mike Norvell","Florida State",2020,9,3,,2015-12-04,"cfbd_coaches",TRUE,"Mike Norvell","coach_mike_norvell"
"Mike Norvell","Florida State",2021,12,5,4,2015-12-04,"cfbd_coaches",TRUE,"Mike Norvell","coach_mike_norvell"
"Mike Norvell","Florida State",2022,13,10,14.1,2015-12-04,"cfbd_coaches",TRUE,"Mike Norvell","coach_mike_norvell"
"Mike Norvell","Florida State",2023,14,13,19.6,2015-12-04,"cfbd_coaches",TRUE,"Mike Norvell","coach_mike_norvell"
"Mike Norvell","Florida State",2024,12,2,-6.7,2015-12-04,"cfbd_coaches",TRUE,"Mike Norvell","coach_mike_norvell"
"Mike Norvell","Florida State",2025,0,0,8.4,2015-12-04,"cfbd_coaches",FALSE,"Mike Norvell","coach_mike_norvell"
"Mike Norvell","Memphis",2016,13,8,4,2015-12-04,"cfbd_coaches",TRUE,"Mike Norvell","coach_mike_norvell"
"Mike Norvell","Memphis",2017,13,10,10.5,2015-12-04,"cfbd_coaches",TRUE,"Mike Norvell","coach_mike_norvell"
"Mike Norvell","Memphis",2018,14,8,1.2,2015-12-04,"cfbd_coaches",TRUE,"Mike Norvell","coach_mike_norvell"
"Mike Norvell","Memphis",2019,14,12,14.4,2015-12-04,"cfbd_coaches",TRUE,"Mike Norvell","coach_mike_norvell"
"Mike Price","UTEP",2017,7,0,-28.9,2003-12-21,"cfbd_coaches",TRUE,"Mike Price","coach_mike_price"
"Mike Riley","Nebraska",2015,13,6,6.6,,"cfbd_coaches",TRUE,"Mike Riley","coach_mike_riley"
"Mike Riley","Nebraska",2016,13,9,6.9,,"cfbd_coaches",TRUE,"Mike Riley","coach_mike_riley"
"Mike Riley","Nebraska",2017,12,4,-0.9,,"cfbd_coaches",TRUE,"Mike Riley","coach_mike_riley"
"Mike Riley","Oregon State",2014,12,5,-1.6,,"cfbd_coaches",TRUE,"Mike Riley","coach_mike_riley"
"Mike Sanford Jr.","Colorado",2022,7,1,-14.7,2016-12-14,"cfbd_coaches",TRUE,"Mike Sanford Jr.","coach_mike_sanford_jr"
"Mike Sanford Jr.","Western Kentucky",2017,13,6,-15,2016-12-14,"cfbd_coaches",TRUE,"Mike Sanford Jr.","coach_mike_sanford_jr"
"Mike Sanford Jr.","Western Kentucky",2018,12,3,-15.2,2016-12-14,"cfbd_coaches",TRUE,"Mike Sanford Jr.","coach_mike_sanford_jr"
"Mike Uremovich","Ball State",2025,0,0,-19.1,,"cfbd_coaches",FALSE,"Mike Uremovich","coach_mike_uremovich"
"Nate Dreiling","Utah State",2024,12,4,-11.7,,"cfbd_coaches",TRUE,"Nate Dreiling","coach_nate_dreiling"
"Neal Brown","Troy",2015,12,4,-9.9,2014-11-30,"cfbd_coaches",TRUE,"Neal Brown","coach_neal_brown"
"Neal Brown","Troy",2016,13,10,1.6,2014-11-30,"cfbd_coaches",TRUE,"Neal Brown","coach_neal_brown"
"Neal Brown","Troy",2017,13,11,1.2,2014-11-30,"cfbd_coaches",TRUE,"Neal Brown","coach_neal_brown"
"Neal Brown","Troy",2018,13,10,-1.4,2014-11-30,"cfbd_coaches",TRUE,"Neal Brown","coach_neal_brown"
"Neal Brown","West Virginia",2019,12,5,-1.7,2014-11-30,"cfbd_coaches",TRUE,"Neal Brown","coach_neal_brown"
"Neal Brown","West Virginia",2020,10,6,5.9,2014-11-30,"cfbd_coaches",TRUE,"Neal Brown","coach_neal_brown"
"Neal Brown","West Virginia",2021,13,6,1.1,2014-11-30,"cfbd_coaches",TRUE,"Neal Brown","coach_neal_brown"
"Neal Brown","West Virginia",2022,12,5,3.9,2014-11-30,"cfbd_coaches",TRUE,"Neal Brown","coach_neal_brown"
"Neal Brown","West Virginia",2023,13,9,6.5,2014-11-30,"cfbd_coaches",TRUE,"Neal Brown","coach_neal_brown"
"Neal Brown","West Virginia",2024,12,6,1.2,2014-11-30,"cfbd_coaches",TRUE,"Neal Brown","coach_neal_brown"
"Nick Rolovich","Hawai'i",2016,14,7,-11.4,2015-11-27,"cfbd_coaches",TRUE,"Nick Rolovich","coach_nick_rolovich"
"Nick Rolovich","Hawai'i",2017,12,3,-20.3,2015-11-27,"cfbd_coaches",TRUE,"Nick Rolovich","coach_nick_rolovich"
"Nick Rolovich","Hawai'i",2018,14,8,-10.1,2015-11-27,"cfbd_coaches",TRUE,"Nick Rolovich","coach_nick_rolovich"
"Nick Rolovich","Hawai'i",2019,15,10,-2.3,2015-11-27,"cfbd_coaches",TRUE,"Nick Rolovich","coach_nick_rolovich"
"Nick Rolovich","Washington State",2020,4,1,,2015-11-27,"cfbd_coaches",TRUE,"Nick Rolovich","coach_nick_rolovich"
"Nick Rolovich","Washington State",2021,7,4,4.5,2015-11-27,"cfbd_coaches",TRUE,"Nick Rolovich","coach_nick_rolovich"
"Nick Saban","Alabama",2014,14,12,26.5,2007-01-03,"cfbd_coaches",TRUE,"Nick Saban","coach_nick_saban"
"Nick Saban","Alabama",2015,15,14,27.3,2007-01-03,"cfbd_coaches",TRUE,"Nick Saban","coach_nick_saban"
"Nick Saban","Alabama",2016,15,14,33.6,2007-01-03,"cfbd_coaches",TRUE,"Nick Saban","coach_nick_saban"
"Nick Saban","Alabama",2017,14,13,26.3,2007-01-03,"cfbd_coaches",TRUE,"Nick Saban","coach_nick_saban"
"Nick Saban","Alabama",2018,15,14,33.5,2007-01-03,"cfbd_coaches",TRUE,"Nick Saban","coach_nick_saban"
"Nick Saban","Alabama",2019,13,11,28.8,2007-01-03,"cfbd_coaches",TRUE,"Nick Saban","coach_nick_saban"
"Nick Saban","Alabama",2020,13,13,31.1,2007-01-03,"cfbd_coaches",TRUE,"Nick Saban","coach_nick_saban"
"Nick Saban","Alabama",2021,15,13,19.5,2007-01-03,"cfbd_coaches",TRUE,"Nick Saban","coach_nick_saban"
"Nick Saban","Alabama",2022,13,11,21.3,2007-01-03,"cfbd_coaches",TRUE,"Nick Saban","coach_nick_saban"
"Nick Saban","Alabama",2023,14,12,19.6,2007-01-03,"cfbd_coaches",TRUE,"Nick Saban","coach_nick_saban"
"Norm Chow","Hawai'i",2014,13,4,-11.7,2011-12-21,"cfbd_coaches",TRUE,"Norm Chow","coach_norm_chow"
"Norm Chow","Hawai'i",2015,9,2,-21.7,2011-12-21,"cfbd_coaches",TRUE,"Norm Chow","coach_norm_chow"
"Nunzio Campanile","Rutgers",2019,8,1,-16.7,2019-09-30,"cfbd_coaches",TRUE,"Nunzio Campanile","coach_nunzio_campanile"
"Nunzio Campanile","Syracuse",2023,2,1,-0.4,2019-09-30,"cfbd_coaches",TRUE,"Nunzio Campanile","coach_nunzio_campanile"
"Odell Haggins","Florida State",2017,2,2,10.1,2017-12-01,"cfbd_coaches",TRUE,"Odell Haggins","coach_odell_haggins"
"Odell Haggins","Florida State",2019,4,2,0.2,2017-12-01,"cfbd_coaches",TRUE,"Odell Haggins","coach_odell_haggins"
"Oscar Rodriguez","Akron",2021,3,0,-22.6,2021-11-04,"cfbd_coaches",TRUE,"Oscar Rodriguez","coach_oscar_rodriguez"
"Pat Fitzgerald","Northwestern",2014,12,5,-0.3,2006-07-07,"cfbd_coaches",TRUE,"Pat Fitzgerald","coach_pat_fitzgerald"
"Pat Fitzgerald","Northwestern",2015,13,10,3,2006-07-07,"cfbd_coaches",TRUE,"Pat Fitzgerald","coach_pat_fitzgerald"
"Pat Fitzgerald","Northwestern",2016,13,7,9.9,2006-07-07,"cfbd_coaches",TRUE,"Pat Fitzgerald","coach_pat_fitzgerald"
"Pat Fitzgerald","Northwestern",2017,13,10,13.1,2006-07-07,"cfbd_coaches",TRUE,"Pat Fitzgerald","coach_pat_fitzgerald"
"Pat Fitzgerald","Northwestern",2018,14,9,6.3,2006-07-07,"cfbd_coaches",TRUE,"Pat Fitzgerald","coach_pat_fitzgerald"
"Pat Fitzgerald","Northwestern",2019,12,3,-3.2,2006-07-07,"cfbd_coaches",TRUE,"Pat Fitzgerald","coach_pat_fitzgerald"
"Pat Fitzgerald","Northwestern",2020,9,7,12.2,2006-07-07,"cfbd_coaches",TRUE,"Pat Fitzgerald","coach_pat_fitzgerald"
"Pat Fitzgerald","Northwestern",2021,12,3,-7.2,2006-07-07,"cfbd_coaches",TRUE,"Pat Fitzgerald","coach_pat_fitzgerald"
"Pat Fitzgerald","Northwestern",2022,12,1,-7.2,2006-07-07,"cfbd_coaches",TRUE,"Pat Fitzgerald","coach_pat_fitzgerald"
"Pat Narduzzi","Pittsburgh",2015,13,8,8.9,2014-12-16,"cfbd_coaches",TRUE,"Pat Narduzzi","coach_pat_narduzzi"
"Pat Narduzzi","Pittsburgh",2016,13,8,10.6,2014-12-16,"cfbd_coaches",TRUE,"Pat Narduzzi","coach_pat_narduzzi"
"Pat Narduzzi","Pittsburgh",2017,12,5,3.9,2014-12-16,"cfbd_coaches",TRUE,"Pat Narduzzi","coach_pat_narduzzi"
"Pat Narduzzi","Pittsburgh",2018,14,7,5.8,2014-12-16,"cfbd_coaches",TRUE,"Pat Narduzzi","coach_pat_narduzzi"
"Pat Narduzzi","Pittsburgh",2019,13,8,-0.5,2014-12-16,"cfbd_coaches",TRUE,"Pat Narduzzi","coach_pat_narduzzi"
"Pat Narduzzi","Pittsburgh",2020,11,6,,2014-12-16,"cfbd_coaches",TRUE,"Pat Narduzzi","coach_pat_narduzzi"
"Pat Narduzzi","Pittsburgh",2021,14,11,10.8,2014-12-16,"cfbd_coaches",TRUE,"Pat Narduzzi","coach_pat_narduzzi"
"Pat Narduzzi","Pittsburgh",2022,13,9,6.3,2014-12-16,"cfbd_coaches",TRUE,"Pat Narduzzi","coach_pat_narduzzi"
"Pat Narduzzi","Pittsburgh",2023,12,3,-3.3,2014-12-16,"cfbd_coaches",TRUE,"Pat Narduzzi","coach_pat_narduzzi"
"Pat Narduzzi","Pittsburgh",2024,13,7,4.5,2014-12-16,"cfbd_coaches",TRUE,"Pat Narduzzi","coach_pat_narduzzi"
"Pat Narduzzi","Pittsburgh",2025,0,0,10,2014-12-16,"cfbd_coaches",FALSE,"Pat Narduzzi","coach_pat_narduzzi"
"Paul Chryst","Pittsburgh",2014,12,6,2.8,2012-12-22,"cfbd_coaches",TRUE,"Paul Chryst","coach_paul_chryst"
"Paul Chryst","Wisconsin",2015,13,10,10,2012-12-22,"cfbd_coaches",TRUE,"Paul Chryst","coach_paul_chryst"
"Paul Chryst","Wisconsin",2016,14,11,17.9,2012-12-22,"cfbd_coaches",TRUE,"Paul Chryst","coach_paul_chryst"
"Paul Chryst","Wisconsin",2017,14,13,24.7,2012-12-22,"cfbd_coaches",TRUE,"Paul Chryst","coach_paul_chryst"
"Paul Chryst","Wisconsin",2018,13,8,8.8,2012-12-22,"cfbd_coaches",TRUE,"Paul Chryst","coach_paul_chryst"
"Paul Chryst","Wisconsin",2019,14,10,19.9,2012-12-22,"cfbd_coaches",TRUE,"Paul Chryst","coach_paul_chryst"
"Paul Chryst","Wisconsin",2020,7,4,9.5,2012-12-22,"cfbd_coaches",TRUE,"Paul Chryst","coach_paul_chryst"
"Paul Chryst","Wisconsin",2021,13,9,14,2012-12-22,"cfbd_coaches",TRUE,"Paul Chryst","coach_paul_chryst"
"Paul Chryst","Wisconsin",2022,5,2,5.4,2012-12-22,"cfbd_coaches",TRUE,"Paul Chryst","coach_paul_chryst"
"Paul Haynes","Kent State",2014,11,2,-17.7,2012-12-18,"cfbd_coaches",TRUE,"Paul Haynes","coach_paul_haynes"
"Paul Haynes","Kent State",2015,12,3,-17.9,2012-12-18,"cfbd_coaches",TRUE,"Paul Haynes","coach_paul_haynes"
"Paul Haynes","Kent State",2016,12,3,-10.5,2012-12-18,"cfbd_coaches",TRUE,"Paul Haynes","coach_paul_haynes"
"Paul Haynes","Kent State",2017,12,2,-22.7,2012-12-18,"cfbd_coaches",TRUE,"Paul Haynes","coach_paul_haynes"
"Paul Johnson","Georgia Tech",2014,14,11,18.5,2007-12-07,"cfbd_coaches",TRUE,"Paul Johnson","coach_paul_johnson"
"Paul Johnson","Georgia Tech",2015,12,3,4.6,2007-12-07,"cfbd_coaches",TRUE,"Paul Johnson","coach_paul_johnson"
"Paul Johnson","Georgia Tech",2016,13,9,7.3,2007-12-07,"cfbd_coaches",TRUE,"Paul Johnson","coach_paul_johnson"
"Paul Johnson","Georgia Tech",2017,11,5,8.7,2007-12-07,"cfbd_coaches",TRUE,"Paul Johnson","coach_paul_johnson"
"Paul Johnson","Georgia Tech",2018,13,7,3.4,2007-12-07,"cfbd_coaches",TRUE,"Paul Johnson","coach_paul_johnson"
"Paul Petrino","Idaho",2014,11,1,-22.6,2012-12-03,"cfbd_coaches",TRUE,"Paul Petrino","coach_paul_petrino"
"Paul Petrino","Idaho",2015,12,4,-18.7,2012-12-03,"cfbd_coaches",TRUE,"Paul Petrino","coach_paul_petrino"
"Paul Petrino","Idaho",2016,13,9,-4.1,2012-12-03,"cfbd_coaches",TRUE,"Paul Petrino","coach_paul_petrino"
"Paul Petrino","Idaho",2017,12,4,-14.9,2012-12-03,"cfbd_coaches",TRUE,"Paul Petrino","coach_paul_petrino"
"Paul Rhoads","Iowa State",2014,12,2,-4.7,2008-12-20,"cfbd_coaches",TRUE,"Paul Rhoads","coach_paul_rhoads"
"Paul Rhoads","Iowa State",2015,12,3,-2.2,2008-12-20,"cfbd_coaches",TRUE,"Paul Rhoads","coach_paul_rhoads"
"Pete Alamar","Rice",2024,4,2,-8.6,,"cfbd_coaches",TRUE,"Pete Alamar","coach_pete_alamar"
"Pete Kaligis","Washington State",2024,1,0,-0.3,,"cfbd_coaches",TRUE,"Pete Kaligis","coach_pete_kaligis"
"Pete Lembo","Ball State",2014,12,5,-10.4,2010-12-19,"cfbd_coaches",TRUE,"Pete Lembo","coach_pete_lembo"
"Pete Lembo","Ball State",2015,12,3,-14.9,2010-12-19,"cfbd_coaches",TRUE,"Pete Lembo","coach_pete_lembo"
"Pete Lembo","Buffalo",2024,13,9,-6.1,2010-12-19,"cfbd_coaches",TRUE,"Pete Lembo","coach_pete_lembo"
"Pete Lembo","Buffalo",2025,0,0,-14.2,2010-12-19,"cfbd_coaches",FALSE,"Pete Lembo","coach_pete_lembo"
"Peter Rossomando","Charlotte",2022,4,2,-18.8,2022-10-23,"cfbd_coaches",TRUE,"Peter Rossomando","coach_peter_rossomando"
"Phil Bennett","North Texas",2022,1,0,-4.6,2022-12-04,"cfbd_coaches",TRUE,"Phil Bennett","coach_phil_bennett"
"Phil Longo","Sam Houston",2025,0,0,-22.7,,"cfbd_coaches",FALSE,"Phil Longo","coach_phil_longo"
"Philip Montgomery","Tulsa",2015,13,6,-5.3,2014-12-11,"cfbd_coaches",TRUE,"Philip Montgomery","coach_philip_montgomery"
"Philip Montgomery","Tulsa",2016,13,10,5.9,2014-12-11,"cfbd_coaches",TRUE,"Philip Montgomery","coach_philip_montgomery"
"Philip Montgomery","Tulsa",2017,12,2,-8.7,2014-12-11,"cfbd_coaches",TRUE,"Philip Montgomery","coach_philip_montgomery"
"Philip Montgomery","Tulsa",2018,12,3,-12,2014-12-11,"cfbd_coaches",TRUE,"Philip Montgomery","coach_philip_montgomery"
"Philip Montgomery","Tulsa",2019,12,4,-0.1,2014-12-11,"cfbd_coaches",TRUE,"Philip Montgomery","coach_philip_montgomery"
"Philip Montgomery","Tulsa",2020,9,6,,2014-12-11,"cfbd_coaches",TRUE,"Philip Montgomery","coach_philip_montgomery"
"Philip Montgomery","Tulsa",2021,13,7,-1.1,2014-12-11,"cfbd_coaches",TRUE,"Philip Montgomery","coach_philip_montgomery"
"Philip Montgomery","Tulsa",2022,12,5,-4.7,2014-12-11,"cfbd_coaches",TRUE,"Philip Montgomery","coach_philip_montgomery"
"P.J. Fleck","Minnesota",2017,12,5,2.8,2012-12-17,"cfbd_coaches",TRUE,"P.J. Fleck","coach_pj_fleck"
"P.J. Fleck","Minnesota",2018,13,7,5.5,2012-12-17,"cfbd_coaches",TRUE,"P.J. Fleck","coach_pj_fleck"
"P.J. Fleck","Minnesota",2019,13,11,15.2,2012-12-17,"cfbd_coaches",TRUE,"P.J. Fleck","coach_pj_fleck"
"P.J. Fleck","Minnesota",2020,7,3,0.1,2012-12-17,"cfbd_coaches",TRUE,"P.J. Fleck","coach_pj_fleck"
"P.J. Fleck","Minnesota",2021,13,9,6.8,2012-12-17,"cfbd_coaches",TRUE,"P.J. Fleck","coach_pj_fleck"
"P.J. Fleck","Minnesota",2022,13,9,10.7,2012-12-17,"cfbd_coaches",TRUE,"P.J. Fleck","coach_pj_fleck"
"P.J. Fleck","Minnesota",2023,13,6,-2.3,2012-12-17,"cfbd_coaches",TRUE,"P.J. Fleck","coach_pj_fleck"
"P.J. Fleck","Minnesota",2024,13,8,12.6,2012-12-17,"cfbd_coaches",TRUE,"P.J. Fleck","coach_pj_fleck"
"P.J. Fleck","Minnesota",2025,0,0,0.7,2012-12-17,"cfbd_coaches",FALSE,"P.J. Fleck","coach_pj_fleck"
"P.J. Fleck","Western Michigan",2014,13,8,-3,2012-12-17,"cfbd_coaches",TRUE,"P.J. Fleck","coach_pj_fleck"
"P.J. Fleck","Western Michigan",2015,13,8,4.3,2012-12-17,"cfbd_coaches",TRUE,"P.J. Fleck","coach_pj_fleck"
"P.J. Fleck","Western Michigan",2016,14,13,13.5,2012-12-17,"cfbd_coaches",TRUE,"P.J. Fleck","coach_pj_fleck"
"Randy Edsall","Connecticut",2017,12,3,-13.5,2011-01-02,"cfbd_coaches",TRUE,"Randy Edsall","coach_randy_edsall"
"Randy Edsall","Connecticut",2018,12,1,-27.9,2011-01-02,"cfbd_coaches",TRUE,"Randy Edsall","coach_randy_edsall"
"Randy Edsall","Connecticut",2019,12,2,-23.2,2011-01-02,"cfbd_coaches",TRUE,"Randy Edsall","coach_randy_edsall"
"Randy Edsall","Connecticut",2020,0,0,,2011-01-02,"cfbd_coaches",TRUE,"Randy Edsall","coach_randy_edsall"
"Randy Edsall","Connecticut",2021,2,0,-21.4,2011-01-02,"cfbd_coaches",TRUE,"Randy Edsall","coach_randy_edsall"
"Randy Edsall","Maryland",2014,13,7,0.9,2011-01-02,"cfbd_coaches",TRUE,"Randy Edsall","coach_randy_edsall"
"Randy Edsall","Maryland",2015,6,2,-4,2011-01-02,"cfbd_coaches",TRUE,"Randy Edsall","coach_randy_edsall"
"Randy Shannon","Florida",2017,4,1,-0.9,2017-10-29,"cfbd_coaches",TRUE,"Randy Shannon","coach_randy_shannon"
"Reed Stringer","Southern Miss",2024,5,0,-23.9,,"cfbd_coaches",TRUE,"Reed Stringer","coach_reed_stringer"
"Rhett Lashlee","SMU",2022,13,7,1.9,2021-11-30,"cfbd_coaches",TRUE,"Rhett Lashlee","coach_rhett_lashlee"
"Rhett Lashlee","SMU",2023,14,11,8.9,2021-11-30,"cfbd_coaches",TRUE,"Rhett Lashlee","coach_rhett_lashlee"
"Rhett Lashlee","SMU",2024,14,11,15.7,2021-11-30,"cfbd_coaches",TRUE,"Rhett Lashlee","coach_rhett_lashlee"
"Rhett Lashlee","SMU",2025,0,0,11,2021-11-30,"cfbd_coaches",FALSE,"Rhett Lashlee","coach_rhett_lashlee"
"Rich Rodriguez","Arizona",2014,14,10,10.7,2011-11-21,"cfbd_coaches",TRUE,"Rich Rodriguez","coach_rich_rodriguez"
"Rich Rodriguez","Arizona",2015,13,7,-0.1,2011-11-21,"cfbd_coaches",TRUE,"Rich Rodriguez","coach_rich_rodriguez"
"Rich Rodriguez","Arizona",2016,12,3,-4.9,2011-11-21,"cfbd_coaches",TRUE,"Rich Rodriguez","coach_rich_rodriguez"
"Rich Rodriguez","Arizona",2017,13,7,3.4,2011-11-21,"cfbd_coaches",TRUE,"Rich Rodriguez","coach_rich_rodriguez"
"Rich Rodriguez","Jacksonville State",2023,13,9,-1.2,2011-11-21,"cfbd_coaches",TRUE,"Rich Rodriguez","coach_rich_rodriguez"
"Rich Rodriguez","Jacksonville State",2024,14,9,-2.8,2011-11-21,"cfbd_coaches",TRUE,"Rich Rodriguez","coach_rich_rodriguez"
"Rich Rodriguez","West Virginia",2025,0,0,-2.6,2011-11-21,"cfbd_coaches",FALSE,"Rich Rodriguez","coach_rich_rodriguez"
"Rick Stockstill","Middle Tennessee",2014,12,6,-5.9,2005-12-12,"cfbd_coaches",TRUE,"Rick Stockstill","coach_rick_stockstill"
"Rick Stockstill","Middle Tennessee",2015,13,7,-3.6,2005-12-12,"cfbd_coaches",TRUE,"Rick Stockstill","coach_rick_stockstill"
"Rick Stockstill","Middle Tennessee",2016,13,8,-9.4,2005-12-12,"cfbd_coaches",TRUE,"Rick Stockstill","coach_rick_stockstill"
"Rick Stockstill","Middle Tennessee",2017,13,7,-8.8,2005-12-12,"cfbd_coaches",TRUE,"Rick Stockstill","coach_rick_stockstill"
"Rick Stockstill","Middle Tennessee",2018,14,8,-0.9,2005-12-12,"cfbd_coaches",TRUE,"Rick Stockstill","coach_rick_stockstill"
"Rick Stockstill","Middle Tennessee",2019,12,4,-7.6,2005-12-12,"cfbd_coaches",TRUE,"Rick Stockstill","coach_rick_stockstill"
"Rick Stockstill","Middle Tennessee",2020,9,3,-13.6,2005-12-12,"cfbd_coaches",TRUE,"Rick Stockstill","coach_rick_stockstill"
"Rick Stockstill","Middle Tennessee",2021,13,7,-8.2,2005-12-12,"cfbd_coaches",TRUE,"Rick Stockstill","coach_rick_stockstill"
"Rick Stockstill","Middle Tennessee",2022,13,8,-7.7,2005-12-12,"cfbd_coaches",TRUE,"Rick Stockstill","coach_rick_stockstill"
"Rick Stockstill","Middle Tennessee",2023,12,4,-8.1,2005-12-12,"cfbd_coaches",TRUE,"Rick Stockstill","coach_rick_stockstill"
"Ricky Rahne","Old Dominion",2020,0,0,,2019-12-07,"cfbd_coaches",TRUE,"Ricky Rahne","coach_ricky_rahne"
"Ricky Rahne","Old Dominion",2021,13,6,-9.2,2019-12-07,"cfbd_coaches",TRUE,"Ricky Rahne","coach_ricky_rahne"
"Ricky Rahne","Old Dominion",2022,12,3,-9.6,2019-12-07,"cfbd_coaches",TRUE,"Ricky Rahne","coach_ricky_rahne"
"Ricky Rahne","Old Dominion",2023,13,6,-8.7,2019-12-07,"cfbd_coaches",TRUE,"Ricky Rahne","coach_ricky_rahne"
"Ricky Rahne","Old Dominion",2024,12,5,-1.6,2019-12-07,"cfbd_coaches",TRUE,"Ricky Rahne","coach_ricky_rahne"
"Ricky Rahne","Old Dominion",2025,0,0,6.1,2019-12-07,"cfbd_coaches",FALSE,"Ricky Rahne","coach_ricky_rahne"
"Rocky Long","San Diego State",2014,13,7,-4.5,2011-01-12,"cfbd_coaches",TRUE,"Rocky Long","coach_rocky_long"
"Rocky Long","San Diego State",2015,14,11,6.2,2011-01-12,"cfbd_coaches",TRUE,"Rocky Long","coach_rocky_long"
"Rocky Long","San Diego State",2016,14,11,5.4,2011-01-12,"cfbd_coaches",TRUE,"Rocky Long","coach_rocky_long"
"Rocky Long","San Diego State",2017,13,10,3.1,2011-01-12,"cfbd_coaches",TRUE,"Rocky Long","coach_rocky_long"
"Rocky Long","San Diego State",2018,13,7,-4.8,2011-01-12,"cfbd_coaches",TRUE,"Rocky Long","coach_rocky_long"
"Rocky Long","San Diego State",2019,13,10,1.7,2011-01-12,"cfbd_coaches",TRUE,"Rocky Long","coach_rocky_long"
"Rod Carey","Northern Illinois",2014,14,11,-4.8,2012-12-03,"cfbd_coaches",TRUE,"Rod Carey","coach_rod_carey"
"Rod Carey","Northern Illinois",2015,14,8,-0.1,2012-12-03,"cfbd_coaches",TRUE,"Rod Carey","coach_rod_carey"
"Rod Carey","Northern Illinois",2016,12,5,-3.2,2012-12-03,"cfbd_coaches",TRUE,"Rod Carey","coach_rod_carey"
"Rod Carey","Northern Illinois",2017,13,8,-0.1,2012-12-03,"cfbd_coaches",TRUE,"Rod Carey","coach_rod_carey"
"Rod Carey","Northern Illinois",2018,14,8,-4.5,2012-12-03,"cfbd_coaches",TRUE,"Rod Carey","coach_rod_carey"
"Rod Carey","Temple",2019,13,8,-2.7,2012-12-03,"cfbd_coaches",TRUE,"Rod Carey","coach_rod_carey"
"Rod Carey","Temple",2020,7,1,,2012-12-03,"cfbd_coaches",TRUE,"Rod Carey","coach_rod_carey"
"Rod Carey","Temple",2021,12,3,-19.7,2012-12-03,"cfbd_coaches",TRUE,"Rod Carey","coach_rod_carey"
"Rod Smith","Illinois",2020,1,0,-7.4,2020-12-13,"cfbd_coaches",TRUE,"Rod Smith","coach_rod_smith"
"Ron Caragher","San José State",2014,12,3,-15,2012-12-17,"cfbd_coaches",TRUE,"Ron Caragher","coach_ron_caragher"
"Ron Caragher","San José State",2015,13,6,-6.9,2012-12-17,"cfbd_coaches",TRUE,"Ron Caragher","coach_ron_caragher"
"Ron Caragher","San José State",2016,12,4,-17.2,2012-12-17,"cfbd_coaches",TRUE,"Ron Caragher","coach_ron_caragher"
"Ron Turner","Florida International",2014,12,4,-8.5,2013-01-03,"cfbd_coaches",TRUE,"Ron Turner","coach_ron_turner"
"Ron Turner","Florida International",2015,12,5,-13.5,2013-01-03,"cfbd_coaches",TRUE,"Ron Turner","coach_ron_turner"
"Ron Turner","Florida International",2016,4,0,-19.1,2013-01-03,"cfbd_coaches",TRUE,"Ron Turner","coach_ron_turner"
"Ruffin McNeill","East Carolina",2014,13,8,1,2010-01-21,"cfbd_coaches",TRUE,"Ruffin McNeill","coach_ruffin_mcneill"
"Ruffin McNeill","East Carolina",2015,12,5,1.8,2010-01-21,"cfbd_coaches",TRUE,"Ruffin McNeill","coach_ruffin_mcneill"
"Ryan Beard","Missouri State",2025,0,0,-8.8,,"cfbd_coaches",FALSE,"Ryan Beard","coach_ryan_beard"
"Ryan Carty","Delaware",2025,0,0,-12.4,,"cfbd_coaches",FALSE,"Ryan Carty","coach_ryan_carty"
"Ryan Day","Ohio State",2018,3,3,18.1,2018-12-04,"cfbd_coaches",TRUE,"Ryan Day","coach_ryan_day"
"Ryan Day","Ohio State",2019,14,13,32.8,2018-12-04,"cfbd_coaches",TRUE,"Ryan Day","coach_ryan_day"
"Ryan Day","Ohio State",2020,8,7,21.6,2018-12-04,"cfbd_coaches",TRUE,"Ryan Day","coach_ryan_day"
"Ryan Day","Ohio State",2021,13,11,21,2018-12-04,"cfbd_coaches",TRUE,"Ryan Day","coach_ryan_day"
"Ryan Day","Ohio State",2022,13,11,22.5,2018-12-04,"cfbd_coaches",TRUE,"Ryan Day","coach_ryan_day"
"Ryan Day","Ohio State",2023,13,11,23.4,2018-12-04,"cfbd_coaches",TRUE,"Ryan Day","coach_ryan_day"
"Ryan Day","Ohio State",2024,16,14,24.6,2018-12-04,"cfbd_coaches",TRUE,"Ryan Day","coach_ryan_day"
"Ryan Day","Ohio State",2025,0,0,26.6,2018-12-04,"cfbd_coaches",FALSE,"Ryan Day","coach_ryan_day"
"Ryan Silverfield","Memphis",2020,11,8,,2019-12-13,"cfbd_coaches",TRUE,"Ryan Silverfield","coach_ryan_silverfield"
"Ryan Silverfield","Memphis",2021,12,6,-3,2019-12-13,"cfbd_coaches",TRUE,"Ryan Silverfield","coach_ryan_silverfield"
"Ryan Silverfield","Memphis",2022,13,7,5.4,2019-12-13,"cfbd_coaches",TRUE,"Ryan Silverfield","coach_ryan_silverfield"
"Ryan Silverfield","Memphis",2023,13,10,1.8,2019-12-13,"cfbd_coaches",TRUE,"Ryan Silverfield","coach_ryan_silverfield"
"Ryan Silverfield","Memphis",2024,13,11,3.2,2019-12-13,"cfbd_coaches",TRUE,"Ryan Silverfield","coach_ryan_silverfield"
"Ryan Silverfield","Memphis",2025,0,0,2.5,2019-12-13,"cfbd_coaches",FALSE,"Ryan Silverfield","coach_ryan_silverfield"
"Ryan Switzer","Tulsa",2024,1,0,-23.8,,"cfbd_coaches",TRUE,"Ryan Switzer","coach_ryan_switzer"
"Ryan Walters","Purdue",2023,12,4,-1.9,2022-12-13,"cfbd_coaches",TRUE,"Ryan Walters","coach_ryan_walters"
"Ryan Walters","Purdue",2024,12,1,-8,2022-12-13,"cfbd_coaches",TRUE,"Ryan Walters","coach_ryan_walters"
"Sam Pittman","Arkansas",2020,10,3,3.3,2019-12-08,"cfbd_coaches",TRUE,"Sam Pittman","coach_sam_pittman"
"Sam Pittman","Arkansas",2021,13,9,9.7,2019-12-08,"cfbd_coaches",TRUE,"Sam Pittman","coach_sam_pittman"
"Sam Pittman","Arkansas",2022,13,7,6.5,2019-12-08,"cfbd_coaches",TRUE,"Sam Pittman","coach_sam_pittman"
"Sam Pittman","Arkansas",2023,12,4,1.1,2019-12-08,"cfbd_coaches",TRUE,"Sam Pittman","coach_sam_pittman"
"Sam Pittman","Arkansas",2024,13,7,6.1,2019-12-08,"cfbd_coaches",TRUE,"Sam Pittman","coach_sam_pittman"
"Sam Pittman","Arkansas",2025,0,0,4,2019-12-08,"cfbd_coaches",FALSE,"Sam Pittman","coach_sam_pittman"
"Scot Loeffler","Bowling Green",2019,12,3,-28.5,2018-11-28,"cfbd_coaches",TRUE,"Scot Loeffler","coach_scot_loeffler"
"Scot Loeffler","Bowling Green",2020,5,0,,2018-11-28,"cfbd_coaches",TRUE,"Scot Loeffler","coach_scot_loeffler"
"Scot Loeffler","Bowling Green",2021,12,4,-17.7,2018-11-28,"cfbd_coaches",TRUE,"Scot Loeffler","coach_scot_loeffler"
"Scot Loeffler","Bowling Green",2022,13,6,-14.3,2018-11-28,"cfbd_coaches",TRUE,"Scot Loeffler","coach_scot_loeffler"
"Scot Loeffler","Bowling Green",2023,13,7,-3.8,2018-11-28,"cfbd_coaches",TRUE,"Scot Loeffler","coach_scot_loeffler"
"Scot Loeffler","Bowling Green",2024,13,7,-1.9,2018-11-28,"cfbd_coaches",TRUE,"Scot Loeffler","coach_scot_loeffler"
"Scott Abell","Rice",2025,0,0,-15.1,,"cfbd_coaches",FALSE,"Scott Abell","coach_scott_abell"
"Scott Frost","Nebraska",2018,12,4,2.5,2015-01-01,"cfbd_coaches",TRUE,"Scott Frost","coach_scott_frost"
"Scott Frost","Nebraska",2019,12,5,3.2,2015-01-01,"cfbd_coaches",TRUE,"Scott Frost","coach_scott_frost"
"Scott Frost","Nebraska",2020,8,3,0.5,2015-01-01,"cfbd_coaches",TRUE,"Scott Frost","coach_scott_frost"
"Scott Frost","Nebraska",2021,12,3,7.3,2015-01-01,"cfbd_coaches",TRUE,"Scott Frost","coach_scott_frost"
"Scott Frost","Nebraska",2022,3,1,-1.8,2015-01-01,"cfbd_coaches",TRUE,"Scott Frost","coach_scott_frost"
"Scott Frost","UCF",2016,13,6,-1.2,2015-01-01,"cfbd_coaches",TRUE,"Scott Frost","coach_scott_frost"
"Scott Frost","UCF",2017,13,13,20.7,2015-01-01,"cfbd_coaches",TRUE,"Scott Frost","coach_scott_frost"
"Scott Frost","UCF",2025,0,0,-0.8,2015-01-01,"cfbd_coaches",FALSE,"Scott Frost","coach_scott_frost"
"Scott Satterfield","App State",2014,12,7,-8.2,2012-12-14,"cfbd_coaches",TRUE,"Scott Satterfield","coach_scott_satterfield"
"Scott Satterfield","App State",2015,13,11,2.4,2012-12-14,"cfbd_coaches",TRUE,"Scott Satterfield","coach_scott_satterfield"
"Scott Satterfield","App State",2016,13,10,5,2012-12-14,"cfbd_coaches",TRUE,"Scott Satterfield","coach_scott_satterfield"
"Scott Satterfield","App State",2017,13,9,1.6,2012-12-14,"cfbd_coaches",TRUE,"Scott Satterfield","coach_scott_satterfield"
"Scott Satterfield","App State",2018,12,10,10.7,2012-12-14,"cfbd_coaches",TRUE,"Scott Satterfield","coach_scott_satterfield"
"Scott Satterfield","Cincinnati",2023,12,3,-3.7,2012-12-14,"cfbd_coaches",TRUE,"Scott Satterfield","coach_scott_satterfield"
"Scott Satterfield","Cincinnati",2024,12,5,4.4,2012-12-14,"cfbd_coaches",TRUE,"Scott Satterfield","coach_scott_satterfield"
"Scott Satterfield","Cincinnati",2025,0,0,2.9,2012-12-14,"cfbd_coaches",FALSE,"Scott Satterfield","coach_scott_satterfield"
"Scott Satterfield","Louisville",2019,13,8,0.1,2012-12-14,"cfbd_coaches",TRUE,"Scott Satterfield","coach_scott_satterfield"
"Scott Satterfield","Louisville",2020,11,4,,2012-12-14,"cfbd_coaches",TRUE,"Scott Satterfield","coach_scott_satterfield"
"Scott Satterfield","Louisville",2021,13,6,8.1,2012-12-14,"cfbd_coaches",TRUE,"Scott Satterfield","coach_scott_satterfield"
"Scott Satterfield","Louisville",2022,12,7,10.6,2012-12-14,"cfbd_coaches",TRUE,"Scott Satterfield","coach_scott_satterfield"
"Scott Shafer","Syracuse",2014,12,3,-3.9,2013-01-09,"cfbd_coaches",TRUE,"Scott Shafer","coach_scott_shafer"
"Scott Shafer","Syracuse",2015,12,4,-0.9,2013-01-09,"cfbd_coaches",TRUE,"Scott Shafer","coach_scott_shafer"
"Scottie Montgomery","East Carolina",2016,12,3,-13.2,2015-12-13,"cfbd_coaches",TRUE,"Scottie Montgomery","coach_scottie_montgomery"
"Scottie Montgomery","East Carolina",2017,12,3,-14.8,2015-12-13,"cfbd_coaches",TRUE,"Scottie Montgomery","coach_scottie_montgomery"
"Scottie Montgomery","East Carolina",2018,11,3,-15.7,2015-12-13,"cfbd_coaches",TRUE,"Scottie Montgomery","coach_scottie_montgomery"
"Scotty Walden","Southern Miss",2020,4,1,-15,2020-09-07,"cfbd_coaches",TRUE,"Scotty Walden","coach_scotty_walden"
"Scotty Walden","UTEP",2024,12,3,-20.2,2020-09-07,"cfbd_coaches",TRUE,"Scotty Walden","coach_scotty_walden"
"Scotty Walden","UTEP",2025,0,0,-17.7,2020-09-07,"cfbd_coaches",FALSE,"Scotty Walden","coach_scotty_walden"
"Sean Kugler","UTEP",2014,13,7,-5.9,2012-12-10,"cfbd_coaches",TRUE,"Sean Kugler","coach_sean_kugler"
"Sean Kugler","UTEP",2015,12,5,-22.4,2012-12-10,"cfbd_coaches",TRUE,"Sean Kugler","coach_sean_kugler"
"Sean Kugler","UTEP",2016,12,4,-21.3,2012-12-10,"cfbd_coaches",TRUE,"Sean Kugler","coach_sean_kugler"
"Sean Kugler","UTEP",2017,5,0,-28.9,2012-12-10,"cfbd_coaches",TRUE,"Sean Kugler","coach_sean_kugler"
"Sean Lewis","Kent State",2018,12,2,-19.4,2017-12-21,"cfbd_coaches",TRUE,"Sean Lewis","coach_sean_lewis"
"Sean Lewis","Kent State",2019,13,7,-7.2,2017-12-21,"cfbd_coaches",TRUE,"Sean Lewis","coach_sean_lewis"
"Sean Lewis","Kent State",2020,4,3,,2017-12-21,"cfbd_coaches",TRUE,"Sean Lewis","coach_sean_lewis"
"Sean Lewis","Kent State",2021,14,7,-13.5,2017-12-21,"cfbd_coaches",TRUE,"Sean Lewis","coach_sean_lewis"
"Sean Lewis","Kent State",2022,12,5,-6.4,2017-12-21,"cfbd_coaches",TRUE,"Sean Lewis","coach_sean_lewis"
"Sean Lewis","San Diego State",2024,12,3,-16.6,2017-12-21,"cfbd_coaches",TRUE,"Sean Lewis","coach_sean_lewis"
"Sean Lewis","San Diego State",2025,0,0,3.6,2017-12-21,"cfbd_coaches",FALSE,"Sean Lewis","coach_sean_lewis"
"Seth Littrell","North Texas",2016,13,5,-16.5,2015-12-05,"cfbd_coaches",TRUE,"Seth Littrell","coach_seth_littrell"
"Seth Littrell","North Texas",2017,14,9,-8.2,2015-12-05,"cfbd_coaches",TRUE,"Seth Littrell","coach_seth_littrell"
"Seth Littrell","North Texas",2018,13,9,-2.3,2015-12-05,"cfbd_coaches",TRUE,"Seth Littrell","coach_seth_littrell"
"Seth Littrell","North Texas",2019,12,4,-11.8,2015-12-05,"cfbd_coaches",TRUE,"Seth Littrell","coach_seth_littrell"
"Seth Littrell","North Texas",2020,10,4,-19.8,2015-12-05,"cfbd_coaches",TRUE,"Seth Littrell","coach_seth_littrell"
"Seth Littrell","North Texas",2021,13,6,-12.1,2015-12-05,"cfbd_coaches",TRUE,"Seth Littrell","coach_seth_littrell"
"Seth Littrell","North Texas",2022,13,7,-4.6,2015-12-05,"cfbd_coaches",TRUE,"Seth Littrell","coach_seth_littrell"
"Shane Beamer","South Carolina",2021,13,7,0,2020-12-06,"cfbd_coaches",TRUE,"Shane Beamer","coach_shane_beamer"
"Shane Beamer","South Carolina",2022,13,8,6.3,2020-12-06,"cfbd_coaches",TRUE,"Shane Beamer","coach_shane_beamer"
"Shane Beamer","South Carolina",2023,12,5,2.7,2020-12-06,"cfbd_coaches",TRUE,"Shane Beamer","coach_shane_beamer"
"Shane Beamer","South Carolina",2024,13,9,15.8,2020-12-06,"cfbd_coaches",TRUE,"Shane Beamer","coach_shane_beamer"
"Shane Beamer","South Carolina",2025,0,0,3.8,2020-12-06,"cfbd_coaches",FALSE,"Shane Beamer","coach_shane_beamer"
"Shane Montgomery","Massachusetts",2024,2,0,-17.4,,"cfbd_coaches",TRUE,"Shane Montgomery","coach_shane_montgomery"
"Shaun Aguano","Arizona State",2022,9,2,-3.9,2022-09-18,"cfbd_coaches",TRUE,"Shaun Aguano","coach_shaun_aguano"
"Shawn Clark","App State",2019,1,1,11.5,2019-12-13,"cfbd_coaches",TRUE,"Shawn Clark","coach_shawn_clark"
"Shawn Clark","App State",2020,12,9,8,2019-12-13,"cfbd_coaches",TRUE,"Shawn Clark","coach_shawn_clark"
"Shawn Clark","App State",2021,14,10,8,2019-12-13,"cfbd_coaches",TRUE,"Shawn Clark","coach_shawn_clark"
"Shawn Clark","App State",2022,12,6,-0.8,2019-12-13,"cfbd_coaches",TRUE,"Shawn Clark","coach_shawn_clark"
"Shawn Clark","App State",2023,14,9,0.8,2019-12-13,"cfbd_coaches",TRUE,"Shawn Clark","coach_shawn_clark"
"Shawn Clark","App State",2024,11,5,-7.6,2019-12-13,"cfbd_coaches",TRUE,"Shawn Clark","coach_shawn_clark"
"Shawn Elliott","Georgia State",2017,12,7,-12.6,2015-10-14,"cfbd_coaches",TRUE,"Shawn Elliott","coach_shawn_elliott"
"Shawn Elliott","Georgia State",2018,12,2,-19.4,2015-10-14,"cfbd_coaches",TRUE,"Shawn Elliott","coach_shawn_elliott"
"Shawn Elliott","Georgia State",2019,13,7,-10.3,2015-10-14,"cfbd_coaches",TRUE,"Shawn Elliott","coach_shawn_elliott"
"Shawn Elliott","Georgia State",2020,10,6,1.9,2015-10-14,"cfbd_coaches",TRUE,"Shawn Elliott","coach_shawn_elliott"
"Shawn Elliott","Georgia State",2021,13,8,-6.6,2015-10-14,"cfbd_coaches",TRUE,"Shawn Elliott","coach_shawn_elliott"
"Shawn Elliott","Georgia State",2022,12,4,-5.2,2015-10-14,"cfbd_coaches",TRUE,"Shawn Elliott","coach_shawn_elliott"
"Shawn Elliott","Georgia State",2023,13,7,-7.7,2015-10-14,"cfbd_coaches",TRUE,"Shawn Elliott","coach_shawn_elliott"
"Shawn Elliott","Georgia State",2024,0,0,-12.9,2015-10-14,"cfbd_coaches",TRUE,"Shawn Elliott","coach_shawn_elliott"
"Shawn Elliott","South Carolina",2015,6,1,1.4,2015-10-14,"cfbd_coaches",TRUE,"Shawn Elliott","coach_shawn_elliott"
"Sherrone Moore","Michigan",2024,13,8,8.9,2024-01-26,"cfbd_coaches",TRUE,"Sherrone Moore","coach_sherrone_moore"
"Sherrone Moore","Michigan",2025,0,0,11,2024-01-26,"cfbd_coaches",FALSE,"Sherrone Moore","coach_sherrone_moore"
"Skip Holtz","Louisiana Tech",2014,14,9,10.6,2012-12-14,"cfbd_coaches",TRUE,"Skip Holtz","coach_skip_holtz"
"Skip Holtz","Louisiana Tech",2015,13,9,-0.3,2012-12-14,"cfbd_coaches",TRUE,"Skip Holtz","coach_skip_holtz"
"Skip Holtz","Louisiana Tech",2016,14,9,1.5,2012-12-14,"cfbd_coaches",TRUE,"Skip Holtz","coach_skip_holtz"
"Skip Holtz","Louisiana Tech",2017,13,7,-5.3,2012-12-14,"cfbd_coaches",TRUE,"Skip Holtz","coach_skip_holtz"
"Skip Holtz","Louisiana Tech",2018,13,8,-7.9,2012-12-14,"cfbd_coaches",TRUE,"Skip Holtz","coach_skip_holtz"
"Skip Holtz","Louisiana Tech",2019,13,10,-2.6,2012-12-14,"cfbd_coaches",TRUE,"Skip Holtz","coach_skip_holtz"
"Skip Holtz","Louisiana Tech",2020,10,5,-11.5,2012-12-14,"cfbd_coaches",TRUE,"Skip Holtz","coach_skip_holtz"
"Skip Holtz","Louisiana Tech",2021,12,3,-7.8,2012-12-14,"cfbd_coaches",TRUE,"Skip Holtz","coach_skip_holtz"
"Slade Nagle","Tulane",2023,1,0,2,2023-12-03,"cfbd_coaches",TRUE,"Slade Nagle","coach_slade_nagle"
"Sonny Cumbie","Louisiana Tech",2022,12,3,-14.3,2021-10-25,"cfbd_coaches",TRUE,"Sonny Cumbie","coach_sonny_cumbie"
"Sonny Cumbie","Louisiana Tech",2023,12,3,-14.4,2021-10-25,"cfbd_coaches",TRUE,"Sonny Cumbie","coach_sonny_cumbie"
"Sonny Cumbie","Louisiana Tech",2024,13,5,-12.6,2021-10-25,"cfbd_coaches",TRUE,"Sonny Cumbie","coach_sonny_cumbie"
"Sonny Cumbie","Louisiana Tech",2025,0,0,-3.9,2021-10-25,"cfbd_coaches",FALSE,"Sonny Cumbie","coach_sonny_cumbie"
"Sonny Cumbie","Texas Tech",2021,5,2,-1.7,2021-10-25,"cfbd_coaches",TRUE,"Sonny Cumbie","coach_sonny_cumbie"
"Sonny Dykes","California",2014,12,5,2.5,2012-12-05,"cfbd_coaches",TRUE,"Sonny Dykes","coach_sonny_dykes"
"Sonny Dykes","California",2015,13,8,11,2012-12-05,"cfbd_coaches",TRUE,"Sonny Dykes","coach_sonny_dykes"
"Sonny Dykes","California",2016,12,5,2,2012-12-05,"cfbd_coaches",TRUE,"Sonny Dykes","coach_sonny_dykes"
"Sonny Dykes","SMU",2018,12,5,-9.4,2012-12-05,"cfbd_coaches",TRUE,"Sonny Dykes","coach_sonny_dykes"
"Sonny Dykes","SMU",2019,13,10,7.7,2012-12-05,"cfbd_coaches",TRUE,"Sonny Dykes","coach_sonny_dykes"
"Sonny Dykes","SMU",2020,10,7,,2012-12-05,"cfbd_coaches",TRUE,"Sonny Dykes","coach_sonny_dykes"
"Sonny Dykes","SMU",2021,12,8,6.1,2012-12-05,"cfbd_coaches",TRUE,"Sonny Dykes","coach_sonny_dykes"
"Sonny Dykes","TCU",2022,15,13,16.7,2012-12-05,"cfbd_coaches",TRUE,"Sonny Dykes","coach_sonny_dykes"
"Sonny Dykes","TCU",2023,12,5,8.6,2012-12-05,"cfbd_coaches",TRUE,"Sonny Dykes","coach_sonny_dykes"
"Sonny Dykes","TCU",2024,13,9,9.2,2012-12-05,"cfbd_coaches",TRUE,"Sonny Dykes","coach_sonny_dykes"
"Sonny Dykes","TCU",2025,0,0,8.5,2012-12-05,"cfbd_coaches",FALSE,"Sonny Dykes","coach_sonny_dykes"
"Spencer Danielson","Boise State",2023,4,3,6.4,2023-12-03,"cfbd_coaches",TRUE,"Spencer Danielson","coach_spencer_danielson"
"Spencer Danielson","Boise State",2024,14,12,9.9,2023-12-03,"cfbd_coaches",TRUE,"Spencer Danielson","coach_spencer_danielson"
"Spencer Danielson","Boise State",2025,0,0,4.3,2023-12-03,"cfbd_coaches",FALSE,"Spencer Danielson","coach_spencer_danielson"
"Stan Drayton","Temple",2022,12,3,-10.2,2021-12-15,"cfbd_coaches",TRUE,"Stan Drayton","coach_stan_drayton"
"Stan Drayton","Temple",2023,12,3,-19.6,2021-12-15,"cfbd_coaches",TRUE,"Stan Drayton","coach_stan_drayton"
"Stan Drayton","Temple",2024,10,3,-17,2021-12-15,"cfbd_coaches",TRUE,"Stan Drayton","coach_stan_drayton"
"Steve Addazio","Boston College",2014,13,7,6.2,2012-12-04,"cfbd_coaches",TRUE,"Steve Addazio","coach_steve_addazio"
"Steve Addazio","Boston College",2015,12,3,-0.1,2012-12-04,"cfbd_coaches",TRUE,"Steve Addazio","coach_steve_addazio"
"Steve Addazio","Boston College",2016,13,7,-2.4,2012-12-04,"cfbd_coaches",TRUE,"Steve Addazio","coach_steve_addazio"
"Steve Addazio","Boston College",2017,13,7,11.2,2012-12-04,"cfbd_coaches",TRUE,"Steve Addazio","coach_steve_addazio"
"Steve Addazio","Boston College",2018,12,7,5.3,2012-12-04,"cfbd_coaches",TRUE,"Steve Addazio","coach_steve_addazio"
"Steve Addazio","Boston College",2019,12,6,-2.9,2012-12-04,"cfbd_coaches",TRUE,"Steve Addazio","coach_steve_addazio"
"Steve Addazio","Colorado State",2020,4,1,-11.3,2012-12-04,"cfbd_coaches",TRUE,"Steve Addazio","coach_steve_addazio"
"Steve Addazio","Colorado State",2021,12,3,-0.5,2012-12-04,"cfbd_coaches",TRUE,"Steve Addazio","coach_steve_addazio"
"Steve Campbell","South Alabama",2018,12,3,-22.1,,"cfbd_coaches",TRUE,"Steve Campbell","coach_steve_campbell"
"Steve Campbell","South Alabama",2019,12,2,-17.2,,"cfbd_coaches",TRUE,"Steve Campbell","coach_steve_campbell"
"Steve Campbell","South Alabama",2020,11,4,-8.5,,"cfbd_coaches",TRUE,"Steve Campbell","coach_steve_campbell"
"Steve Campbell","South Alabama",2021,0,0,-8.6,,"cfbd_coaches",TRUE,"Steve Campbell","coach_steve_campbell"
"Steve Sarkisian","Southern California",2014,13,9,16.6,2013-12-02,"cfbd_coaches",TRUE,"Steve Sarkisian","coach_steve_sarkisian"
"Steve Sarkisian","Texas",2021,12,5,3.9,2013-12-02,"cfbd_coaches",TRUE,"Steve Sarkisian","coach_steve_sarkisian"
"Steve Sarkisian","Texas",2022,13,8,17.1,2013-12-02,"cfbd_coaches",TRUE,"Steve Sarkisian","coach_steve_sarkisian"
"Steve Sarkisian","Texas",2023,14,12,22,2013-12-02,"cfbd_coaches",TRUE,"Steve Sarkisian","coach_steve_sarkisian"
"Steve Sarkisian","Texas",2024,16,13,19.4,2013-12-02,"cfbd_coaches",TRUE,"Steve Sarkisian","coach_steve_sarkisian"
"Steve Sarkisian","Texas",2025,0,0,12.6,2013-12-02,"cfbd_coaches",FALSE,"Steve Sarkisian","coach_steve_sarkisian"
"Steve Spurrier","South Carolina",2014,13,7,7.4,2004-11-22,"cfbd_coaches",TRUE,"Steve Spurrier","coach_steve_spurrier"
"Steve Spurrier","South Carolina",2015,6,2,1.4,2004-11-22,"cfbd_coaches",TRUE,"Steve Spurrier","coach_steve_spurrier"
"Terry Bowden","Akron",2014,12,5,-14,2011-12-28,"cfbd_coaches",TRUE,"Terry Bowden","coach_terry_bowden"
"Terry Bowden","Akron",2015,13,8,-5.4,2011-12-28,"cfbd_coaches",TRUE,"Terry Bowden","coach_terry_bowden"
"Terry Bowden","Akron",2016,12,5,-11.6,2011-12-28,"cfbd_coaches",TRUE,"Terry Bowden","coach_terry_bowden"
"Terry Bowden","Akron",2017,14,7,-8.9,2011-12-28,"cfbd_coaches",TRUE,"Terry Bowden","coach_terry_bowden"
"Terry Bowden","Akron",2018,12,4,-14.5,2011-12-28,"cfbd_coaches",TRUE,"Terry Bowden","coach_terry_bowden"
"Terry Bowden","UL Monroe",2021,12,4,-14.4,2011-12-28,"cfbd_coaches",TRUE,"Terry Bowden","coach_terry_bowden"
"Terry Bowden","UL Monroe",2022,12,4,-12.2,2011-12-28,"cfbd_coaches",TRUE,"Terry Bowden","coach_terry_bowden"
"Terry Bowden","UL Monroe",2023,12,2,-17.1,2011-12-28,"cfbd_coaches",TRUE,"Terry Bowden","coach_terry_bowden"
"Thomas Hammock","Northern Illinois",2019,12,5,-14.5,2019-01-18,"cfbd_coaches",TRUE,"Thomas Hammock","coach_thomas_hammock"
"Thomas Hammock","Northern Illinois",2020,6,0,,2019-01-18,"cfbd_coaches",TRUE,"Thomas Hammock","coach_thomas_hammock"
"Thomas Hammock","Northern Illinois",2021,14,9,-6,2019-01-18,"cfbd_coaches",TRUE,"Thomas Hammock","coach_thomas_hammock"
"Thomas Hammock","Northern Illinois",2022,12,3,-15,2019-01-18,"cfbd_coaches",TRUE,"Thomas Hammock","coach_thomas_hammock"
"Thomas Hammock","Northern Illinois",2023,13,7,-8.8,2019-01-18,"cfbd_coaches",TRUE,"Thomas Hammock","coach_thomas_hammock"
"Thomas Hammock","Northern Illinois",2024,13,8,-1.1,2019-01-18,"cfbd_coaches",TRUE,"Thomas Hammock","coach_thomas_hammock"
"Thomas Hammock","Northern Illinois",2025,0,0,-17.2,2019-01-18,"cfbd_coaches",FALSE,"Thomas Hammock","coach_thomas_hammock"
"Tim Albin","Charlotte",2025,0,0,-21.8,2021-07-14,"cfbd_coaches",FALSE,"Tim Albin","coach_tim_albin"
"Tim Albin","Ohio",2021,12,3,-13.8,2021-07-14,"cfbd_coaches",TRUE,"Tim Albin","coach_tim_albin"
"Tim Albin","Ohio",2022,14,10,-3.6,2021-07-14,"cfbd_coaches",TRUE,"Tim Albin","coach_tim_albin"
"Tim Albin","Ohio",2023,13,10,-5.8,2021-07-14,"cfbd_coaches",TRUE,"Tim Albin","coach_tim_albin"
"Tim Albin","Ohio",2024,14,11,1.7,2021-07-14,"cfbd_coaches",TRUE,"Tim Albin","coach_tim_albin"
"Tim Beck","Coastal Carolina",2023,13,8,-0.9,2022-12-04,"cfbd_coaches",TRUE,"Tim Beck","coach_tim_beck"
"Tim Beck","Coastal Carolina",2024,13,6,-9.2,2022-12-04,"cfbd_coaches",TRUE,"Tim Beck","coach_tim_beck"
"Tim Beck","Coastal Carolina",2025,0,0,-11.6,2022-12-04,"cfbd_coaches",FALSE,"Tim Beck","coach_tim_beck"
"Tim Beckman","Illinois",2014,13,6,-4,2011-12-09,"cfbd_coaches",TRUE,"Tim Beckman","coach_tim_beckman"
"Tim Billings","Southern Miss",2020,5,2,-15,2020-10-27,"cfbd_coaches",TRUE,"Tim Billings","coach_tim_billings"
"Tim Brewster","Charlotte",2024,2,2,-12.4,,"cfbd_coaches",TRUE,"Tim Brewster","coach_tim_brewster"
"Tim DeRuyter","Fresno State",2014,14,6,-10.4,2011-12-14,"cfbd_coaches",TRUE,"Tim DeRuyter","coach_tim_deruyter"
"Tim DeRuyter","Fresno State",2015,12,3,-17.9,2011-12-14,"cfbd_coaches",TRUE,"Tim DeRuyter","coach_tim_deruyter"
"Tim DeRuyter","Fresno State",2016,8,1,-20.5,2011-12-14,"cfbd_coaches",TRUE,"Tim DeRuyter","coach_tim_deruyter"
"Tim Lappano","Georgia State",2016,2,1,-14.6,2016-11-13,"cfbd_coaches",TRUE,"Tim Lappano","coach_tim_lappano"
"Tim Lester","Western Michigan",2017,12,6,-4.4,2017-01-13,"cfbd_coaches",TRUE,"Tim Lester","coach_tim_lester"
"Tim Lester","Western Michigan",2018,13,7,-10.3,2017-01-13,"cfbd_coaches",TRUE,"Tim Lester","coach_tim_lester"
"Tim Lester","Western Michigan",2019,13,7,-4.5,2017-01-13,"cfbd_coaches",TRUE,"Tim Lester","coach_tim_lester"
"Tim Lester","Western Michigan",2020,6,4,,2017-01-13,"cfbd_coaches",TRUE,"Tim Lester","coach_tim_lester"
"Tim Lester","Western Michigan",2021,13,8,-7,2017-01-13,"cfbd_coaches",TRUE,"Tim Lester","coach_tim_lester"
"Tim Lester","Western Michigan",2022,12,5,-13.6,2017-01-13,"cfbd_coaches",TRUE,"Tim Lester","coach_tim_lester"
"Tim Skipper","Fresno State",2024,13,6,-6,2024-07-15,"cfbd_coaches",TRUE,"Tim Skipper","coach_tim_skipper"
"Timmy Chang","Hawai'i",2022,13,3,-18.4,2022-01-22,"cfbd_coaches",TRUE,"Timmy Chang","coach_timmy_chang"
"Timmy Chang","Hawai'i",2023,13,5,-12.7,2022-01-22,"cfbd_coaches",TRUE,"Timmy Chang","coach_timmy_chang"
"Timmy Chang","Hawai'i",2024,12,5,-12.9,2022-01-22,"cfbd_coaches",TRUE,"Timmy Chang","coach_timmy_chang"
"Timmy Chang","Hawai'i",2025,0,0,-3.3,2022-01-22,"cfbd_coaches",FALSE,"Timmy Chang","coach_timmy_chang"
"Todd Berry","UL Monroe",2014,12,4,-12.6,2009-12-19,"cfbd_coaches",TRUE,"Todd Berry","coach_todd_berry"
"Todd Berry","UL Monroe",2015,12,2,-25,2009-12-19,"cfbd_coaches",TRUE,"Todd Berry","coach_todd_berry"
"Todd Fitch","Vanderbilt",2020,1,0,-14.4,2020-11-29,"cfbd_coaches",TRUE,"Todd Fitch","coach_todd_fitch"
"Todd Graham","Arizona State",2014,13,10,13.4,2011-12-14,"cfbd_coaches",TRUE,"Todd Graham","coach_todd_graham"
"Todd Graham","Arizona State",2015,13,6,6.9,2011-12-14,"cfbd_coaches",TRUE,"Todd Graham","coach_todd_graham"
"Todd Graham","Arizona State",2016,12,5,-2.1,2011-12-14,"cfbd_coaches",TRUE,"Todd Graham","coach_todd_graham"
"Todd Graham","Arizona State",2017,13,7,2.6,2011-12-14,"cfbd_coaches",TRUE,"Todd Graham","coach_todd_graham"
"Todd Graham","Hawai'i",2020,9,5,-3.3,2011-12-14,"cfbd_coaches",TRUE,"Todd Graham","coach_todd_graham"
"Todd Graham","Hawai'i",2021,13,6,-7.8,2011-12-14,"cfbd_coaches",TRUE,"Todd Graham","coach_todd_graham"
"Todd Monken","Southern Miss",2014,12,3,-13.9,2012-12-10,"cfbd_coaches",TRUE,"Todd Monken","coach_todd_monken"
"Todd Monken","Southern Miss",2015,14,9,1.8,2012-12-10,"cfbd_coaches",TRUE,"Todd Monken","coach_todd_monken"
"Tom Allen","Indiana",2016,1,0,1,2016-12-01,"cfbd_coaches",TRUE,"Tom Allen","coach_tom_allen"
"Tom Allen","Indiana",2017,12,5,6,2016-12-01,"cfbd_coaches",TRUE,"Tom Allen","coach_tom_allen"
"Tom Allen","Indiana",2018,12,5,1.5,2016-12-01,"cfbd_coaches",TRUE,"Tom Allen","coach_tom_allen"
"Tom Allen","Indiana",2019,13,8,6.8,2016-12-01,"cfbd_coaches",TRUE,"Tom Allen","coach_tom_allen"
"Tom Allen","Indiana",2020,8,6,13.2,2016-12-01,"cfbd_coaches",TRUE,"Tom Allen","coach_tom_allen"
"Tom Allen","Indiana",2021,12,2,-6.9,2016-12-01,"cfbd_coaches",TRUE,"Tom Allen","coach_tom_allen"
"Tom Allen","Indiana",2022,12,4,-3.5,2016-12-01,"cfbd_coaches",TRUE,"Tom Allen","coach_tom_allen"
"Tom Allen","Indiana",2023,12,3,-3.5,2016-12-01,"cfbd_coaches",TRUE,"Tom Allen","coach_tom_allen"
"Tom Arth","Akron",2019,12,0,-34.7,2018-12-14,"cfbd_coaches",TRUE,"Tom Arth","coach_tom_arth"
"Tom Arth","Akron",2020,6,1,,2018-12-14,"cfbd_coaches",TRUE,"Tom Arth","coach_tom_arth"
"Tom Arth","Akron",2021,9,2,-22.6,2018-12-14,"cfbd_coaches",TRUE,"Tom Arth","coach_tom_arth"
"Tom Herman","Florida Atlantic",2023,12,4,-9.8,2014-12-15,"cfbd_coaches",TRUE,"Tom Herman","coach_tom_herman"
"Tom Herman","Florida Atlantic",2024,10,2,-15.4,2014-12-15,"cfbd_coaches",TRUE,"Tom Herman","coach_tom_herman"
"Tom Herman","Houston",2015,14,13,14.3,2014-12-15,"cfbd_coaches",TRUE,"Tom Herman","coach_tom_herman"
"Tom Herman","Houston",2016,12,9,5.4,2014-12-15,"cfbd_coaches",TRUE,"Tom Herman","coach_tom_herman"
"Tom Herman","Texas",2017,13,7,11.1,2014-12-15,"cfbd_coaches",TRUE,"Tom Herman","coach_tom_herman"
"Tom Herman","Texas",2018,14,10,12.1,2014-12-15,"cfbd_coaches",TRUE,"Tom Herman","coach_tom_herman"
"Tom Herman","Texas",2019,13,8,16,2014-12-15,"cfbd_coaches",TRUE,"Tom Herman","coach_tom_herman"
"Tom Herman","Texas",2020,10,7,13.3,2014-12-15,"cfbd_coaches",TRUE,"Tom Herman","coach_tom_herman"
"Tommy Tuberville","Cincinnati",2014,13,9,1.6,2012-12-08,"cfbd_coaches",TRUE,"Tommy Tuberville","coach_tommy_tuberville"
"Tommy Tuberville","Cincinnati",2015,13,7,0.1,2012-12-08,"cfbd_coaches",TRUE,"Tommy Tuberville","coach_tommy_tuberville"
"Tommy Tuberville","Cincinnati",2016,12,4,-11.7,2012-12-08,"cfbd_coaches",TRUE,"Tommy Tuberville","coach_tommy_tuberville"
"Tony Elliott","Virginia",2022,10,3,-6,2021-12-10,"cfbd_coaches",TRUE,"Tony Elliott","coach_tony_elliott"
"Tony Elliott","Virginia",2023,12,3,-4.4,2021-12-10,"cfbd_coaches",TRUE,"Tony Elliott","coach_tony_elliott"
"Tony Elliott","Virginia",2024,12,5,-1.9,2021-12-10,"cfbd_coaches",TRUE,"Tony Elliott","coach_tony_elliott"
"Tony Elliott","Virginia",2025,0,0,9.8,2021-12-10,"cfbd_coaches",FALSE,"Tony Elliott","coach_tony_elliott"
"Tony Gibson","Marshall",2025,0,0,-5.8,,"cfbd_coaches",FALSE,"Tony Gibson","coach_tony_gibson"
"Tony Levine","Houston",2014,12,7,-2.3,2012-12-21,"cfbd_coaches",TRUE,"Tony Levine","coach_tony_levine"
"Tony Sanchez","New Mexico State",2024,12,3,-22.1,2014-12-16,"cfbd_coaches",TRUE,"Tony Sanchez","coach_tony_sanchez"
"Tony Sanchez","New Mexico State",2025,0,0,-16.1,2014-12-16,"cfbd_coaches",FALSE,"Tony Sanchez","coach_tony_sanchez"
"Tony Sanchez","UNLV",2015,12,3,-15,2014-12-16,"cfbd_coaches",TRUE,"Tony Sanchez","coach_tony_sanchez"
"Tony Sanchez","UNLV",2016,12,4,-15.3,2014-12-16,"cfbd_coaches",TRUE,"Tony Sanchez","coach_tony_sanchez"
"Tony Sanchez","UNLV",2017,12,5,-9.9,2014-12-16,"cfbd_coaches",TRUE,"Tony Sanchez","coach_tony_sanchez"
"Tony Sanchez","UNLV",2018,12,4,-14.7,2014-12-16,"cfbd_coaches",TRUE,"Tony Sanchez","coach_tony_sanchez"
"Tony Sanchez","UNLV",2019,12,4,-16.5,2014-12-16,"cfbd_coaches",TRUE,"Tony Sanchez","coach_tony_sanchez"
"Tracy Claeys","Minnesota",2015,6,2,0.2,2015-11-11,"cfbd_coaches",TRUE,"Tracy Claeys","coach_tracy_claeys"
"Tracy Claeys","Minnesota",2016,13,9,9,2015-11-11,"cfbd_coaches",TRUE,"Tracy Claeys","coach_tracy_claeys"
"Tre Lamb","Tulsa",2025,0,0,-11.3,,"cfbd_coaches",FALSE,"Tre Lamb","coach_tre_lamb"
"Trent Bray","Oregon State",2024,12,5,-9.2,2023-11-28,"cfbd_coaches",TRUE,"Trent Bray","coach_trent_bray"
"Trent Bray","Oregon State",2025,0,0,-12.6,2023-11-28,"cfbd_coaches",FALSE,"Trent Bray","coach_trent_bray"
"Trent Dilfer","UAB",2023,12,4,-14.3,2022-11-30,"cfbd_coaches",TRUE,"Trent Dilfer","coach_trent_dilfer"
"Trent Dilfer","UAB",2024,12,3,-11.6,2022-11-30,"cfbd_coaches",TRUE,"Trent Dilfer","coach_trent_dilfer"
"Trent Dilfer","UAB",2025,0,0,-14.3,2022-11-30,"cfbd_coaches",FALSE,"Trent Dilfer","coach_trent_dilfer"
"Trent Miles","Georgia State",2014,12,1,-26.4,2012-12-03,"cfbd_coaches",TRUE,"Trent Miles","coach_trent_miles"
"Trent Miles","Georgia State",2015,13,6,-11,2012-12-03,"cfbd_coaches",TRUE,"Trent Miles","coach_trent_miles"
"Trent Miles","Georgia State",2016,10,1,-14.6,2012-12-03,"cfbd_coaches",TRUE,"Trent Miles","coach_trent_miles"
"Trooper Taylor","Duke",2023,1,1,9.8,2023-11-27,"cfbd_coaches",TRUE,"Trooper Taylor","coach_trooper_taylor"
"Troy Calhoun","Air Force",2014,13,10,-1.2,2006-12-22,"cfbd_coaches",TRUE,"Troy Calhoun","coach_troy_calhoun"
"Troy Calhoun","Air Force",2015,14,8,0.2,2006-12-22,"cfbd_coaches",TRUE,"Troy Calhoun","coach_troy_calhoun"
"Troy Calhoun","Air Force",2016,13,10,1.2,2006-12-22,"cfbd_coaches",TRUE,"Troy Calhoun","coach_troy_calhoun"
"Troy Calhoun","Air Force",2017,12,5,-7.8,2006-12-22,"cfbd_coaches",TRUE,"Troy Calhoun","coach_troy_calhoun"
"Troy Calhoun","Air Force",2018,12,5,-1.8,2006-12-22,"cfbd_coaches",TRUE,"Troy Calhoun","coach_troy_calhoun"
"Troy Calhoun","Air Force",2019,13,11,10.2,2006-12-22,"cfbd_coaches",TRUE,"Troy Calhoun","coach_troy_calhoun"
"Troy Calhoun","Air Force",2020,6,3,4.7,2006-12-22,"cfbd_coaches",TRUE,"Troy Calhoun","coach_troy_calhoun"
"Troy Calhoun","Air Force",2021,13,10,8.8,2006-12-22,"cfbd_coaches",TRUE,"Troy Calhoun","coach_troy_calhoun"
"Troy Calhoun","Air Force",2022,13,10,4.2,2006-12-22,"cfbd_coaches",TRUE,"Troy Calhoun","coach_troy_calhoun"
"Troy Calhoun","Air Force",2023,13,9,1.1,2006-12-22,"cfbd_coaches",TRUE,"Troy Calhoun","coach_troy_calhoun"
"Troy Calhoun","Air Force",2024,12,5,-11.5,2006-12-22,"cfbd_coaches",TRUE,"Troy Calhoun","coach_troy_calhoun"
"Troy Calhoun","Air Force",2025,0,0,-7.4,2006-12-22,"cfbd_coaches",FALSE,"Troy Calhoun","coach_troy_calhoun"
"Troy Taylor","Stanford",2023,12,3,-5.5,2022-12-10,"cfbd_coaches",TRUE,"Troy Taylor","coach_troy_taylor"
"Troy Taylor","Stanford",2024,12,3,-5.7,2022-12-10,"cfbd_coaches",TRUE,"Troy Taylor","coach_troy_taylor"
"Turner Gill","Liberty",2018,12,6,-10.3,2011-12-15,"cfbd_coaches",TRUE,"Turner Gill","coach_turner_gill"
"Tyson Helton","Western Kentucky",2019,13,9,0,2018-11-27,"cfbd_coaches",TRUE,"Tyson Helton","coach_tyson_helton"
"Tyson Helton","Western Kentucky",2020,12,5,-10.2,2018-11-27,"cfbd_coaches",TRUE,"Tyson Helton","coach_tyson_helton"
"Tyson Helton","Western Kentucky",2021,14,9,5,2018-11-27,"cfbd_coaches",TRUE,"Tyson Helton","coach_tyson_helton"
"Tyson Helton","Western Kentucky",2022,14,9,-0.1,2018-11-27,"cfbd_coaches",TRUE,"Tyson Helton","coach_tyson_helton"
"Tyson Helton","Western Kentucky",2023,13,8,-2.8,2018-11-27,"cfbd_coaches",TRUE,"Tyson Helton","coach_tyson_helton"
"Tyson Helton","Western Kentucky",2024,14,8,-5.4,2018-11-27,"cfbd_coaches",TRUE,"Tyson Helton","coach_tyson_helton"
"Tyson Helton","Western Kentucky",2025,0,0,-4.2,2018-11-27,"cfbd_coaches",FALSE,"Tyson Helton","coach_tyson_helton"
"Tyson Summers","Georgia Southern",2016,12,5,-7.8,2015-12-21,"cfbd_coaches",TRUE,"Tyson Summers","coach_tyson_summers"
"Tyson Summers","Georgia Southern",2017,6,0,-17.4,2015-12-21,"cfbd_coaches",TRUE,"Tyson Summers","coach_tyson_summers"
"Urban Meyer","Ohio State",2014,15,14,23.9,2011-11-28,"cfbd_coaches",TRUE,"Urban Meyer","coach_urban_meyer"
"Urban Meyer","Ohio State",2015,13,12,21.9,2011-11-28,"cfbd_coaches",TRUE,"Urban Meyer","coach_urban_meyer"
"Urban Meyer","Ohio State",2016,13,11,23.3,2011-11-28,"cfbd_coaches",TRUE,"Urban Meyer","coach_urban_meyer"
"Urban Meyer","Ohio State",2017,14,12,25.6,2011-11-28,"cfbd_coaches",TRUE,"Urban Meyer","coach_urban_meyer"
"Urban Meyer","Ohio State",2018,11,10,18.1,2011-11-28,"cfbd_coaches",TRUE,"Urban Meyer","coach_urban_meyer"
"Vai Taua","Nevada",2021,1,0,6.3,2021-12-06,"cfbd_coaches",TRUE,"Vai Taua","coach_vai_taua"
"Walt Bell","Massachusetts",2019,12,1,-40.6,2018-12-03,"cfbd_coaches",TRUE,"Walt Bell","coach_walt_bell"
"Walt Bell","Massachusetts",2020,4,0,-26.2,2018-12-03,"cfbd_coaches",TRUE,"Walt Bell","coach_walt_bell"
"Walt Bell","Massachusetts",2021,9,1,-19.7,2018-12-03,"cfbd_coaches",TRUE,"Walt Bell","coach_walt_bell"
"Will Hall","Southern Miss",2021,12,3,-19.1,2020-12-02,"cfbd_coaches",TRUE,"Will Hall","coach_will_hall"
"Will Hall","Southern Miss",2022,13,7,-5.2,2020-12-02,"cfbd_coaches",TRUE,"Will Hall","coach_will_hall"
"Will Hall","Southern Miss",2023,12,3,-13.1,2020-12-02,"cfbd_coaches",TRUE,"Will Hall","coach_will_hall"
"Will Hall","Southern Miss",2024,7,1,-23.9,2020-12-02,"cfbd_coaches",TRUE,"Will Hall","coach_will_hall"
"Will Healy","Charlotte",2019,13,7,-10.3,2018-12-04,"cfbd_coaches",TRUE,"Will Healy","coach_will_healy"
"Will Healy","Charlotte",2020,6,2,-14.8,2018-12-04,"cfbd_coaches",TRUE,"Will Healy","coach_will_healy"
"Will Healy","Charlotte",2021,12,5,-16.4,2018-12-04,"cfbd_coaches",TRUE,"Will Healy","coach_will_healy"
"Will Healy","Charlotte",2022,8,1,-18.8,2018-12-04,"cfbd_coaches",TRUE,"Will Healy","coach_will_healy"
"Will Muschamp","Florida",2014,11,6,9.6,2010-12-11,"cfbd_coaches",TRUE,"Will Muschamp","coach_will_muschamp"
"Will Muschamp","South Carolina",2016,13,6,-2.8,2010-12-11,"cfbd_coaches",TRUE,"Will Muschamp","coach_will_muschamp"
"Will Muschamp","South Carolina",2017,13,9,7.3,2010-12-11,"cfbd_coaches",TRUE,"Will Muschamp","coach_will_muschamp"
"Will Muschamp","South Carolina",2018,13,7,9.7,2010-12-11,"cfbd_coaches",TRUE,"Will Muschamp","coach_will_muschamp"
"Will Muschamp","South Carolina",2019,12,4,2.1,2010-12-11,"cfbd_coaches",TRUE,"Will Muschamp","coach_will_muschamp"
"Will Muschamp","South Carolina",2020,7,2,-5.4,2010-12-11,"cfbd_coaches",TRUE,"Will Muschamp","coach_will_muschamp"
"Willie Fritz","Georgia Southern",2014,12,9,-0.1,2014-01-10,"cfbd_coaches",TRUE,"Willie Fritz","coach_willie_fritz"
"Willie Fritz","Georgia Southern",2015,13,9,4,2014-01-10,"cfbd_coaches",TRUE,"Willie Fritz","coach_willie_fritz"
"Willie Fritz","Houston",2024,12,4,-2,2014-01-10,"cfbd_coaches",TRUE,"Willie Fritz","coach_willie_fritz"
"Willie Fritz","Houston",2025,0,0,6.3,2014-01-10,"cfbd_coaches",FALSE,"Willie Fritz","coach_willie_fritz"
"Willie Fritz","Tulane",2016,12,4,-10.3,2014-01-10,"cfbd_coaches",TRUE,"Willie Fritz","coach_willie_fritz"
"Willie Fritz","Tulane",2017,12,5,-3.6,2014-01-10,"cfbd_coaches",TRUE,"Willie Fritz","coach_willie_fritz"
"Willie Fritz","Tulane",2018,13,7,-5.4,2014-01-10,"cfbd_coaches",TRUE,"Willie Fritz","coach_willie_fritz"
"Willie Fritz","Tulane",2019,13,7,4.7,2014-01-10,"cfbd_coaches",TRUE,"Willie Fritz","coach_willie_fritz"
"Willie Fritz","Tulane",2020,12,6,,2014-01-10,"cfbd_coaches",TRUE,"Willie Fritz","coach_willie_fritz"
"Willie Fritz","Tulane",2021,12,2,-6.6,2014-01-10,"cfbd_coaches",TRUE,"Willie Fritz","coach_willie_fritz"
"Willie Fritz","Tulane",2022,14,12,10.5,2014-01-10,"cfbd_coaches",TRUE,"Willie Fritz","coach_willie_fritz"
"Willie Fritz","Tulane",2023,13,11,2,2014-01-10,"cfbd_coaches",TRUE,"Willie Fritz","coach_willie_fritz"
"Willie Simmons","Florida International",2025,0,0,-10.4,,"cfbd_coaches",FALSE,"Willie Simmons","coach_willie_simmons"
"Willie Taggart","Florida Atlantic",2020,9,5,-8.2,2012-12-07,"cfbd_coaches",TRUE,"Willie Taggart","coach_willie_taggart"
"Willie Taggart","Florida Atlantic",2021,12,5,-7.6,2012-12-07,"cfbd_coaches",TRUE,"Willie Taggart","coach_willie_taggart"
"Willie Taggart","Florida Atlantic",2022,12,5,-5.9,2012-12-07,"cfbd_coaches",TRUE,"Willie Taggart","coach_willie_taggart"
"Willie Taggart","Florida State",2018,12,5,-2.8,2012-12-07,"cfbd_coaches",TRUE,"Willie Taggart","coach_willie_taggart"
"Willie Taggart","Florida State",2019,9,4,0.2,2012-12-07,"cfbd_coaches",TRUE,"Willie Taggart","coach_willie_taggart"
"Willie Taggart","Oregon",2017,13,7,4.6,2012-12-07,"cfbd_coaches",TRUE,"Willie Taggart","coach_willie_taggart"
"Willie Taggart","South Florida",2014,12,4,-14.9,2012-12-07,"cfbd_coaches",TRUE,"Willie Taggart","coach_willie_taggart"
"Willie Taggart","South Florida",2015,13,8,8.4,2012-12-07,"cfbd_coaches",TRUE,"Willie Taggart","coach_willie_taggart"
"Willie Taggart","South Florida",2016,12,10,7.2,2012-12-07,"cfbd_coaches",TRUE,"Willie Taggart","coach_willie_taggart"
"Zach Arnett","Mississippi State",2022,1,1,13.1,2022-12-15,"cfbd_coaches",TRUE,"Zach Arnett","coach_zach_arnett"
"Zach Arnett","Mississippi State",2023,10,4,-1.7,2022-12-15,"cfbd_coaches",TRUE,"Zach Arnett","coach_zach_arnett"
"Zach Kittley","Florida Atlantic",2025,0,0,-11.2,,"cfbd_coaches",FALSE,"Zach Kittley","coach_zach_kittley"
