"team","season","returning_ppa_pct","returning_passing_ppa_pct","returning_usage_pct","talent_percentile","preseason_poll_vote_share","retained_quality","replacement_capacity","portal_incoming_count","portal_outgoing_count","portal_rated_incoming_count","portal_incoming_value","portal_incoming_percentile","portal_offense_ppa","portal_offense_score","portal_offense_eligible_count","portal_offense_matched_count","portal_offense_match_rate","portal_replacement_capacity","portal_offense_replacement","roster_rebuild_score","roster_rebuild_flag","hype_gap","source","captured_at"
"Air Force",2021,0.77,1,0.724,0.00769230769230769,0,0.5534375,0.00176923076923077,2,4,0,0,0,0,-0.491494242760212,0,0,1,0,-0.135652411001819,0,FALSE,-0.31875,"cfbd_returning+247_talent+transfer_portal+prior_player_ppa+week1_polls","2026-08-31 23:27:28 UTC"
"Akron",2021,0.63,0.756,0.805,0.0923076923076923,0,0.0196875,0.0341538461538462,3,14,0,0,0,-0.392223776223776,-1.07000871793283,2,1,0.5,0,-0.208651699996901,0,FALSE,0.36875,"cfbd_returning+247_talent+transfer_portal+prior_player_ppa+week1_polls","2026-08-31 23:27:28 UTC"
"Alabama",2021,0.192,0.058,0.26,1,1,0.1905,0.808,4,11,2,0.0845454545454545,0.630769230769231,11.7273426573427,0.698898628603569,1,1,1,0.466769230769231,0.517184985166641,0.517184985166641,TRUE,0.0078125,"cfbd_returning+247_talent+transfer_portal+prior_player_ppa+week1_polls","2026-08-31 23:27:28 UTC"
"App State",2021,0.654,0.127,0.584,0.315384615384615,0,0.546703125,0.109123076923077,7,4,1,0.0363636363636364,0.269230769230769,0.750272727272727,0.0289266675067024,1,1,1,0.112,0.0120334936827882,0.0120334936827882,FALSE,-0.4359375,"cfbd_returning+247_talent+transfer_portal+prior_player_ppa+week1_polls","2026-08-31 23:27:28 UTC"
"Arizona",2021,0.484,-2.98,0.478,0.484615384615385,0,0.0226875,0.250061538461538,16,18,8,0.295,0.946153846153846,21.9950034965035,0.972565631748414,6,4,0.666666666666667,0.493892307692308,0.507679259772672,0.507679259772672,TRUE,0.353125,"cfbd_returning+247_talent+transfer_portal+prior_player_ppa+week1_polls","2026-08-31 23:27:28 UTC"
"Arizona State",2021,0.976,1,0.966,0.807692307692308,0.040374677002584,0.854,0.0193846153846154,7,18,4,0.151363636363636,0.811538461538462,9.53733566433566,0.603533485740521,2,1,0.5,0.0275923076923077,0.0205201385151777,0.0205201385151777,FALSE,-0.075,"cfbd_returning+247_talent+transfer_portal+prior_player_ppa+week1_polls","2026-08-31 23:27:28 UTC"
"Arkansas",2021,0.505,-0.081,0.423,0.792307692307692,0,0.2091015625,0.392192307692308,5,16,3,0.112272727272727,0.684615384615385,0,-0.491494242760212,1,0,0,0.395023076923077,-0.283592178072643,0,FALSE,-0.0140625,"cfbd_returning+247_talent+transfer_portal+prior_player_ppa+week1_polls","2026-08-31 23:27:28 UTC"
"Arkansas State",2021,0.516,0.533,0.426,0.369230769230769,0,0.27009375,0.178707692307692,17,9,2,0.0731818181818182,0.465384615384615,-0.100454545454546,-1.03643338949379,8,4,0.5,0.267130769230769,-0.594912765569435,0,FALSE,-0.1234375,"cfbd_returning+247_talent+transfer_portal+prior_player_ppa+week1_polls","2026-08-31 23:27:28 UTC"
"Army",2021,0.861,1,0.858,0.0153846153846154,0,0.7331953125,0.00213846153846154,0,2,0,0,0,0,-0.491494242760212,0,0,1,0,-0.0697921824719502,0,FALSE,-0.4515625,"cfbd_returning+247_talent+transfer_portal+prior_player_ppa+week1_polls","2026-08-31 23:27:28 UTC"
"Auburn",2021,0.605,0.994,0.714,0.9,0,0.2788671875,0.3555,10,22,8,0.307272727272727,0.969230769230769,37.411458041958,1.57444496521704,3,2,0.666666666666667,0.2772,0.450291260052074,0.450291260052074,FALSE,-0.0609375,"cfbd_returning+247_talent+transfer_portal+prior_player_ppa+week1_polls","2026-08-31 23:27:28 UTC"
"BYU",2021,0.48,0.101,0.557,0.284615384615385,0,0.48,0.148,5,3,1,0.0409090909090909,0.423076923076923,13.7976118881119,0.774793757706083,2,2,1,0.187423076923077,0.343233634663795,0.343233634663795,FALSE,-0.6,"cfbd_returning+247_talent+transfer_portal+prior_player_ppa+week1_polls","2026-08-31 23:27:28 UTC"
"Ball State",2021,0.799,1,0.838,0.115384615384615,0,0.511859375,0.0231923076923077,2,9,0,0,0,0,-0.491494242760212,0,0,1,0,-0.0796220673271544,0,FALSE,-0.240625,"cfbd_returning+247_talent+transfer_portal+prior_player_ppa+week1_polls","2026-08-31 23:27:28 UTC"
"Baylor",2021,0.619,-0.093,0.45,0.692307692307692,0,0.232125,0.263769230769231,6,8,4,0.155909090909091,0.846153846153846,0,-0.491494242760212,2,0,0,0.465384615384615,-0.270321833518117,0,FALSE,0.025,"cfbd_returning+247_talent+transfer_portal+prior_player_ppa+week1_polls","2026-08-31 23:27:28 UTC"
"Boise State",2021,0.964,0.908,0.917,0.469230769230769,0,0.76065625,0.0168923076923077,6,7,0,0,0,2.06159090909091,0.16463565026942,2,1,0.5,0,0.0136647589723618,0.0136647589723618,FALSE,-0.3890625,"cfbd_returning+247_talent+transfer_portal+prior_player_ppa+week1_polls","2026-08-31 23:27:28 UTC"
"Boston College",2021,0.876,1,0.801,0.623076923076923,0,0.37640625,0.0772615384615385,6,15,4,0.150454545454545,0.792307692307692,-6.91019580419581,-1.9280721392467,2,2,1,0.157669230769231,-0.383686355710094,0,FALSE,-0.0296875,"cfbd_returning+247_talent+transfer_portal+prior_player_ppa+week1_polls","2026-08-31 23:27:28 UTC"
"Bowling Green",2021,0.331,1,0.582,0.161538461538462,0,0.0077578125,0.108069230769231,5,14,0,0,0,0,-0.491494242760212,1,0,0,0,-0.205444593473769,0,FALSE,0.3765625,"cfbd_returning+247_talent+transfer_portal+prior_player_ppa+week1_polls","2026-08-31 23:27:28 UTC"
"Buffalo",2021,0.479,1,0.602,0.0538461538461538,0,0.4677734375,0.0280538461538462,6,20,0,0,0,31.7807132867133,1.25993639634548,3,3,1,0,0.5014546857455,0.5014546857455,TRUE,-0.5765625,"cfbd_returning+247_talent+transfer_portal+prior_player_ppa+week1_polls","2026-08-31 23:27:28 UTC"
"California",2021,0.977,1.029,0.904,0.7,0,0.2671484375,0.0161,3,10,1,0.0390909090909091,0.411538461538462,0,-0.491494242760212,0,0,1,0.0395076923076923,-0.0471834473049804,0,FALSE,0.1265625,"cfbd_returning+247_talent+transfer_portal+prior_player_ppa+week1_polls","2026-08-31 23:27:28 UTC"
"Central Michigan",2021,0.772,0.855,0.768,0.0615384615384615,0,0.51265625,0.0140307692307692,3,18,1,0.0363636363636364,0.269230769230769,0,-0.491494242760212,2,0,0,0.0624615384615385,-0.114026664320369,0,FALSE,-0.2640625,"cfbd_returning+247_talent+transfer_portal+prior_player_ppa+week1_polls","2026-08-31 23:27:28 UTC"
"Charlotte",2021,0.856,1,0.815,0.330769230769231,0,0.3811875,0.0476307692307692,11,12,1,0.0363636363636364,0.269230769230769,0,-0.491494242760212,2,0,0,0.0498076923076923,-0.0909264349106393,0,FALSE,-0.0453125,"cfbd_returning+247_talent+transfer_portal+prior_player_ppa+week1_polls","2026-08-31 23:27:28 UTC"
"Cincinnati",2021,0.855,0.955,0.735,0.607692307692308,0.629493469912821,0.814921875,0.0881153846153846,3,10,1,0.0381818181818182,0.373076923076923,0,-0.491494242760212,0,0,1,0.0988653846153846,-0.130245974331456,0,FALSE,-0.0223557692307692,"cfbd_returning+247_talent+transfer_portal+prior_player_ppa+week1_polls","2026-08-31 23:27:28 UTC"
"Clemson",2021,0.261,0.206,0.351,0.976923076923077,0.932522233221271,0.256921875,0.721946153846154,0,8,0,0,0,0,-0.491494242760212,0,0,1,0,-0.318979763551378,0,FALSE,0.00793269230769234,"cfbd_returning+247_talent+transfer_portal+prior_player_ppa+week1_polls","2026-08-31 23:27:28 UTC"
"Coastal Carolina",2021,0.842,0.964,0.72,0.238461538461538,0.121203136482249,0.77621875,0.0376769230769231,4,11,0,0,0,0,-0.491494242760212,1,0,0,0,-0.137618387972859,0,FALSE,-0.0834134615384615,"cfbd_returning+247_talent+transfer_portal+prior_player_ppa+week1_polls","2026-08-31 23:27:28 UTC"
"Colorado",2021,0.758,0.189,0.547,0.646153846153846,0,0.3553125,0.156369230769231,6,13,3,0.111818181818182,0.673076923076923,0,-0.491494242760212,1,0,0,0.304903846153846,-0.222646891970376,0,FALSE,-0.06875,"cfbd_returning+247_talent+transfer_portal+prior_player_ppa+week1_polls","2026-08-31 23:27:28 UTC"
"Colorado State",2021,0.546,-0.285,0.69,0.292307692307692,0,0.174890625,0.132707692307692,6,13,2,0.0768181818181818,0.588461538461538,16.268048951049,0.85543984651959,2,2,1,0.182423076923077,0.265186352421073,0.265186352421073,FALSE,0.0796875,"cfbd_returning+247_talent+transfer_portal+prior_player_ppa+week1_polls","2026-08-31 23:27:28 UTC"
"Connecticut",2021,,,,0.1,0,,,2,7,0,0,0,-0.986405594405594,-1.30378267210349,1,1,1,,,,,,"cfbd_returning+247_talent+transfer_portal+prior_player_ppa+week1_polls","2026-08-31 23:27:28 UTC"
"Duke",2021,0.682,0.078,0.379,0.546153846153846,0,0.069265625,0.173676923076923,8,9,2,0.0727272727272727,0.442307692307692,0,-0.491494242760212,1,0,0,0.274673076923077,-0.305217924754092,0,FALSE,0.2984375,"cfbd_returning+247_talent+transfer_portal+prior_player_ppa+week1_polls","2026-08-31 23:27:28 UTC"
"East Carolina",2021,0.783,1,0.858,0.415384615384615,0,0.183515625,0.0901384615384615,11,14,0,0,0,1.78314685314685,0.125661346855074,5,1,0.2,0,0.0178439112534205,0.0178439112534205,FALSE,0.165625,"cfbd_returning+247_talent+transfer_portal+prior_player_ppa+week1_polls","2026-08-31 23:27:28 UTC"
"Eastern Michigan",2021,0.895,1,0.921,0.123076923076923,0,0.3566015625,0.0129230769230769,3,12,0,0,0,-0.667258741258741,-1.17884089055755,3,1,0.333333333333333,0,-0.0931284303540462,0,FALSE,0.00156250000000002,"cfbd_returning+247_talent+transfer_portal+prior_player_ppa+week1_polls","2026-08-31 23:27:28 UTC"
"Florida",2021,0.27,0.044,0.41,0.938461538461538,0.503494987462679,0.19828125,0.685076923076923,7,10,4,0.157727272727273,0.853846153846154,-1.48426573426573,-1.39991604214631,1,1,1,0.503769230769231,-0.825950464866322,0,FALSE,0.181009615384615,"cfbd_returning+247_talent+transfer_portal+prior_player_ppa+week1_polls","2026-08-31 23:27:28 UTC"
"Florida Atlantic",2021,0.92,1,0.906,0.461538461538462,0,0.4528125,0.0369230769230769,7,9,3,0.110454545454545,0.661538461538462,13.3261188811189,0.749018336107708,3,2,0.666666666666667,0.0621846153846154,0.0704077235941245,0.0704077235941245,FALSE,-0.0921875,"cfbd_returning+247_talent+transfer_portal+prior_player_ppa+week1_polls","2026-08-31 23:27:28 UTC"
"Florida International",2021,1.6,0.684,0.699,0.430769230769231,0,0.2625,-0.258461538461539,0,0,0,0,0,0,-0.491494242760212,0,0,1,0,-0.147939767070824,0,FALSE,0.2359375,"cfbd_returning+247_talent+transfer_portal+prior_player_ppa+week1_polls","2026-08-31 23:27:28 UTC"
"Florida State",2021,0.85,0.318,0.735,0.853846153846154,0,0.2125,0.128076923076923,12,17,9,0.35,0.992307692307692,15.8682097902098,0.827961493194142,2,2,1,0.262961538461538,0.219409795696448,0.219409795696448,FALSE,0.15,"cfbd_returning+247_talent+transfer_portal+prior_player_ppa+week1_polls","2026-08-31 23:27:28 UTC"
"Fresno State",2021,0.965,0.977,0.96,0.376923076923077,0,0.557890625,0.0131923076923077,8,13,2,0.0754545454545455,0.553846153846154,3.51210839160839,0.263315138690932,2,2,1,0.0221538461538462,0.0105326055476373,0.0105326055476373,FALSE,-0.178125,"cfbd_returning+247_talent+transfer_portal+prior_player_ppa+week1_polls","2026-08-31 23:27:28 UTC"
"Georgia",2021,0.97,1.135,0.923,0.992307692307692,0.868082355772986,0.788125,0.0297692307692308,3,13,3,0.128636363636364,0.738461538461539,16.5806643356643,0.883579819341104,1,1,1,0.0568615384615384,0.068035646089265,0.068035646089265,FALSE,0.156730769230769,"cfbd_returning+247_talent+transfer_portal+prior_player_ppa+week1_polls","2026-08-31 23:27:28 UTC"
"Georgia Southern",2021,0.482,0.137,0.48,0.169230769230769,0,0.357734375,0.0876615384615385,4,14,1,0.0363636363636364,0.269230769230769,-0.81908041958042,-1.25993639634548,2,2,1,0.14,-0.655166926099648,0,FALSE,-0.3421875,"cfbd_returning+247_talent+transfer_portal+prior_player_ppa+week1_polls","2026-08-31 23:27:28 UTC"
"Georgia State",2021,1.002,1,0.981,0.223076923076923,0,0.42271875,-0.000446153846153847,3,7,1,0.0377272727272727,0.35,2.51145454545455,0.184213264679219,1,1,1,0.00665000000000001,0.00350005202890517,0.00350005202890517,FALSE,-0.021875,"cfbd_returning+247_talent+transfer_portal+prior_player_ppa+week1_polls","2026-08-31 23:27:28 UTC"
"Georgia Tech",2021,0.829,0.846,0.901,0.761538461538461,0,0.1878203125,0.130223076923077,10,19,6,0.226818181818182,0.915384615384615,32.6260104895105,1.39991604214631,2,2,1,0.0906230769230769,0.138591688172484,0.138591688172484,FALSE,0.1734375,"cfbd_returning+247_talent+transfer_portal+prior_player_ppa+week1_polls","2026-08-31 23:27:28 UTC"
"Hawai'i",2021,0.759,1.023,0.685,0.2,0,0.30834375,0.0482,6,10,0,0,0,0,-0.491494242760212,1,0,0,0,-0.154820686469467,0,FALSE,-0.00624999999999998,"cfbd_returning+247_talent+transfer_portal+prior_player_ppa+week1_polls","2026-08-31 23:27:28 UTC"
"Houston",2021,0.668,0.986,0.723,0.5,0,0.36009375,0.166,10,12,4,0.150454545454545,0.792307692307692,31.8667482517483,1.30378267210349,5,5,1,0.219469230769231,0.361147800172666,0.361147800172666,FALSE,-0.1390625,"cfbd_returning+247_talent+transfer_portal+prior_player_ppa+week1_polls","2026-08-31 23:27:28 UTC"
"Illinois",2021,0.868,1,0.896,0.615384615384615,0,0.15596875,0.0812307692307692,9,17,4,0.148181818181818,0.761538461538461,2.03667482517483,0.145120941210774,4,3,0.75,0.0792,0.0150925778859205,0.0150925778859205,FALSE,0.2203125,"cfbd_returning+247_talent+transfer_portal+prior_player_ppa+week1_polls","2026-08-31 23:27:28 UTC"
"Indiana",2021,0.878,1,0.678,0.715384615384615,0.354068332783381,0.624203125,0.0872769230769231,8,10,3,0.113636363636364,0.715384615384615,-15.1600559440559,-2.66528510602498,3,1,0.333333333333333,0.230353846153846,-0.858221804140042,0,FALSE,0.165985576923077,"cfbd_returning+247_talent+transfer_portal+prior_player_ppa+week1_polls","2026-08-31 23:27:28 UTC"
"Iowa",2021,0.624,0.935,0.765,0.684615384615385,0.336579845917679,0.49725,0.257415384615385,1,10,1,0.0381818181818182,0.373076923076923,0,-0.491494242760212,0,0,1,0.0876730769230769,-0.11550114704865,0,FALSE,0.0723557692307693,"cfbd_returning+247_talent+transfer_portal+prior_player_ppa+week1_polls","2026-08-31 23:27:28 UTC"
"Iowa State",2021,0.929,0.953,0.895,0.584615384615385,0.723535731763498,0.8346484375,0.0415076923076923,2,7,1,0.0386363636363636,0.396153846153846,0,-0.491494242760212,0,0,1,0.0415961538461538,-0.0516068954898223,0,FALSE,0.0554086538461539,"cfbd_returning+247_talent+transfer_portal+prior_player_ppa+week1_polls","2026-08-31 23:27:28 UTC"
"Kansas",2021,0.84,0.707,0.841,0.453846153846154,0,0.0328125,0.0726153846153846,13,27,2,0.0772727272727273,0.6,65.7937832167832,1.9280721392467,4,2,0.5,0.0954,0.306563470140226,0.306563470140226,FALSE,0.3609375,"cfbd_returning+247_talent+transfer_portal+prior_player_ppa+week1_polls","2026-08-31 23:27:28 UTC"
"Kansas State",2021,0.91,1.119,0.785,0.492307692307692,0,0.1990625,0.0443076923076923,8,15,3,0.111818181818182,0.673076923076923,4.43976923076923,0.364634021473709,2,2,1,0.144711538461538,0.0783963146168475,0.0783963146168475,FALSE,0.18125,"cfbd_returning+247_talent+transfer_portal+prior_player_ppa+week1_polls","2026-08-31 23:27:28 UTC"
"Kent State",2021,0.903,1,0.911,0.138461538461538,0,0.87478125,0.0134307692307692,7,14,0,0,0,9.99528671328671,0.650476285117255,3,2,0.666666666666667,0,0.0578923893754356,0.0578923893754356,FALSE,-0.56875,"cfbd_returning+247_talent+transfer_portal+prior_player_ppa+week1_polls","2026-08-31 23:27:28 UTC"
"Kentucky",2021,0.386,-7.316,0.423,0.776923076923077,0,0.129671875,0.477030769230769,7,10,7,0.27,0.938461538461538,27.6068006993007,1.10483574396211,3,3,1,0.541492307692308,0.637490224266138,0.637490224266138,TRUE,0.0640625,"cfbd_returning+247_talent+transfer_portal+prior_player_ppa+week1_polls","2026-08-31 23:27:28 UTC"
"LSU",2021,0.602,0.571,0.668,0.969230769230769,0.408623214049451,0.145796875,0.385753846153846,2,14,2,0.0809090909090909,0.623076923076923,0,-0.491494242760212,0,0,1,0.206861538461538,-0.163176088596391,0,FALSE,0.650120192307692,"cfbd_returning+247_talent+transfer_portal+prior_player_ppa+week1_polls","2026-08-31 23:27:28 UTC"
"Liberty",2021,0.9,0.919,0.831,0.0384615384615385,0,0.8015625,0.00384615384615385,6,9,1,0.0381818181818182,0.373076923076923,0,-0.491494242760212,2,0,0,0.06305,-0.0830625270264759,0,FALSE,-0.490625,"cfbd_returning+247_talent+transfer_portal+prior_player_ppa+week1_polls","2026-08-31 23:27:28 UTC"
"Louisiana",2021,0.707,1,0.65,0.269230769230769,0.114376553217062,0.5799609375,0.0788846153846154,9,7,3,0.11,0.65,-1.46244055944056,-1.35028969383193,5,3,0.6,0.2275,-0.472601392841175,0,FALSE,0.0104567307692308,"cfbd_returning+247_talent+transfer_portal+prior_player_ppa+week1_polls","2026-08-31 23:27:28 UTC"
"Louisiana Tech",2021,0.699,0.959,0.619,0.423076923076923,0,0.098296875,0.127346153846154,9,11,2,0.0745454545454546,0.534615384615385,20.2960384615385,0.942075774995776,4,3,0.75,0.203688461538462,0.35893087027339,0.35893087027339,FALSE,0.259375,"cfbd_returning+247_talent+transfer_portal+prior_player_ppa+week1_polls","2026-08-31 23:27:28 UTC"
"Louisville",2021,0.638,1.033,0.695,0.561538461538462,0,0.438625,0.203276923076923,6,16,3,0.117727272727273,0.730769230769231,-2.66733566433566,-1.5110754421114,1,1,1,0.222884615384615,-0.460878009843977,0,FALSE,-0.2875,"cfbd_returning+247_talent+transfer_portal+prior_player_ppa+week1_polls","2026-08-31 23:27:28 UTC"
"Marshall",2021,0.698,0.952,0.728,0.323076923076923,0,0.654375,0.0975692307692308,6,13,2,0.0736363636363636,0.5,-1.84741258741259,-1.45325183063353,1,1,1,0.136,-0.39528449793232,0,FALSE,-0.5375,"cfbd_returning+247_talent+transfer_portal+prior_player_ppa+week1_polls","2026-08-31 23:27:28 UTC"
"Maryland",2021,0.654,0.921,0.675,0.753846153846154,0,0.137953125,0.260830769230769,1,15,1,0.0381818181818182,0.373076923076923,1.39351748251748,0.0868770641041152,1,1,1,0.12125,0.0282350458338374,0.0282350458338374,FALSE,0.1890625,"cfbd_returning+247_talent+transfer_portal+prior_player_ppa+week1_polls","2026-08-31 23:27:28 UTC"
"Massachusetts",2021,-3.1,0.048,0.547,0.0461538461538462,0,-0.0484375,0.189230769230769,11,21,1,0.0363636363636364,0.269230769230769,0.807034965034965,0.0482230735559222,3,2,0.666666666666667,0.121961538461538,0.0218450523208328,0.0218450523208328,FALSE,0.384375,"cfbd_returning+247_talent+transfer_portal+prior_player_ppa+week1_polls","2026-08-31 23:27:28 UTC"
"Memphis",2021,0.362,0.002,0.494,0.507692307692308,0,0.183828125,0.323907692307692,13,26,5,0.186363636363636,0.869230769230769,0.920192307692308,0.0675374539302957,3,1,0.333333333333333,0.439830769230769,0.0341739516887296,0.0341739516887296,FALSE,-0.1078125,"cfbd_returning+247_talent+transfer_portal+prior_player_ppa+week1_polls","2026-08-31 23:27:28 UTC"
"Miami",2021,0.835,0.897,0.882,0.907692307692308,0.391506941355944,0.4892578125,0.149769230769231,4,6,4,0.158636363636364,0.861538461538462,12.2798601398601,0.723731208890475,1,1,1,0.101661538461538,0.0854002826490761,0.0854002826490761,FALSE,0.298677884615385,"cfbd_returning+247_talent+transfer_portal+prior_player_ppa+week1_polls","2026-08-31 23:27:28 UTC"
"Miami (OH)",2021,0.968,1,0.874,0.153846153846154,0,0.6579375,0.00492307692307693,2,10,0,0,0,0.154,-0.00964102733189815,1,1,1,0,-0.00121476944381917,0,FALSE,-0.2796875,"cfbd_returning+247_talent+transfer_portal+prior_player_ppa+week1_polls","2026-08-31 23:27:28 UTC"
"Michigan",2021,0.536,0.29,0.531,0.892307692307692,0,0.142375,0.414030769230769,5,20,3,0.116818181818182,0.723076923076923,31.0104545454545,1.2183870521704,2,1,0.5,0.339123076923077,0.57142352746792,0.57142352746792,TRUE,0.134375,"cfbd_returning+247_talent+transfer_portal+prior_player_ppa+week1_polls","2026-08-31 23:27:28 UTC"
"Michigan State",2021,0.571,0.429,0.671,0.730769230769231,0,0.0490703125,0.3135,14,21,8,0.300454545454545,0.953846153846154,51.2784090909091,1.81691082279994,5,3,0.6,0.313815384615385,0.59776366070118,0.59776366070118,TRUE,0.3140625,"cfbd_returning+247_talent+transfer_portal+prior_player_ppa+week1_polls","2026-08-31 23:27:28 UTC"
"Middle Tennessee",2021,0.576,0.078,0.435,0.384615384615385,0,0.09,0.163076923076923,6,10,2,0.0736363636363636,0.5,94.7563986013986,2.66528510602498,3,3,1,0.2825,1.50588608490411,1.50588608490411,TRUE,0.24375,"cfbd_returning+247_talent+transfer_portal+prior_player_ppa+week1_polls","2026-08-31 23:27:28 UTC"
"Minnesota",2021,0.811,0.981,0.893,0.676923076923077,0,0.316796875,0.127938461538462,7,12,5,0.188181818181818,0.876923076923077,0,-0.491494242760212,1,0,0,0.0938307692307692,-0.0525898839753427,0,FALSE,0.00937500000000002,"cfbd_returning+247_talent+transfer_portal+prior_player_ppa+week1_polls","2026-08-31 23:27:28 UTC"
"Mississippi",2021,0.77,0.951,0.866,0.8,0.0459592843923504,0.42109375,0.184,3,9,2,0.0768181818181818,0.588461538461538,0.0419335664335664,-0.0675374539302957,1,1,1,0.0788538461538462,-0.00905001882665963,0,FALSE,0.260817307692308,"cfbd_returning+247_talent+transfer_portal+prior_player_ppa+week1_polls","2026-08-31 23:27:28 UTC"
"Mississippi State",2021,0.668,1.264,0.622,0.784615384615385,0,0.19309375,0.260492307692308,8,22,4,0.152272727272727,0.830769230769231,51.0179755244755,1.72451238764149,5,4,0.8,0.314030769230769,0.651865682528485,0.651865682528485,TRUE,0.1109375,"cfbd_returning+247_talent+transfer_portal+prior_player_ppa+week1_polls","2026-08-31 23:27:28 UTC"
"Missouri",2021,0.742,1,0.673,0.661538461538462,0,0.191296875,0.170676923076923,5,21,5,0.190454545454545,0.892307692307692,0,-0.491494242760212,1,0,0,0.291784615384615,-0.160718617382589,0,FALSE,0.1421875,"cfbd_returning+247_talent+transfer_portal+prior_player_ppa+week1_polls","2026-08-31 23:27:28 UTC"
"Navy",2021,0.326,-0.022,0.33,0.0307692307692308,0,0.043296875,0.0207384615384615,0,7,0,0,0,0,-0.491494242760212,0,0,1,0,-0.329301142649342,0,FALSE,0.2671875,"cfbd_returning+247_talent+transfer_portal+prior_player_ppa+week1_polls","2026-08-31 23:27:28 UTC"
"Nebraska",2021,0.611,0.842,0.499,0.815384615384615,0,0.2243515625,0.317184615384615,5,18,4,0.153636363636364,0.838461538461538,-3.58307692307692,-1.64485362695147,3,1,0.333333333333333,0.420069230769231,-0.824071667102688,0,FALSE,0.0328125,"cfbd_returning+247_talent+transfer_portal+prior_player_ppa+week1_polls","2026-08-31 23:27:28 UTC"
"Nevada",2021,0.982,1,0.995,0.253846153846154,0,0.759515625,0.00456923076923077,6,12,0,0,0,0,-0.491494242760212,2,0,0,0,-0.00245747121380106,0,FALSE,-0.3734375,"cfbd_returning+247_talent+transfer_portal+prior_player_ppa+week1_polls","2026-08-31 23:27:28 UTC"
"New Mexico",2021,0.745,-0.06,0.666,0.146153846153846,0,0.267734375,0.0372692307692308,4,14,0,0,0,23.9358461538462,1.0039875483648,2,1,0.5,0,0.335331841153842,0.335331841153842,FALSE,0.040625,"cfbd_returning+247_talent+transfer_portal+prior_player_ppa+week1_polls","2026-08-31 23:27:28 UTC"
"New Mexico State",2021,1.7,1,0.923,0.0230769230769231,0,0.01328125,-0.0161538461538462,1,10,1,0.0363636363636364,0.269230769230769,0,-0.491494242760212,0,0,1,0.0207307692307692,-0.0378450566925363,0,FALSE,0.3921875,"cfbd_returning+247_talent+transfer_portal+prior_player_ppa+week1_polls","2026-08-31 23:27:28 UTC"
"North Carolina",2021,0.505,0.985,0.541,0.876923076923077,0.630817540134571,0.4458203125,0.434076923076923,1,21,1,0.0413636363636364,0.430769230769231,10.2222517482517,0.674489750196082,1,1,1,0.197723076923077,0.309590795340002,0.309590795340002,FALSE,0.0556490384615385,"cfbd_returning+247_talent+transfer_portal+prior_player_ppa+week1_polls","2026-08-31 23:27:28 UTC"
"North Carolina State",2021,0.656,0.374,0.689,0.746153846153846,0,0.287,0.256676923076923,4,11,4,0.151818181818182,0.823076923076923,0,-0.491494242760212,0,0,1,0.255976923076923,-0.152854709498426,0,FALSE,-0.0375,"cfbd_returning+247_talent+transfer_portal+prior_player_ppa+week1_polls","2026-08-31 23:27:28 UTC"
"North Texas",2021,0.499,0.568,0.517,0.392307692307692,0,0.1754296875,0.196546153846154,11,19,2,0.0731818181818182,0.465384615384615,0,-0.491494242760212,2,0,0,0.224780769230769,-0.237391719253183,0,FALSE,0.0484375,"cfbd_returning+247_talent+transfer_portal+prior_player_ppa+week1_polls","2026-08-31 23:27:28 UTC"
"Northern Illinois",2021,0.539,0,0.522,0.130769230769231,0,0.05053125,0.0602846153846154,1,19,1,0.0363636363636364,0.269230769230769,18.6524195804196,0.912437490372388,1,1,1,0.128692307692308,0.436145120398001,0.436145120398001,FALSE,0.30625,"cfbd_returning+247_talent+transfer_portal+prior_player_ppa+week1_polls","2026-08-31 23:27:28 UTC"
"Northwestern",2021,0.14,0,0.179,0.669230769230769,0,0.1159375,0.575538461538461,7,8,2,0.0759090909090909,0.565384615384615,0.428118881118881,0.00964102733189815,3,3,1,0.464180769230769,0.00791528343948839,0.00791528343948839,FALSE,-0.428125,"cfbd_returning+247_talent+transfer_portal+prior_player_ppa+week1_polls","2026-08-31 23:27:28 UTC"
"Notre Dame",2021,0.366,0.032,0.458,0.915384615384615,0.677230734529201,0.3316875,0.580353846153846,4,19,2,0.0804545454545455,0.615384615384615,0,-0.491494242760212,0,0,1,0.333538461538462,-0.266389879576035,0,FALSE,0.0399038461538461,"cfbd_returning+247_talent+transfer_portal+prior_player_ppa+week1_polls","2026-08-31 23:27:28 UTC"
"Ohio",2021,0.931,1,0.906,0.107692307692308,0,0.8655390625,0.00743076923076923,1,5,0,0,0,0,-0.491494242760212,0,0,1,0,-0.04620045881946,0,FALSE,-0.5296875,"cfbd_returning+247_talent+transfer_portal+prior_player_ppa+week1_polls","2026-08-31 23:27:28 UTC"
"Ohio State",2021,0.47,0.106,0.401,0.984615384615385,0.892563407919634,0.407578125,0.521846153846154,1,5,0,0,0,0,-0.491494242760212,0,0,1,0,-0.294405051413367,0,FALSE,0.109735576923077,"cfbd_returning+247_talent+transfer_portal+prior_player_ppa+week1_polls","2026-08-31 23:27:28 UTC"
"Oklahoma",2021,0.711,0.872,0.588,0.961538461538462,0.929039001987799,0.6832265625,0.277884615384615,10,19,9,0.355454545454545,1,27.7960489510489,1.14105711992104,4,1,0.25,0.412,0.47011553340747,0.47011553340747,FALSE,0.0236778846153847,"cfbd_returning+247_talent+transfer_portal+prior_player_ppa+week1_polls","2026-08-31 23:27:28 UTC"
"Oklahoma State",2021,0.511,0.725,0.679,0.592307692307692,0.0666255397902529,0.30340625,0.289638461538462,5,8,4,0.149545454545455,0.776923076923077,1.48027972027972,0.106249225831305,2,1,0.5,0.249392307692308,0.0341060014918489,0.0341060014918489,FALSE,0.229326923076923,"cfbd_returning+247_talent+transfer_portal+prior_player_ppa+week1_polls","2026-08-31 23:27:28 UTC"
"Old Dominion",2021,,,,0.207692307692308,0,,,7,14,2,0.0731818181818182,0.465384615384615,-0.578160839160839,-1.14105711992104,4,1,0.25,,,,,,"cfbd_returning+247_talent+transfer_portal+prior_player_ppa+week1_polls","2026-08-31 23:27:28 UTC"
"Oregon",2021,0.522,0.173,0.54,0.946153846153846,0.572377723260756,0.31809375,0.452261538461538,0,12,0,0,0,0,-0.491494242760212,0,0,1,0,-0.226087351669698,0,FALSE,0.313701923076923,"cfbd_returning+247_talent+transfer_portal+prior_player_ppa+week1_polls","2026-08-31 23:27:28 UTC"
"Oregon State",2021,0.817,0.871,0.755,0.638461538461538,0,0.3127578125,0.116838461538462,6,14,4,0.146818181818182,0.746153846153846,31.9568181818182,1.35028969383193,2,1,0.5,0.182807692307692,0.330820974988823,0.330820974988823,FALSE,0.0171875,"cfbd_returning+247_talent+transfer_portal+prior_player_ppa+week1_polls","2026-08-31 23:27:28 UTC"
"Penn State",2021,0.843,0.93,0.808,0.884615384615385,0.277453385554902,0.4741875,0.138884615384615,6,14,6,0.231363636363636,0.926923076923077,-6.79482167832168,-1.81691082279994,1,1,1,0.177969230769231,-0.348846877977588,0,FALSE,0.299038461538462,"cfbd_returning+247_talent+transfer_portal+prior_player_ppa+week1_polls","2026-08-31 23:27:28 UTC"
"Pittsburgh",2021,0.854,0.942,0.935,0.723076923076923,0,0.65384375,0.105569230769231,4,6,1,0.0368181818181818,0.326923076923077,4.30936363636364,0.344102462883016,2,1,0.5,0.02125,0.022366660087396,0.022366660087396,FALSE,-0.365625,"cfbd_returning+247_talent+transfer_portal+prior_player_ppa+week1_polls","2026-08-31 23:27:28 UTC"
"Purdue",2021,0.904,1,0.895,0.653846153846154,0,0.452,0.0627692307692308,8,8,2,0.0736363636363636,0.5,5.69136713286713,0.406173144992,3,2,0.666666666666667,0.0525,0.04264818022416,0.04264818022416,FALSE,-0.1,"cfbd_returning+247_talent+transfer_portal+prior_player_ppa+week1_polls","2026-08-31 23:27:28 UTC"
"Rice",2021,0.342,0.124,0.706,0.246153846153846,0,0.216421875,0.161969230769231,3,5,1,0.0363636363636364,0.269230769230769,14.4539020979021,0.80109452928195,2,2,1,0.0791538461538462,0.235521791608893,0.235521791608893,FALSE,-0.2328125,"cfbd_returning+247_talent+transfer_portal+prior_player_ppa+week1_polls","2026-08-31 23:27:28 UTC"
"Rutgers",2021,0.922,0.604,0.846,0.515384615384615,0,0.18728125,0.0402,7,17,4,0.148636363636364,0.769230769230769,0,-0.491494242760212,2,0,0,0.118461538461538,-0.0756901133850727,0,FALSE,0.196875,"cfbd_returning+247_talent+transfer_portal+prior_player_ppa+week1_polls","2026-08-31 23:27:28 UTC"
"SMU",2021,0.457,-0.009,0.468,0.523076923076923,0,0.29990625,0.284030769230769,14,9,6,0.231363636363636,0.926923076923077,-0.716783216783217,-1.2183870521704,6,1,0.166666666666667,0.493123076923077,-0.648181911754655,0,FALSE,-0.25625,"cfbd_returning+247_talent+transfer_portal+prior_player_ppa+week1_polls","2026-08-31 23:27:28 UTC"
"San Diego State",2021,0.858,0.604,0.798,0.276923076923077,0,0.44240625,0.0393230769230769,2,9,1,0.0368181818181818,0.326923076923077,3.16195804195804,0.22358925783732,1,1,1,0.0660384615384615,0.0451650300831386,0.0451650300831386,FALSE,-0.115625,"cfbd_returning+247_talent+transfer_portal+prior_player_ppa+week1_polls","2026-08-31 23:27:28 UTC"
"San Jose State",2021,0.743,1,0.832,0.215384615384615,0,0.499203125,0.0553538461538462,9,7,0,0,0,3.59116083916084,0.303461135116176,6,1,0.166666666666667,0,0.0509814706995176,0.0509814706995176,FALSE,-0.271875,"cfbd_returning+247_talent+transfer_portal+prior_player_ppa+week1_polls","2026-08-31 23:27:28 UTC"
"South Alabama",2021,0.776,0.859,0.655,0.230769230769231,0,0.21825,0.0516923076923077,13,11,2,0.0740909090909091,0.523076923076923,5.82646153846154,0.427203971030685,2,1,0.5,0.180461538461538,0.147385370005586,0.147385370005586,FALSE,0.11875,"cfbd_returning+247_talent+transfer_portal+prior_player_ppa+week1_polls","2026-08-31 23:27:28 UTC"
"South Carolina",2021,0.66,0.268,0.518,0.838461538461538,0,0.1134375,0.285076923076923,8,12,8,0.301363636363636,0.961538461538462,7.53371328671329,0.513370313192476,2,1,0.5,0.463461538461538,0.247444490958773,0.247444490958773,FALSE,0.228125,"cfbd_returning+247_talent+transfer_portal+prior_player_ppa+week1_polls","2026-08-31 23:27:28 UTC"
"South Florida",2021,0.429,-0.364,0.375,0.446153846153846,0,0.046921875,0.254753846153846,10,17,2,0.0736363636363636,0.5,-9.32584615384615,-2.27215876072415,5,3,0.6,0.3125,-1.4200992254526,0,FALSE,0.290625,"cfbd_returning+247_talent+transfer_portal+prior_player_ppa+week1_polls","2026-08-31 23:27:28 UTC"
"Southern California",2021,0.709,0.794,0.653,0.930769230769231,0.415214074956123,0.6480703125,0.270853846153846,9,9,8,0.311818181818182,0.984615384615385,74.3463951048951,2.06990183089505,6,6,1,0.341661538461538,0.718255935320583,0.718255935320583,TRUE,-0.0140625,"cfbd_returning+247_talent+transfer_portal+prior_player_ppa+week1_polls","2026-08-31 23:27:28 UTC"
"Southern Miss",2021,0.483,0.006,0.469,0.353846153846154,0,0.158484375,0.182938461538462,8,15,2,0.0727272727272727,0.442307692307692,0,-0.491494242760212,1,0,0,0.234865384615385,-0.260983442905673,0,FALSE,0.071875,"cfbd_returning+247_talent+transfer_portal+prior_player_ppa+week1_polls","2026-08-31 23:27:28 UTC"
"Stanford",2021,0.403,0.133,0.489,0.823076923076923,0,0.1227890625,0.491376923076923,1,3,0,0,0,0,-0.491494242760212,0,0,1,0,-0.251153558050469,0,FALSE,0.0953125,"cfbd_returning+247_talent+transfer_portal+prior_player_ppa+week1_polls","2026-08-31 23:27:28 UTC"
"Syracuse",2021,0.852,-0.097,0.644,0.476923076923077,0,0.0665625,0.0705846153846154,3,16,1,0.0363636363636364,0.269230769230769,0,-0.491494242760212,0,0,1,0.0958461538461538,-0.174971950422636,0,FALSE,0.321875,"cfbd_returning+247_talent+transfer_portal+prior_player_ppa+week1_polls","2026-08-31 23:27:28 UTC"
"TCU",2021,0.66,0.795,0.732,0.738461538461539,0,0.4125,0.251076923076923,6,23,5,0.192727272727273,0.9,3.56475524475524,0.283331050842947,2,1,0.5,0.2412,0.0759327216259099,0.0759327216259099,FALSE,-0.225,"cfbd_returning+247_talent+transfer_portal+prior_player_ppa+week1_polls","2026-08-31 23:27:28 UTC"
"Temple",2021,0.453,-0.016,0.499,0.4,0,0.0672421875,0.2188,11,18,4,0.147272727272727,0.753846153846154,-6.72268531468531,-1.72451238764149,4,2,0.5,0.377676923076923,-0.863980706208388,0,FALSE,0.2515625,"cfbd_returning+247_talent+transfer_portal+prior_player_ppa+week1_polls","2026-08-31 23:27:28 UTC"
"Tennessee",2021,0.31,0.305,0.273,0.861538461538462,0,0.09203125,0.594461538461538,10,37,5,0.189090909090909,0.884615384615385,34.5875979020979,1.5110754421114,2,2,1,0.643115384615385,1.09855184641499,1.09855184641499,TRUE,0.103125,"cfbd_returning+247_talent+transfer_portal+prior_player_ppa+week1_polls","2026-08-31 23:27:28 UTC"
"Texas",2021,0.442,0.142,0.392,0.923076923076923,0.244757917322226,0.3315,0.515076923076923,8,16,4,0.151363636363636,0.811538461538462,0,-0.491494242760212,2,0,0,0.493415384615385,-0.298828499598209,0,FALSE,0.0961538461538461,"cfbd_returning+247_talent+transfer_portal+prior_player_ppa+week1_polls","2026-08-31 23:27:28 UTC"
"Texas A&M",2021,0.624,0.049,0.593,0.953846153846154,0.791694562803769,0.502125,0.358646153846154,1,19,1,0.0390909090909091,0.411538461538462,0,-0.491494242760212,0,0,1,0.167496153846154,-0.200038156803407,0,FALSE,0.156850961538462,"cfbd_returning+247_talent+transfer_portal+prior_player_ppa+week1_polls","2026-08-31 23:27:28 UTC"
"Texas State",2021,0.882,1.002,0.905,0.261538461538462,0,0.165375,0.0308615384615385,19,15,2,0.0736363636363636,0.5,6.25756993006993,0.469850910395665,5,3,0.6,0.0475,0.0446358364875882,0.0446358364875882,FALSE,0.2125,"cfbd_returning+247_talent+transfer_portal+prior_player_ppa+week1_polls","2026-08-31 23:27:28 UTC"
"Texas Tech",2021,0.629,0.459,0.679,0.553846153846154,0,0.1965625,0.205476923076923,11,16,6,0.226363636363636,0.907692307692308,33.9512132867133,1.45325183063353,2,2,1,0.291369230769231,0.466493837633363,0.466493837633363,FALSE,0.0875,"cfbd_returning+247_talent+transfer_portal+prior_player_ppa+week1_polls","2026-08-31 23:27:28 UTC"
"Toledo",2021,0.708,0.397,0.715,0.346153846153846,0,0.6084375,0.101076923076923,5,3,1,0.0363636363636364,0.269230769230769,3.22417132867133,0.243404177810631,3,1,0.333333333333333,0.0767307692307692,0.0693701906760299,0.0693701906760299,FALSE,-0.459375,"cfbd_returning+247_talent+transfer_portal+prior_player_ppa+week1_polls","2026-08-31 23:27:28 UTC"
"Troy",2021,0.503,0.805,0.596,0.307692307692308,0,0.243640625,0.152923076923077,8,9,3,0.109545454545455,0.638461538461538,7.88734615384615,0.535494886915245,2,1,0.5,0.257938461538462,0.216339934313759,0.216339934313759,FALSE,-0.084375,"cfbd_returning+247_talent+transfer_portal+prior_player_ppa+week1_polls","2026-08-31 23:27:28 UTC"
"Tulane",2021,0.608,0.586,0.491,0.338461538461538,0,0.37525,0.132676923076923,5,11,0,0,0,6.82033566433566,0.491494242760212,2,2,1,0,0.250170569564948,0.250170569564948,FALSE,-0.2171875,"cfbd_returning+247_talent+transfer_portal+prior_player_ppa+week1_polls","2026-08-31 23:27:28 UTC"
"Tulsa",2021,0.726,0.229,0.47,0.361538461538462,0,0.5671875,0.0990615384615385,6,7,1,0.0368181818181818,0.326923076923077,0.142909090909091,-0.0289266675067026,3,1,0.333333333333333,0.173269230769231,-0.0153311337785524,0,FALSE,-0.38125,"cfbd_returning+247_talent+transfer_portal+prior_player_ppa+week1_polls","2026-08-31 23:27:28 UTC"
"UAB",2021,0.63,0.963,0.635,0.3,0,0.408515625,0.111,6,8,1,0.0363636363636364,0.269230769230769,24.890013986014,1.03643338949379,3,2,0.666666666666667,0.0982692307692308,0.378298187165233,0.378298187165233,FALSE,-0.2484375,"cfbd_returning+247_talent+transfer_portal+prior_player_ppa+week1_polls","2026-08-31 23:27:28 UTC"
"UCF",2021,0.626,0.948,0.583,0.630769230769231,0,0.44015625,0.235907692307692,10,17,2,0.0763636363636364,0.576923076923077,-9.02172377622378,-2.06990183089505,6,4,0.666666666666667,0.240576923076923,-0.863149063483236,0,FALSE,-0.303125,"cfbd_returning+247_talent+transfer_portal+prior_player_ppa+week1_polls","2026-08-31 23:27:28 UTC"
"UCLA",2021,0.853,1,0.757,0.830769230769231,0,0.4864765625,0.122123076923077,8,8,8,0.309090909090909,0.976923076923077,8.42018181818182,0.580557887777313,2,2,1,0.237392307692308,0.141075566729887,0.141075566729887,FALSE,-0.1703125,"cfbd_returning+247_talent+transfer_portal+prior_player_ppa+week1_polls","2026-08-31 23:27:28 UTC"
"UL Monroe",2021,0.913,1.035,0.778,0.0692307692307692,0,0.0499296875,0.00602307692307692,15,21,1,0.0386363636363636,0.396153846153846,27.2200944055944,1.07000871793283,8,4,0.5,0.0879461538461538,0.237541935381088,0.237541935381088,FALSE,0.3453125,"cfbd_returning+247_talent+transfer_portal+prior_player_ppa+week1_polls","2026-08-31 23:27:28 UTC"
"UNLV",2021,0.604,0.397,0.584,0.176923076923077,0,0.0755,0.0700615384615385,6,14,0,0,0,0,-0.491494242760212,3,0,0,0,-0.204461604988248,0,FALSE,0.275,"cfbd_returning+247_talent+transfer_portal+prior_player_ppa+week1_polls","2026-08-31 23:27:28 UTC"
"UTEP",2021,1.051,1.032,0.873,0.0769230769230769,0,0.36128125,-0.00392307692307692,4,11,0,0,0,0.0591818181818182,-0.0482230735559221,1,1,1,0,-0.00612433034160211,0,FALSE,0.05625,"cfbd_returning+247_talent+transfer_portal+prior_player_ppa+week1_polls","2026-08-31 23:27:28 UTC"
"UTSA",2021,0.949,1,0.958,0.407692307692308,0,0.50415625,0.0207923076923077,9,6,1,0.0368181818181818,0.326923076923077,8.17631118881119,0.557884762839599,2,1,0.5,0.0137307692307692,0.0234311600392632,0.0234311600392632,FALSE,-0.13125,"cfbd_returning+247_talent+transfer_portal+prior_player_ppa+week1_polls","2026-08-31 23:27:28 UTC"
"Utah",2021,0.368,-0.056,0.268,0.769230769230769,0.0568475452196382,0.16675,0.486153846153846,8,17,4,0.150454545454545,0.792307692307692,9.7627972027972,0.626832204878776,4,2,0.5,0.579969230769231,0.458841173971264,0.458841173971264,FALSE,0.362259615384615,"cfbd_returning+247_talent+transfer_portal+prior_player_ppa+week1_polls","2026-08-31 23:27:28 UTC"
"Utah State",2021,1.264,-0.064,0.465,0.184615384615385,0,0.079,-0.0487384615384615,12,16,2,0.0731818181818182,0.465384615384615,93.749048951049,2.27215876072415,5,4,0.8,0.248980769230769,1.21560493698742,1.21560493698742,TRUE,0.3375,"cfbd_returning+247_talent+transfer_portal+prior_player_ppa+week1_polls","2026-08-31 23:27:28 UTC"
"Vanderbilt",2021,0.828,0.548,0.568,0.569230769230769,0,0.09703125,0.0979076923076923,5,21,2,0.0745454545454546,0.534615384615385,-3.31611188811189,-1.57444496521704,2,1,0.5,0.230953846153846,-0.680160224973762,0,FALSE,0.2828125,"cfbd_returning+247_talent+transfer_portal+prior_player_ppa+week1_polls","2026-08-31 23:27:28 UTC"
"Virginia",2021,0.804,0.973,0.914,0.6,0,0.48365625,0.1176,6,9,2,0.0759090909090909,0.565384615384615,28.8192972027972,1.17884089055755,3,2,0.666666666666667,0.0486230769230769,0.101380316587949,0.101380316587949,FALSE,-0.2015625,"cfbd_returning+247_talent+transfer_portal+prior_player_ppa+week1_polls","2026-08-31 23:27:28 UTC"
"Virginia Tech",2021,0.565,0.385,0.528,0.707692307692308,0,0.2692578125,0.307846153846154,7,19,3,0.113181818181818,0.707692307692308,-0.415814685314685,-1.10483574396211,1,1,1,0.334030769230769,-0.521482471150116,0,FALSE,-0.0765625,"cfbd_returning+247_talent+transfer_portal+prior_player_ppa+week1_polls","2026-08-31 23:27:28 UTC"
"Wake Forest",2021,0.919,1,0.853,0.530769230769231,0,0.5097578125,0.0429923076923077,6,11,3,0.11,0.65,4.26470979020979,0.323714956873427,2,1,0.5,0.09555,0.0475860986603938,0.0475860986603938,FALSE,-0.1546875,"cfbd_returning+247_talent+transfer_portal+prior_player_ppa+week1_polls","2026-08-31 23:27:28 UTC"
"Washington",2021,0.83,0.964,0.916,0.869230769230769,0.269640275326903,0.784609375,0.147769230769231,4,10,3,0.112272727272727,0.696153846153846,6.24757342657343,0.448425483305935,1,1,1,0.0584769230769231,0.0376677405976985,0.0376677405976985,FALSE,-0.0914663461538462,"cfbd_returning+247_talent+transfer_portal+prior_player_ppa+week1_polls","2026-08-31 23:27:28 UTC"
"Washington State",2021,0.784,0.179,0.855,0.538461538461538,0,0.055125,0.116307692307692,7,24,3,0.112272727272727,0.696153846153846,5.1137972027972,0.385320466407568,3,2,0.666666666666667,0.100942307692308,0.0558714676290973,0.0558714676290973,FALSE,0.3296875,"cfbd_returning+247_talent+transfer_portal+prior_player_ppa+week1_polls","2026-08-31 23:27:28 UTC"
"West Virginia",2021,0.869,0.92,0.825,0.576923076923077,0,0.6585390625,0.0755769230769231,2,23,2,0.0781818181818182,0.607692307692308,0,-0.491494242760212,0,0,1,0.106346153846154,-0.0860114924830372,0,FALSE,-0.3578125,"cfbd_returning+247_talent+transfer_portal+prior_player_ppa+week1_polls","2026-08-31 23:27:28 UTC"
"Western Kentucky",2021,0.412,-0.247,0.276,0.438461538461538,0,0.08046875,0.257815384615385,19,24,2,0.075,0.546153846153846,42.3036083916084,1.64485362695147,10,5,0.5,0.395415384615385,1.19087402591287,1.19087402591287,TRUE,0.2046875,"cfbd_returning+247_talent+transfer_portal+prior_player_ppa+week1_polls","2026-08-31 23:27:28 UTC"
"Western Michigan",2021,0.821,1,0.894,0.192307692307692,0,0.5965078125,0.0344230769230769,1,7,0,0,0,0,-0.491494242760212,0,0,1,0,-0.0520983897325825,0,FALSE,-0.3265625,"cfbd_returning+247_talent+transfer_portal+prior_player_ppa+week1_polls","2026-08-31 23:27:28 UTC"
"Wisconsin",2021,0.808,0.854,0.665,0.846153846153846,0.441714408912736,0.68175,0.162461538461538,2,8,1,0.0377272727272727,0.35,2.69740559440559,0.203861747374645,1,1,1,0.11725,0.0682936853705061,0.0682936853705061,FALSE,0.0639423076923077,"cfbd_returning+247_talent+transfer_portal+prior_player_ppa+week1_polls","2026-08-31 23:27:28 UTC"
"Wyoming",2021,0.853,1,0.946,0.0846153846153846,0,0.5931015625,0.0124384615384615,1,4,0,0,0,0,-0.491494242760212,0,0,1,0,-0.0265406891090515,0,FALSE,-0.2953125,"cfbd_returning+247_talent+transfer_portal+prior_player_ppa+week1_polls","2026-08-31 23:27:28 UTC"
"Air Force",2022,0.733,0.998,0.861,0.0114503816793893,0,0.501823076923077,0.00305725190839695,0,9,0,0,0,0,-1.04135693056116,0,0,1,0,-0.144748613348002,0,FALSE,-0.280035231943629,"cfbd_returning+247_talent+transfer_portal+prior_player_ppa+week1_polls","2026-08-31 23:27:28 UTC"
"Akron",2022,0.203,0.075,0.467,0.290076335877863,0,0.0109307692307692,0.231190839694656,15,10,8,0.300454545454545,0.763358778625954,14.6090088105727,0,7,3,0.428571428571429,0.406870229007634,0,0,FALSE,0.350733998825602,"cfbd_returning+247_talent+transfer_portal+prior_player_ppa+week1_polls","2026-08-31 23:27:28 UTC"
"Alabama",2022,0.552,0.894,0.586,1,1,0.543507692307692,0.448,5,24,5,0.214545454545455,0.572519083969466,86.6262422907489,0.977656435829815,3,3,1,0.237022900763359,0.404749764433544,0.404749764433544,FALSE,0.0153846153846153,"cfbd_returning+247_talent+transfer_portal+prior_player_ppa+week1_polls","2026-08-31 23:27:28 UTC"
"App State",2022,0.555,0.967,0.673,0.297709923664122,0,0.520846153846154,0.132480916030534,9,10,3,0.112727272727273,0.320610687022901,43.0903017621145,0.586928231282555,4,2,0.5,0.104839694656489,0.191925531629395,0.191925531629395,FALSE,-0.533881385789783,"cfbd_returning+247_talent+transfer_portal+prior_player_ppa+week1_polls","2026-08-31 23:27:28 UTC"
"Arizona",2022,0.563,1,0.825,0.641221374045801,0,0.125592307692308,0.280213740458015,8,27,7,0.276363636363636,0.725190839694656,199.92786123348,2.27508613296153,3,3,1,0.126908396946565,0.398140073268269,0.398140073268269,FALSE,0.181503229594833,"cfbd_returning+247_talent+transfer_portal+prior_player_ppa+week1_polls","2026-08-31 23:27:28 UTC"
"Arizona State",2022,0.139,0.084,0.134,0.702290076335878,0,0.116546153846154,0.604671755725191,13,21,13,0.510909090909091,0.931297709923664,183.0650969163,1.82037254798458,5,5,1,0.806503816793893,1.57644262655465,1.57644262655465,TRUE,-0.433881385789783,"cfbd_returning+247_talent+transfer_portal+prior_player_ppa+week1_polls","2026-08-31 23:27:28 UTC"
"Arkansas",2022,0.681,1.007,0.744,0.809160305343511,0.213314293485652,0.502892307692308,0.25812213740458,9,22,8,0.324545454545455,0.786259541984733,64.0081123348018,0.70483000972131,3,3,1,0.201282442748092,0.180436482488655,0.180436482488655,FALSE,0.108866705813271,"cfbd_returning+247_talent+transfer_portal+prior_player_ppa+week1_polls","2026-08-31 23:27:28 UTC"
"Arkansas State",2022,0.203,0.082,0.252,0.343511450381679,0,0.0140538461538462,0.273778625954198,11,25,5,0.188181818181818,0.49618320610687,9.32137885462555,-0.192528501828079,4,3,0.75,0.371145038167939,-0.144011319367403,0,FALSE,0.335349383440987,"cfbd_returning+247_talent+transfer_portal+prior_player_ppa+week1_polls","2026-08-31 23:27:28 UTC"
"Army",2022,0.618,-0.038,0.525,0.0229007633587786,0,0.537184615384615,0.00874809160305343,0,6,0,0,0,0,-1.04135693056116,0,0,1,0,-0.494644542016553,0,FALSE,-0.464650616559014,"cfbd_returning+247_talent+transfer_portal+prior_player_ppa+week1_polls","2026-08-31 23:27:28 UTC"
"Auburn",2022,0.452,0.046,0.558,0.877862595419847,0,0.232953846153846,0.481068702290076,11,24,9,0.355909090909091,0.809160305343511,96.7272026431718,1.10959039401044,6,3,0.5,0.357648854961832,0.490438954152612,0.490438954152612,FALSE,-0.11080446271286,"cfbd_returning+247_talent+transfer_portal+prior_player_ppa+week1_polls","2026-08-31 23:27:28 UTC"
"BYU",2022,0.612,0.82,0.578,0.198473282442748,0.0747126436781609,0.466061538461538,0.0770076335877863,4,10,4,0.160454545454545,0.465648854961832,1.00892511013216,-0.633024632738729,2,1,0.5,0.196503816793893,-0.267136395015744,0,FALSE,0.04762184380505,"cfbd_returning+247_talent+transfer_portal+prior_player_ppa+week1_polls","2026-08-31 23:27:28 UTC"
"Ball State",2022,0.37,0.075,0.459,0.0916030534351145,0,0.0654615384615385,0.0577099236641221,5,10,2,0.0759090909090909,0.209923664122137,5.68398237885463,-0.371958612874834,1,1,1,0.113568702290076,-0.201229609565285,0,FALSE,0.227657075748679,"cfbd_returning+247_talent+transfer_portal+prior_player_ppa+week1_polls","2026-08-31 23:27:28 UTC"
"Baylor",2022,0.209,0.257,0.171,0.694656488549618,0.554891583855835,0.178453846153846,0.549473282442748,3,8,2,0.0818181818181818,0.282442748091603,0,-1.04135693056116,1,0,0,0.234145038167939,-0.863284895435205,0,FALSE,0.0774515560775103,"cfbd_returning+247_talent+transfer_portal+prior_player_ppa+week1_polls","2026-08-31 23:27:28 UTC"
"Boise State",2022,0.648,1.027,0.635,0.458015267175573,0,0.343938461538462,0.161221374045802,3,6,3,0.119090909090909,0.374045801526718,0,-1.04135693056116,1,0,0,0.136526717557252,-0.380095279654825,0,FALSE,-0.126189078097475,"cfbd_returning+247_talent+transfer_portal+prior_player_ppa+week1_polls","2026-08-31 23:27:28 UTC"
"Boston College",2022,0.636,0.538,0.597,0.687022900763359,0,0.205476923076923,0.250076335877863,4,13,2,0.0772727272727273,0.232824427480916,2.76978854625551,-0.520014548401204,2,2,1,0.0938282442748092,-0.209565863005685,0,FALSE,0.0815032295948326,"cfbd_returning+247_talent+transfer_portal+prior_player_ppa+week1_polls","2026-08-31 23:27:28 UTC"
"Bowling Green",2022,1.038,1.145,0.993,0.190839694656489,0,0.175661538461538,-0.00725190839694657,6,13,2,0.0731818181818182,0.16412213740458,10.4191718061674,-0.11506077980113,2,1,0.5,0.00114885496183206,-0.000805425458607911,0,FALSE,0.235349383440986,"cfbd_returning+247_talent+transfer_portal+prior_player_ppa+week1_polls","2026-08-31 23:27:28 UTC"
"Buffalo",2022,0.332,0.117,0.349,0.122137404580153,0,0.0842769230769231,0.081587786259542,21,27,11,0.419545454545455,0.862595419847328,29.7627643171806,0.331246875612425,8,3,0.375,0.561549618320611,0.215641716023689,0.215641716023689,FALSE,0.150733998825602,"cfbd_returning+247_talent+transfer_portal+prior_player_ppa+week1_polls","2026-08-31 23:27:28 UTC"
"California",2022,0.211,0,0.226,0.648854961832061,0,0.0827769230769231,0.511946564885496,6,11,4,0.16,0.458015267175573,35.6600660792952,0.41329661040316,1,1,1,0.354503816793893,0.319891576452046,0.319891576452046,FALSE,0.0122724603640634,"cfbd_returning+247_talent+transfer_portal+prior_player_ppa+week1_polls","2026-08-31 23:27:28 UTC"
"Central Michigan",2022,0.67,0.782,0.7,0.145038167938931,0,0.371076923076923,0.0478625954198473,2,17,2,0.0736363636363636,0.179389312977099,14.6021321585903,-0.0191357347600084,1,1,1,0.0538167938931298,-0.00574072042800251,0,FALSE,-0.149266001174398,"cfbd_returning+247_talent+transfer_portal+prior_player_ppa+week1_polls","2026-08-31 23:27:28 UTC"
"Charlotte",2022,0.838,1,0.916,0.381679389312977,0,0.128923076923077,0.0618320610687023,3,9,2,0.0759090909090909,0.209923664122137,0,-1.04135693056116,0,0,1,0.0176335877862595,-0.0874739821671377,0,FALSE,0.250733998825602,"cfbd_returning+247_talent+transfer_portal+prior_player_ppa+week1_polls","2026-08-31 23:27:28 UTC"
"Cincinnati",2022,0.272,-0.003,0.241,0.633587786259542,0.188343642676146,0.261538461538462,0.461251908396947,7,10,5,0.198181818181818,0.541984732824427,110.322962555066,1.18342382058426,3,3,1,0.41136641221374,0.898218679823455,0.898218679823455,TRUE,-0.129477392836171,"cfbd_returning+247_talent+transfer_portal+prior_player_ppa+week1_polls","2026-08-31 23:27:28 UTC"
"Clemson",2022,0.458,0.206,0.621,0.969465648854962,0.827448644778658,0.362876923076923,0.525450381679389,1,10,1,0.0363636363636364,0.0763358778625954,10.253986784141,-0.153679314786282,1,1,1,0.0289312977099237,-0.058244460304001,0,FALSE,0.184791544333529,"cfbd_returning+247_talent+transfer_portal+prior_player_ppa+week1_polls","2026-08-31 23:27:28 UTC"
"Coastal Carolina",2022,0.578,0.943,0.623,0.267175572519084,0,0.560215384615385,0.112748091603053,4,16,0,0,0,22.4591806167401,0.192528501828079,1,1,1,0,0.0725832451891857,0.0725832451891857,FALSE,-0.564650616559013,"cfbd_returning+247_talent+transfer_portal+prior_player_ppa+week1_polls","2026-08-31 23:27:28 UTC"
"Colorado",2022,0.694,0.596,0.717,0.541984732824427,0,0.128123076923077,0.165847328244275,6,23,4,0.152727272727273,0.427480916030534,28.3140792951542,0.291077083187175,2,1,0.5,0.120977099236641,0.0823748145419706,0.0823748145419706,FALSE,0.219964768056371,"cfbd_returning+247_talent+transfer_portal+prior_player_ppa+week1_polls","2026-08-31 23:27:28 UTC"
"Colorado State",2022,0.277,-0.006,0.422,0.236641221374046,0,0.119323076923077,0.171091603053435,11,22,6,0.227727272727273,0.595419847328244,28.2191762114537,0.271170966548236,3,2,0.666666666666667,0.344152671755725,0.156736818664881,0.156736818664881,FALSE,-0.0261890780974751,"cfbd_returning+247_talent+transfer_portal+prior_player_ppa+week1_polls","2026-08-31 23:27:28 UTC"
"Connecticut",2022,0.404,0.473,0.315,0.0534351145038168,0,0.00310769230769231,0.0318473282442748,9,20,3,0.112272727272727,0.312977099236641,-2.07491629955947,-2.66786079954265,4,1,0.25,0.214389312977099,-1.82748464768671,0,FALSE,0.396887844979448,"cfbd_returning+247_talent+transfer_portal+prior_player_ppa+week1_polls","2026-08-31 23:27:28 UTC"
"Duke",2022,0.376,0.071,0.329,0.534351145038168,0,0.0376,0.333435114503817,8,13,3,0.115909090909091,0.358778625954198,0,-1.04135693056116,0,0,1,0.240740458015267,-0.698750500406541,0,FALSE,0.304580152671756,"cfbd_returning+247_talent+transfer_portal+prior_player_ppa+week1_polls","2026-08-31 23:27:28 UTC"
"East Carolina",2022,0.747,0.913,0.873,0.389312977099237,0,0.339023076923077,0.0984961832061069,14,28,8,0.296818181818182,0.755725190839695,22.2222158590308,0.173071254112864,4,3,0.75,0.0959770992366412,0.0219800492723337,0.0219800492723337,FALSE,-0.0492660011743981,"cfbd_returning+247_talent+transfer_portal+prior_player_ppa+week1_polls","2026-08-31 23:27:28 UTC"
"Eastern Michigan",2022,0.504,0.09,0.451,0.16793893129771,0,0.1008,0.0832977099236641,5,15,4,0.147727272727273,0.393129770992366,45.5165286343612,0.609814443154744,3,1,0.333333333333333,0.215828244274809,0.334788129291954,0.334788129291954,FALSE,0.204580152671756,"cfbd_returning+247_talent+transfer_portal+prior_player_ppa+week1_polls","2026-08-31 23:27:28 UTC"
"Florida",2022,0.31,0.131,0.302,0.916030534351145,0,0.200307692307692,0.63206106870229,9,18,8,0.32,0.778625954198473,77.9919383259912,0.860863952856174,3,2,0.666666666666667,0.543480916030534,0.60088303909361,0.60088303909361,TRUE,-0.24157369348209,"cfbd_returning+247_talent+transfer_portal+prior_player_ppa+week1_polls","2026-08-31 23:27:28 UTC"
"Florida Atlantic",2022,0.825,1.081,0.746,0.465648854961832,0,0.368076923076923,0.0814885496183206,12,12,6,0.227727272727273,0.595419847328244,3.49374008810573,-0.455353473503096,3,2,0.666666666666667,0.151236641221374,-0.115659782269786,0,FALSE,-0.0415736934820904,"cfbd_returning+247_talent+transfer_portal+prior_player_ppa+week1_polls","2026-08-31 23:27:28 UTC"
"Florida International",2022,0.444,0.153,0.372,0.312977099236641,0,0.0853846153846154,0.174015267175573,11,17,6,0.223636363636364,0.580152671755725,69.3239074889868,0.754778861325641,4,3,0.75,0.364335877862595,0.474001124912503,0.474001124912503,FALSE,0.212272460364063,"cfbd_returning+247_talent+transfer_portal+prior_player_ppa+week1_polls","2026-08-31 23:27:28 UTC"
"Florida State",2022,0.738,0.758,0.598,0.870229007633588,0,0.510923076923077,0.228,13,28,12,0.475454545454546,0.916030534351145,61.17640969163,0.680507450161538,5,4,0.8,0.36824427480916,0.273563994964938,0.273563994964938,FALSE,-0.287727539635937,"cfbd_returning+247_talent+transfer_portal+prior_player_ppa+week1_polls","2026-08-31 23:27:28 UTC"
"Fresno State",2022,0.86,0.986,0.791,0.412213740458015,0,0.694615384615385,0.0577099236641221,12,16,7,0.274545454545455,0.713740458015267,185.346986784141,2.07304664308555,4,2,0.5,0.149171755725191,0.433266748404879,0.433266748404879,FALSE,-0.403112155020552,"cfbd_returning+247_talent+transfer_portal+prior_player_ppa+week1_polls","2026-08-31 23:27:28 UTC"
"Georgia",2022,0.683,0.768,0.63,0.99236641221374,0.936407612187378,0.683,0.314580152671756,1,14,0,0,0,0,-1.04135693056116,0,0,1,0,-0.385302064307631,0,FALSE,-0.0152671755725191,"cfbd_returning+247_talent+transfer_portal+prior_player_ppa+week1_polls","2026-08-31 23:27:28 UTC"
"Georgia Southern",2022,0.695,0.114,0.403,0.183206106870229,0,0.203153846153846,0.0558778625954199,11,18,2,0.075,0.198473282442748,91.2078215859031,1.00899486005924,5,3,0.6,0.118488549618321,0.602369931455365,0.602369931455365,TRUE,0.112272460364063,"cfbd_returning+247_talent+transfer_portal+prior_player_ppa+week1_polls","2026-08-31 23:27:28 UTC"
"Georgia State",2022,0.841,0.957,0.79,0.351145038167939,0,0.478723076923077,0.0558320610687023,4,15,1,0.0359090909090909,0.0572519083969466,26.0837599118943,0.231670567619615,2,1,0.5,0.0120229007633588,0.0486508192001191,0.0486508192001191,FALSE,-0.164650616559013,"cfbd_returning+247_talent+transfer_portal+prior_player_ppa+week1_polls","2026-08-31 23:27:28 UTC"
"Georgia Tech",2022,0.629,0.829,0.407,0.778625954198473,0,0.0677384615384615,0.288870229007634,18,17,12,0.471818181818182,0.908396946564885,83.6799559471366,0.917694885657883,6,5,0.833333333333333,0.538679389312977,0.544193067195125,0.544193067195125,TRUE,0.296887844979448,"cfbd_returning+247_talent+transfer_portal+prior_player_ppa+week1_polls","2026-08-31 23:27:28 UTC"
"Hawai'i",2022,0.228,0.111,0.278,0.221374045801527,0,0.0613846153846154,0.170900763358779,13,22,4,0.150909090909091,0.408396946564886,-0.276814977973568,-1.82037254798458,5,2,0.4,0.294862595419847,-1.31430897964487,0,FALSE,0.135349383440987,"cfbd_returning+247_talent+transfer_portal+prior_player_ppa+week1_polls","2026-08-31 23:27:28 UTC"
"Houston",2022,0.77,1.017,0.834,0.564885496183206,0.162613273806453,0.728538461538462,0.129923664122137,11,23,6,0.233181818181818,0.629770992366412,4.92670264317181,-0.392543754783527,6,3,0.5,0.104541984732824,-0.0651622632940654,0,FALSE,-0.121726365237816,"cfbd_returning+247_talent+transfer_portal+prior_player_ppa+week1_polls","2026-08-31 23:27:28 UTC"
"Illinois",2022,0.55,-0.075,0.694,0.580152671755725,0,0.190384615384615,0.261068702290076,8,23,3,0.114090909090909,0.33587786259542,27.3942907488987,0.251371736169989,3,3,1,0.102778625954198,0.0769197512680165,0.0769197512680165,FALSE,0.0584263065179096,"cfbd_returning+247_talent+transfer_portal+prior_player_ppa+week1_polls","2026-08-31 23:27:28 UTC"
"Indiana",2022,0.245,0.354,0.377,0.725190839694656,0,0.0226153846153846,0.547519083969466,13,34,10,0.385909090909091,0.847328244274809,92.5980881057269,1.07484808510358,4,3,0.75,0.527885496183206,0.669630357019528,0.669630357019528,TRUE,0.312272460364063,"cfbd_returning+247_talent+transfer_portal+prior_player_ppa+week1_polls","2026-08-31 23:27:28 UTC"
"Iowa",2022,0.919,1.009,0.648,0.732824427480916,0,0.3676,0.0593587786259542,1,7,1,0.0395454545454545,0.122137404580153,0,-1.04135693056116,1,0,0,0.0429923664122137,-0.36655763955753,0,FALSE,0.00458015267175571,"cfbd_returning+247_talent+transfer_portal+prior_player_ppa+week1_polls","2026-08-31 23:27:28 UTC"
"Iowa State",2022,0.31,0.028,0.222,0.519083969465649,0,0.279,0.358167938931298,4,21,2,0.0768181818181818,0.221374045801527,3.10407268722467,-0.498231885804843,2,1,0.5,0.172229007633588,-0.387624407156168,0,FALSE,-0.495419847328244,"cfbd_returning+247_talent+transfer_portal+prior_player_ppa+week1_polls","2026-08-31 23:27:28 UTC"
"James Madison",2022,,,,0.0305343511450382,0,,,5,3,2,0.0736363636363636,0.179389312977099,137.837755506608,1.45728339706895,3,1,0.333333333333333,,,,,,"cfbd_returning+247_talent+transfer_portal+prior_player_ppa+week1_polls","2026-08-31 23:27:28 UTC"
"Kansas",2022,0.727,0.913,0.722,0.480916030534351,0,0.0111846153846154,0.131290076335878,15,23,12,0.468181818181818,0.900763358778626,18.8013920704846,0.11506077980113,3,2,0.666666666666667,0.250412213740458,0.0319868967847141,0.0319868967847141,FALSE,0.38919553728714,"cfbd_returning+247_talent+transfer_portal+prior_player_ppa+week1_polls","2026-08-31 23:27:28 UTC"
"Kansas State",2022,0.541,0.133,0.585,0.50381679389313,0,0.282984615384615,0.231251908396947,7,17,6,0.233636363636364,0.641221374045801,159.311039647577,1.57826903349066,2,2,1,0.266106870229008,0.654981648898626,0.654981648898626,TRUE,-0.118496770405167,"cfbd_returning+247_talent+transfer_portal+prior_player_ppa+week1_polls","2026-08-31 23:27:28 UTC"
"Kent State",2022,0.458,0.039,0.49,0.152671755725191,0,0.267753846153846,0.0827480916030534,4,7,4,0.147727272727273,0.393129770992366,0,-1.04135693056116,0,0,1,0.200496183206107,-0.531092034586193,0,FALSE,-0.180035231943629,"cfbd_returning+247_talent+transfer_portal+prior_player_ppa+week1_polls","2026-08-31 23:27:28 UTC"
"Kentucky",2022,0.621,1.001,0.642,0.801526717557252,0.214019690141329,0.334384615384615,0.303778625954198,9,19,6,0.240454545454545,0.679389312977099,30.4668634361233,0.351529907110357,4,1,0.25,0.243221374045802,0.125847706745508,0.125847706745508,FALSE,0.32413388138579,"cfbd_returning+247_talent+transfer_portal+prior_player_ppa+week1_polls","2026-08-31 23:27:28 UTC"
"LSU",2022,0.484,0.128,0.287,0.946564885496183,0,0.264338461538462,0.488427480916031,16,19,15,0.601818181818182,0.984732824427481,153.70304185022,1.51500557469776,3,3,1,0.702114503816794,1.08019897475951,1.08019897475951,TRUE,-0.14157369348209,"cfbd_returning+247_talent+transfer_portal+prior_player_ppa+week1_polls","2026-08-31 23:27:28 UTC"
"Liberty",2022,0.36,0.112,0.255,0.0381679389312977,0,0.310153846153846,0.0244274809160305,13,10,7,0.265,0.694656488549618,14.3009162995595,-0.0382784797824605,5,2,0.4,0.517519083969466,-0.0285174674379331,0,FALSE,-0.456958308866706,"cfbd_returning+247_talent+transfer_portal+prior_player_ppa+week1_polls","2026-08-31 23:27:28 UTC"
"Louisiana",2022,0.363,0.22,0.28,0.305343511450382,0,0.262476923076923,0.194503816793893,2,14,1,0.0368181818181818,0.0954198473282443,0,-1.04135693056116,1,0,0,0.0687022900763359,-0.749776990004038,0,FALSE,-0.318496770405167,"cfbd_returning+247_talent+transfer_portal+prior_player_ppa+week1_polls","2026-08-31 23:27:28 UTC"
"Louisiana Tech",2022,0.322,0.007,0.269,0.358778625954198,0,0.0767846153846154,0.243251908396947,9,11,3,0.110909090909091,0.305343511450382,7.70469603524229,-0.251371736169989,2,1,0.5,0.223206106870229,-0.183752739140262,0,FALSE,0.166118614210217,"cfbd_returning+247_talent+transfer_portal+prior_player_ppa+week1_polls","2026-08-31 23:27:28 UTC"
"Louisville",2022,0.641,0.697,0.653,0.549618320610687,0,0.433907692307692,0.197312977099237,13,18,10,0.397727272727273,0.854961832061069,42.2299647577092,0.564345408322312,3,3,1,0.296671755725191,0.195827856687842,0.195827856687842,FALSE,-0.272342924251321,"cfbd_returning+247_talent+transfer_portal+prior_player_ppa+week1_polls","2026-08-31 23:27:28 UTC"
"Marshall",2022,0.506,0.013,0.408,0.282442748091603,0,0.307492307692308,0.139526717557252,13,14,6,0.227727272727273,0.595419847328244,35.9561431718062,0.455353473503096,4,1,0.25,0.352488549618321,0.269569256313833,0.269569256313833,FALSE,-0.203112155020552,"cfbd_returning+247_talent+transfer_portal+prior_player_ppa+week1_polls","2026-08-31 23:27:28 UTC"
"Maryland",2022,0.711,0.901,0.676,0.717557251908397,0,0.399253846153846,0.207374045801527,6,27,2,0.0781818181818182,0.255725190839695,31.6975484581498,0.371958612874834,2,1,0.5,0.082854961832061,0.120514590571446,0.120514590571446,FALSE,-0.156958308866706,"cfbd_returning+247_talent+transfer_portal+prior_player_ppa+week1_polls","2026-08-31 23:27:28 UTC"
"Massachusetts",2022,0.781,0.018,0.848,0.0763358778625954,0,0.0180230769230769,0.0167175572519084,19,15,12,0.445,0.893129770992366,6.63667400881057,-0.311099224290694,3,3,1,0.13575572519084,-0.0472870820921854,0,FALSE,0.381503229594833,"cfbd_returning+247_talent+transfer_portal+prior_player_ppa+week1_polls","2026-08-31 23:27:28 UTC"
"Memphis",2022,0.753,1.077,0.797,0.450381679389313,0,0.266446153846154,0.11124427480916,11,21,5,0.195454545454545,0.519083969465649,2.58730176211454,-0.542046809708387,3,2,0.666666666666667,0.105374045801527,-0.110035502370802,0,FALSE,0.0507339988256019,"cfbd_returning+247_talent+transfer_portal+prior_player_ppa+week1_polls","2026-08-31 23:27:28 UTC"
"Miami",2022,0.678,0.848,0.589,0.908396946564885,0.284476505797149,0.401584615384615,0.292503816793893,11,17,11,0.44,0.885496183206107,16.9817511013216,0.0574352633248712,2,2,1,0.36393893129771,0.023605893226522,0.023605893226522,FALSE,0.293188490898415,"cfbd_returning+247_talent+transfer_portal+prior_player_ppa+week1_polls","2026-08-31 23:27:28 UTC"
"Miami (OH)",2022,0.655,0.703,0.737,0.16030534351145,0,0.403076923076923,0.0553053435114504,8,17,4,0.153636363636364,0.438931297709924,20.7122775330396,0.153679314786282,3,2,0.666666666666667,0.11543893129771,0.0404176597887922,0.0404176597887922,FALSE,-0.21080446271286,"cfbd_returning+247_talent+transfer_portal+prior_player_ppa+week1_polls","2026-08-31 23:27:28 UTC"
"Michigan",2022,0.78,1.008,0.741,0.900763358778626,0.761088600946365,0.648,0.198167938931298,3,12,3,0.122727272727273,0.381679389312977,0,-1.04135693056116,0,0,1,0.0988549618320611,-0.269711445015341,0,FALSE,0.131062830299472,"cfbd_returning+247_talent+transfer_portal+prior_player_ppa+week1_polls","2026-08-31 23:27:28 UTC"
"Michigan State",2022,0.711,0.976,0.644,0.748091603053435,0.419032969575324,0.344561538461538,0.216198473282443,9,23,7,0.283181818181818,0.740458015267176,22.9611211453744,0.212058918982818,3,3,1,0.263603053435114,0.0754929751578833,0.0754929751578833,FALSE,0.416147974163241,"cfbd_returning+247_talent+transfer_portal+prior_player_ppa+week1_polls","2026-08-31 23:27:28 UTC"
"Middle Tennessee",2022,0.714,0.87,0.604,0.229007633587786,0,0.258138461538462,0.0654961832061069,10,18,4,0.150909090909091,0.408396946564886,8.5230154185022,-0.231670567619614,6,1,0.166666666666667,0.161725190839695,-0.0917415447773673,0,FALSE,0.0430416911332942,"cfbd_returning+247_talent+transfer_portal+prior_player_ppa+week1_polls","2026-08-31 23:27:28 UTC"
"Minnesota",2022,0.866,1,0.674,0.625954198473282,0,0.552907692307692,0.0838778625954199,8,23,6,0.234090909090909,0.652671755725191,0,-1.04135693056116,0,0,1,0.212770992366412,-0.339482359362939,0,FALSE,-0.233881385789783,"cfbd_returning+247_talent+transfer_portal+prior_player_ppa+week1_polls","2026-08-31 23:27:28 UTC"
"Mississippi",2022,0.032,-0.16,0.107,0.83206106870229,0.203509475372473,0.0192,0.805435114503817,17,23,16,0.650909090909091,0.99236641221374,175.827165198238,1.72810464073818,9,7,0.777777777777778,0.88618320610687,1.54319744417919,1.54319744417919,TRUE,0.23969465648855,"cfbd_returning+247_talent+transfer_portal+prior_player_ppa+week1_polls","2026-08-31 23:27:28 UTC"
"Mississippi State",2022,0.415,0.067,0.401,0.786259541984733,0,0.309653846153846,0.459961832061069,10,24,5,0.199545454545455,0.564885496183206,-0.447,-2.07304664308555,2,1,0.5,0.33836641221374,-1.24175493920824,0,FALSE,-0.34157369348209,"cfbd_returning+247_talent+transfer_portal+prior_player_ppa+week1_polls","2026-08-31 23:27:28 UTC"
"Missouri",2022,0.34,0.119,0.299,0.770992366412214,0,0.0706153846153846,0.508854961832061,12,17,11,0.428636363636364,0.877862595419847,14.6792444933921,0.0191357347600084,3,2,0.666666666666667,0.615381679389313,0.0134141500667659,0.0134141500667659,FALSE,0.196887844979448,"cfbd_returning+247_talent+transfer_portal+prior_player_ppa+week1_polls","2026-08-31 23:27:28 UTC"
"Navy",2022,0.235,3.889,0.472,0.0114503816793893,0,0.0614615384615385,0.00875954198473282,0,4,0,0,0,0,-1.04135693056116,0,0,1,0,-0.549836459336294,0,FALSE,0.143041691133294,"cfbd_returning+247_talent+transfer_portal+prior_player_ppa+week1_polls","2026-08-31 23:27:28 UTC"
"Nebraska",2022,0.167,0.1,0.227,0.824427480916031,0,0.111761538461538,0.686748091603053,15,20,14,0.549090909090909,0.938931297709924,174.2759030837,1.64856569663712,5,4,0.8,0.725793893129771,1.27434128350049,1.27434128350049,TRUE,-0.264650616559013,"cfbd_returning+247_talent+transfer_portal+prior_player_ppa+week1_polls","2026-08-31 23:27:28 UTC"
"Nevada",2022,0.074,0,0.287,0.206106870229008,0,0.0375692307692308,0.190854961832061,16,19,1,0.0404545454545455,0.133587786259542,9.16724008810573,-0.212058918982818,7,2,0.285714285714286,0.0952480916030534,-0.151198009234749,0,FALSE,-0.103112155020552,"cfbd_returning+247_talent+transfer_portal+prior_player_ppa+week1_polls","2026-08-31 23:27:28 UTC"
"New Mexico",2022,0.312,-10.917,0.344,0.083969465648855,0,0.012,0.0577709923664122,7,12,2,0.0745454545454546,0.190839694656489,5.93249779735683,-0.351529907110357,3,2,0.666666666666667,0.125190839694656,-0.230603619064394,0,FALSE,0.366118614210217,"cfbd_returning+247_talent+transfer_portal+prior_player_ppa+week1_polls","2026-08-31 23:27:28 UTC"
"New Mexico State",2022,0.258,0.296,0.287,0.0458015267175573,0,0.00793846153846154,0.0339847328244275,9,16,7,0.274545454545455,0.713740458015267,11.0164383259912,-0.0958192579061167,3,2,0.666666666666667,0.508896946564886,-0.0683191308870612,0,FALSE,0.373810921902525,"cfbd_returning+247_talent+transfer_portal+prior_player_ppa+week1_polls","2026-08-31 23:27:28 UTC"
"North Carolina",2022,0.447,0.26,0.356,0.885496183206107,0,0.189115384615385,0.489679389312977,5,16,5,0.198636363636364,0.557251908396947,0,-1.04135693056116,0,0,1,0.358870229007634,-0.670633863281389,0,FALSE,-0.0184967704051673,"cfbd_returning+247_talent+transfer_portal+prior_player_ppa+week1_polls","2026-08-31 23:27:28 UTC"
"North Carolina State",2022,0.695,0.938,0.62,0.740458015267176,0.462256393902872,0.609461538461538,0.225839694656489,2,8,2,0.0786363636363636,0.267175572519084,20.4862290748899,0.134344999867592,1,1,1,0.101526717557252,0.0510510999496849,0.0510510999496849,FALSE,0.0314738696418085,"cfbd_returning+247_talent+transfer_portal+prior_player_ppa+week1_polls","2026-08-31 23:27:28 UTC"
"North Texas",2022,0.782,0.966,0.747,0.419847328244275,0,0.240615384615385,0.0915267175572519,10,22,7,0.264545454545455,0.687022900763359,0,-1.04135693056116,4,0,0,0.17381679389313,-0.263463303431974,0,FALSE,0.096887844979448,"cfbd_returning+247_talent+transfer_portal+prior_player_ppa+week1_polls","2026-08-31 23:27:28 UTC"
"Northern Illinois",2022,0.813,0.992,0.763,0.175572519083969,0,0.187615384615385,0.0328320610687023,3,5,1,0.0363636363636364,0.0763358778625954,4.11911894273128,-0.434229025736135,1,1,1,0.0180916030534351,-0.102912279099464,0,FALSE,0.173810921902525,"cfbd_returning+247_talent+transfer_portal+prior_player_ppa+week1_polls","2026-08-31 23:27:28 UTC"
"Northwestern",2022,0.367,0.3,0.411,0.656488549618321,0,0.0790461538461538,0.415557251908397,6,9,5,0.186363636363636,0.488549618320611,6.66656828193832,-0.291077083187175,1,1,1,0.28775572519084,-0.171444401997246,0,FALSE,0.18919553728714,"cfbd_returning+247_talent+transfer_portal+prior_player_ppa+week1_polls","2026-08-31 23:27:28 UTC"
"Notre Dame",2022,0.418,0.223,0.402,0.931297709923664,0.789452580931077,0.382630769230769,0.542015267175573,4,14,2,0.0822727272727273,0.290076335877863,0,-1.04135693056116,0,0,1,0.173465648854962,-0.622731444475576,0,FALSE,0.0540810334703464,"cfbd_returning+247_talent+transfer_portal+prior_player_ppa+week1_polls","2026-08-31 23:27:28 UTC"
"Ohio",2022,0.42,0.701,0.528,0.106870229007634,0,0.103384615384615,0.0619847328244275,3,12,1,0.0368181818181818,0.0954198473282443,15.9136519823789,0.0382784797824605,2,2,1,0.0450381679389313,0.0180674424573214,0.0180674424573214,FALSE,0.15842630651791,"cfbd_returning+247_talent+transfer_portal+prior_player_ppa+week1_polls","2026-08-31 23:27:28 UTC"
"Ohio State",2022,0.747,0.875,0.743,0.984732824427481,0.959423083236024,0.741253846153846,0.249137404580153,3,20,2,0.0827272727272727,0.297709923664122,0,-1.04135693056116,0,0,1,0.0765114503816794,-0.267628731154219,0,FALSE,5.87199060481103e-05,"cfbd_returning+247_talent+transfer_portal+prior_player_ppa+week1_polls","2026-08-31 23:27:28 UTC"
"Oklahoma",2022,0.277,0.085,0.211,0.938931297709924,0.619495756677625,0.1939,0.678847328244275,16,18,15,0.6,0.977099236641221,66.2546123348018,0.729576886082273,6,5,0.833333333333333,0.770931297709924,0.575636163118913,0.575636163118913,TRUE,0.238931297709924,"cfbd_returning+247_talent+transfer_portal+prior_player_ppa+week1_polls","2026-08-31 23:27:28 UTC"
"Oklahoma State",2022,0.903,0.899,0.66,0.709923664122137,0.522749726048169,0.805753846153846,0.0688625954198473,5,16,3,0.116363636363636,0.366412213740458,0,-1.04135693056116,1,0,0,0.124580152671756,-0.354061356390796,0,FALSE,0.0313564298297122,"cfbd_returning+247_talent+transfer_portal+prior_player_ppa+week1_polls","2026-08-31 23:27:28 UTC"
"Old Dominion",2022,0.787,0.936,0.914,0.244274809160305,0,0.345069230769231,0.052030534351145,3,10,1,0.0363636363636364,0.0763358778625954,0,-1.04135693056116,2,0,0,0.0065648854961832,-0.08955669602826,0,FALSE,-0.0338813857897827,"cfbd_returning+247_talent+transfer_portal+prior_player_ppa+week1_polls","2026-08-31 23:27:28 UTC"
"Oregon",2022,0.163,0.077,0.169,0.954198473282443,0.489927873680459,0.107830769230769,0.798664122137405,12,19,9,0.357272727272727,0.816793893129771,137.310099118943,1.40404535721729,5,4,0.8,0.67875572519084,1.16676169184757,1.16676169184757,TRUE,0.254492072812683,"cfbd_returning+247_talent+transfer_portal+prior_player_ppa+week1_polls","2026-08-31 23:27:28 UTC"
"Oregon State",2022,0.698,0.934,0.641,0.595419847328244,0,0.536923076923077,0.17981679389313,2,10,1,0.0390909090909091,0.114503816793893,0,-1.04135693056116,1,0,0,0.0411068702290076,-0.373847138071458,0,FALSE,-0.364650616559014,"cfbd_returning+247_talent+transfer_portal+prior_player_ppa+week1_polls","2026-08-31 23:27:28 UTC"
"Penn State",2022,0.761,0.914,0.692,0.893129770992366,0,0.544407692307692,0.213458015267176,3,14,2,0.0809090909090909,0.274809160305344,69.916077092511,0.780469618181239,1,1,1,0.0846412213740458,0.240384642399822,0.240384642399822,FALSE,-0.31080446271286,"cfbd_returning+247_talent+transfer_portal+prior_player_ppa+week1_polls","2026-08-31 23:27:28 UTC"
"Pittsburgh",2022,0.288,0.104,0.387,0.66412213740458,0.259984977591444,0.254769230769231,0.472854961832061,7,17,5,0.198181818181818,0.541984732824427,92.3971013215859,1.04135693056116,5,4,0.8,0.332236641221374,0.638351798433993,0.638351798433993,TRUE,-0.00675278919553723,"cfbd_returning+247_talent+transfer_portal+prior_player_ppa+week1_polls","2026-08-31 23:27:28 UTC"
"Purdue",2022,0.601,0.834,0.603,0.618320610687023,0,0.425323076923077,0.246709923664122,10,16,6,0.230454545454545,0.610687022900763,18.5288193832599,0.0958192579061166,5,3,0.6,0.242442748091603,0.0380402453887283,0.0380402453887283,FALSE,-0.303112155020552,"cfbd_returning+247_talent+transfer_portal+prior_player_ppa+week1_polls","2026-08-31 23:27:28 UTC"
"Rice",2022,0.355,0.117,0.389,0.251908396946565,0,0.0409615384615385,0.162480916030534,7,15,3,0.114545454545455,0.343511450381679,41.0430660792952,0.542046809708387,3,3,1,0.209885496183206,0.331190600731824,0.331190600731824,FALSE,0.28919553728714,"cfbd_returning+247_talent+transfer_portal+prior_player_ppa+week1_polls","2026-08-31 23:27:28 UTC"
"Rutgers",2022,0.646,0.936,0.709,0.587786259541985,0,0.0795076923076923,0.208076335877863,7,21,7,0.276818181818182,0.732824427480916,28.6667753303965,0.311099224290694,2,2,1,0.213251908396947,0.0905298742685918,0.0905298742685918,FALSE,0.281503229594833,"cfbd_returning+247_talent+transfer_portal+prior_player_ppa+week1_polls","2026-08-31 23:27:28 UTC"
"SMU",2022,0.69,0.984,0.743,0.526717557251908,0,0.429923076923077,0.163282442748092,16,15,15,0.590909090909091,0.969465648854962,49.0089647577093,0.633024632738729,6,2,0.333333333333333,0.249152671755725,0.162687330613853,0.162687330613853,FALSE,-0.218496770405167,"cfbd_returning+247_talent+transfer_portal+prior_player_ppa+week1_polls","2026-08-31 23:27:28 UTC"
"San Diego State",2022,0.335,0.03,0.242,0.137404580152672,0,0.1675,0.0913740458015267,6,9,2,0.0777272727272727,0.244274809160305,100.088577092511,1.14572635129807,3,2,0.666666666666667,0.185160305343511,0.868460574283936,0.868460574283936,TRUE,-0.0954198473282443,"cfbd_returning+247_talent+transfer_portal+prior_player_ppa+week1_polls","2026-08-31 23:27:28 UTC"
"San Jose State",2022,0.549,0.357,0.483,0.213740458015267,0,0.211153846153846,0.0963969465648855,8,12,4,0.153636363636364,0.438931297709924,119.183068281938,1.30809911190241,3,3,1,0.226927480916031,0.676287240853548,0.676287240853548,TRUE,0.0199647680563711,"cfbd_returning+247_talent+transfer_portal+prior_player_ppa+week1_polls","2026-08-31 23:27:28 UTC"
"South Alabama",2022,0.324,0.165,0.503,0.33587786259542,0,0.122123076923077,0.227053435114504,15,10,15,0.561818181818182,0.954198473282443,13.7156651982379,-0.057435263324871,5,2,0.4,0.474236641221374,-0.0285453258724609,0,FALSE,0.0276570757486788,"cfbd_returning+247_talent+transfer_portal+prior_player_ppa+week1_polls","2026-08-31 23:27:28 UTC"
"South Carolina",2022,0.652,0.438,0.548,0.854961832061069,0,0.1956,0.297526717557252,10,21,9,0.365909090909091,0.83206106870229,113.12613215859,1.22288258840964,8,4,0.5,0.376091603053435,0.552742929961157,0.552742929961157,TRUE,0.104580152671756,"cfbd_returning+247_talent+transfer_portal+prior_player_ppa+week1_polls","2026-08-31 23:27:28 UTC"
"South Florida",2022,0.497,-0.127,0.38,0.488549618320611,0,0.0726384615384615,0.245740458015267,16,22,15,0.563636363636364,0.961832061068702,4.52997797356828,-0.41329661040316,5,4,0.8,0.596335877862595,-0.256243898449959,0,FALSE,0.25842630651791,"cfbd_returning+247_talent+transfer_portal+prior_player_ppa+week1_polls","2026-08-31 23:27:28 UTC"
"Southern California",2022,0.218,0.016,0.15,0.923664122137405,0.411222020568663,0.0603692307692308,0.72230534351145,20,27,19,0.777272727272727,1,373.731121145374,2.66786079954265,7,7,1,0.85,2.26768167961126,2.26768167961126,TRUE,0.61620669406929,"cfbd_returning+247_talent+transfer_portal+prior_player_ppa+week1_polls","2026-08-31 23:27:28 UTC"
"Southern Miss",2022,0.778,0.926,0.877,0.366412213740458,0,0.101738461538462,0.0813435114503817,11,15,10,0.382272727272727,0.83969465648855,0,-1.04135693056116,1,0,0,0.103282442748092,-0.128086902459023,0,FALSE,0.273810921902525,"cfbd_returning+247_talent+transfer_portal+prior_player_ppa+week1_polls","2026-08-31 23:27:28 UTC"
"Stanford",2022,0.851,0.98,0.678,0.83969465648855,0,0.0392769230769231,0.125114503816794,1,9,1,0.0404545454545455,0.133587786259542,0,-1.04135693056116,0,0,1,0.0430152671755725,-0.335316931640695,0,FALSE,0.35842630651791,"cfbd_returning+247_talent+transfer_portal+prior_player_ppa+week1_polls","2026-08-31 23:27:28 UTC"
"Syracuse",2022,0.677,0.64,0.766,0.511450381679389,0,0.229138461538462,0.165198473282443,9,18,7,0.270909090909091,0.702290076335878,1.80351762114537,-0.586928231282554,5,1,0.2,0.164335877862595,-0.137341206120118,0,FALSE,0.0661186142102173,"cfbd_returning+247_talent+transfer_portal+prior_player_ppa+week1_polls","2026-08-31 23:27:28 UTC"
"TCU",2022,0.847,0.974,0.826,0.763358778625954,0,0.403953846153846,0.116793893129771,14,17,14,0.552272727272727,0.946564885496183,39.8514008810573,0.520014548401204,3,2,0.666666666666667,0.164702290076336,0.0904825314218095,0.0904825314218095,FALSE,-0.0723429242513212,"cfbd_returning+247_talent+transfer_portal+prior_player_ppa+week1_polls","2026-08-31 23:27:28 UTC"
"Temple",2022,0.71,1.416,0.543,0.427480916030534,0,0.114692307692308,0.123969465648855,12,18,9,0.340909090909091,0.801526717557252,18.3041497797357,0.0766131497547957,6,2,0.333333333333333,0.366297709923664,0.0350122094379416,0.0350122094379416,FALSE,0.243041691133294,"cfbd_returning+247_talent+transfer_portal+prior_player_ppa+week1_polls","2026-08-31 23:27:28 UTC"
"Tennessee",2022,0.763,1.018,0.806,0.862595419847328,0,0.692569230769231,0.204435114503817,8,22,5,0.197727272727273,0.526717557251908,0,-1.04135693056116,4,0,0,0.10218320610687,-0.202023244528866,0,FALSE,-0.503112155020552,"cfbd_returning+247_talent+transfer_portal+prior_player_ppa+week1_polls","2026-08-31 23:27:28 UTC"
"Texas",2022,0.565,0.262,0.601,0.961832061068702,0.117197062423501,0.438961538461538,0.418396946564886,7,23,7,0.289545454545455,0.748091603053435,78.6813634361233,0.888920510571664,5,4,0.8,0.298488549618321,0.354679283718094,0.354679283718094,FALSE,0.0398708162066941,"cfbd_returning+247_talent+transfer_portal+prior_player_ppa+week1_polls","2026-08-31 23:27:28 UTC"
"Texas A&M",2022,0.481,0.308,0.338,0.977099236641221,0.759984195988501,0.4588,0.507114503816794,2,13,1,0.0418181818181818,0.145038167938931,116.06186784141,1.26434320020962,1,1,1,0.0960152671755725,0.836995198538767,0.836995198538767,TRUE,0.000352319436288884,"cfbd_returning+247_talent+transfer_portal+prior_player_ppa+week1_polls","2026-08-31 23:27:28 UTC"
"Texas State",2022,0.543,0.066,0.422,0.32824427480916,0,0.0459461538461539,0.150007633587786,15,8,5,0.185,0.480916030534351,70.2952907488987,0.833469215500707,7,2,0.285714285714286,0.277969465648855,0.481745206559408,0.481745206559408,FALSE,0.319964768056371,"cfbd_returning+247_talent+transfer_portal+prior_player_ppa+week1_polls","2026-08-31 23:27:28 UTC"
"Texas Tech",2022,0.565,0.669,0.664,0.67175572519084,0,0.208615384615385,0.292213740458015,14,8,11,0.424545454545455,0.870229007633588,1.51602422907489,-0.609814443154744,3,1,0.333333333333333,0.292396946564885,-0.204897652899994,0,FALSE,0.0353493834409865,"cfbd_returning+247_talent+transfer_portal+prior_player_ppa+week1_polls","2026-08-31 23:27:28 UTC"
"Toledo",2022,0.533,0.819,0.533,0.404580152671756,0,0.4961,0.18893893129771,7,17,3,0.113181818181818,0.32824427480916,7.5437973568282,-0.271170966548237,3,2,0.666666666666667,0.153290076335878,-0.126636841378026,0,FALSE,-0.526189078097475,"cfbd_returning+247_talent+transfer_portal+prior_player_ppa+week1_polls","2026-08-31 23:27:28 UTC"
"Troy",2022,0.675,0.548,0.642,0.320610687022901,0,0.212884615384615,0.104198473282443,5,13,1,0.0381818181818182,0.106870229007634,0,-1.04135693056116,2,0,0,0.0382595419847328,-0.372805781140897,0,FALSE,0.0891955372871404,"cfbd_returning+247_talent+transfer_portal+prior_player_ppa+week1_polls","2026-08-31 23:27:28 UTC"
"Tulane",2022,0.863,0.996,0.864,0.442748091603053,0,0.404946153846154,0.0606564885496183,9,10,6,0.233181818181818,0.629770992366412,1.89246696035242,-0.564345408322312,3,1,0.333333333333333,0.0856488549618321,-0.0767509755318344,0,FALSE,-0.0646506165590135,"cfbd_returning+247_talent+transfer_portal+prior_player_ppa+week1_polls","2026-08-31 23:27:28 UTC"
"Tulsa",2022,0.587,1,0.654,0.374045801526718,0,0.243830769230769,0.154480916030534,7,6,3,0.115454545454545,0.351145038167939,10.4077202643172,-0.134344999867592,2,1,0.5,0.121496183206107,-0.0464833699541868,0,FALSE,-0.0108044627128597,"cfbd_returning+247_talent+transfer_portal+prior_player_ppa+week1_polls","2026-08-31 23:27:28 UTC"
"UAB",2022,0.809,0.919,0.776,0.259541984732824,0,0.634753846153846,0.0495725190839695,2,10,2,0.0781818181818182,0.255725190839695,0,-1.04135693056116,1,0,0,0.0572824427480916,-0.233263952445701,0,FALSE,-0.380035231943629,"cfbd_returning+247_talent+transfer_portal+prior_player_ppa+week1_polls","2026-08-31 23:27:28 UTC"
"UCF",2022,0.637,0.685,0.799,0.603053435114504,0,0.4018,0.218908396946565,14,24,9,0.363181818181818,0.824427480916031,70.211691629956,0.806686145327953,6,4,0.666666666666667,0.165709923664122,0.162143915210919,0.162143915210919,FALSE,-0.226189078097475,"cfbd_returning+247_talent+transfer_portal+prior_player_ppa+week1_polls","2026-08-31 23:27:28 UTC"
"UCLA",2022,0.615,1,0.751,0.793893129770992,0,0.449423076923077,0.305648854961832,13,21,12,0.482272727272727,0.923664122137405,37.9595440528634,0.498231885804843,2,2,1,0.229992366412214,0.124059739565406,0.124059739565406,FALSE,-0.326189078097475,"cfbd_returning+247_talent+transfer_portal+prior_player_ppa+week1_polls","2026-08-31 23:27:28 UTC"
"UL Monroe",2022,0.822,0.785,0.737,0.099236641221374,0,0.113815384615385,0.0176641221374046,7,19,2,0.0722727272727273,0.152671755725191,9.39482599118943,-0.173071254112864,3,2,0.666666666666667,0.0401526717557252,-0.0455177398316832,0,FALSE,0.266118614210217,"cfbd_returning+247_talent+transfer_portal+prior_player_ppa+week1_polls","2026-08-31 23:27:28 UTC"
"UNLV",2022,0.515,0.777,0.495,0.114503816793893,0,0.0396153846153846,0.0555343511450382,8,18,4,0.151818181818182,0.419847328244275,12.7519823788546,-0.0766131497547956,4,1,0.25,0.212022900763359,-0.0386896406261718,0,FALSE,0.327657075748679,"cfbd_returning+247_talent+transfer_portal+prior_player_ppa+week1_polls","2026-08-31 23:27:28 UTC"
"UTEP",2022,0.622,0.941,0.786,0.0610687022900763,0,0.406692307692308,0.0230839694656489,1,9,1,0.0359090909090909,0.0572519083969466,0,-1.04135693056116,0,0,1,0.0122519083969466,-0.222850383140089,0,FALSE,-0.249266001174398,"cfbd_returning+247_talent+transfer_portal+prior_player_ppa+week1_polls","2026-08-31 23:27:28 UTC"
"UTSA",2022,0.823,0.987,0.637,0.435114503816794,0,0.620415384615385,0.0770152671755725,9,9,5,0.190454545454545,0.50381679389313,3.26383039647577,-0.476683117763079,2,2,1,0.182885496183206,-0.173035971747998,0,FALSE,-0.349266001174398,"cfbd_returning+247_talent+transfer_portal+prior_player_ppa+week1_polls","2026-08-31 23:27:28 UTC"
"Utah",2022,0.848,0.874,0.825,0.755725190839695,0.733016549660706,0.782769230769231,0.114870229007634,5,16,5,0.198181818181818,0.541984732824427,-0.126376651982379,-1.72810464073818,2,1,0.5,0.0948473282442748,-0.302418312129181,0,FALSE,0.0234879624192601,"cfbd_returning+247_talent+transfer_portal+prior_player_ppa+week1_polls","2026-08-31 23:27:28 UTC"
"Utah State",2022,0.273,0.394,0.368,0.129770992366412,0,0.2667,0.0943435114503817,8,18,6,0.231363636363636,0.618320610687023,83.8430220264317,0.947249906029708,3,2,0.666666666666667,0.390778625954198,0.598661940610775,0.598661940610775,TRUE,-0.572342924251321,"cfbd_returning+247_talent+transfer_portal+prior_player_ppa+week1_polls","2026-08-31 23:27:28 UTC"
"Vanderbilt",2022,0.641,0.981,0.83,0.572519083969466,0,0.0394461538461538,0.205534351145038,6,20,5,0.193636363636364,0.511450381679389,-0.790061674008811,-2.27508613296153,1,1,1,0.0869465648854962,-0.386764642603461,0,FALSE,0.343041691133294,"cfbd_returning+247_talent+transfer_portal+prior_player_ppa+week1_polls","2026-08-31 23:27:28 UTC"
"Virginia",2022,0.803,1,0.814,0.557251908396947,0,0.395323076923077,0.109778625954198,10,23,6,0.237727272727273,0.67175572519084,0.0250396475770925,-0.656580980463005,2,1,0.5,0.124946564885496,-0.122124062366119,0,FALSE,-0.0877275396359366,"cfbd_returning+247_talent+transfer_portal+prior_player_ppa+week1_polls","2026-08-31 23:27:28 UTC"
"Virginia Tech",2022,0.234,0.07,0.323,0.610687022900763,0,0.0774,0.467786259541985,5,17,4,0.156818181818182,0.450381679389313,125.187779735683,1.35451378313798,4,4,1,0.304908396946565,0.917005831184413,0.917005831184413,TRUE,0.073810921902525,"cfbd_returning+247_talent+transfer_portal+prior_player_ppa+week1_polls","2026-08-31 23:27:28 UTC"
"Wake Forest",2022,0.792,1.005,0.776,0.49618320610687,0.213328362338619,0.6336,0.103206106870229,4,10,2,0.0772727272727273,0.232824427480916,6.60388105726872,-0.331246875612425,1,1,1,0.0521526717557252,-0.0741993001371832,0,FALSE,0.0549618320610686,"cfbd_returning+247_talent+transfer_portal+prior_player_ppa+week1_polls","2026-08-31 23:27:28 UTC"
"Washington",2022,0.83,1.023,0.735,0.847328244274809,0,0.236230769230769,0.144045801526718,9,20,8,0.317727272727273,0.770992366412214,32.1542753303965,0.392543754783527,5,3,0.6,0.204312977099237,0.104024095017635,0.104024095017635,FALSE,0.119964768056371,"cfbd_returning+247_talent+transfer_portal+prior_player_ppa+week1_polls","2026-08-31 23:27:28 UTC"
"Washington State",2022,0.079,-0.008,0.088,0.473282442748092,0,0.0322076923076923,0.435893129770992,9,30,4,0.160454545454545,0.473282442748092,55.8130484581498,0.656580980463004,3,3,1,0.43163358778626,0.59880185418226,0.59880185418226,TRUE,-0.00311215502055195,"cfbd_returning+247_talent+transfer_portal+prior_player_ppa+week1_polls","2026-08-31 23:27:28 UTC"
"West Virginia",2022,0.186,-0.034,0.219,0.679389312977099,0,0.0858461538461538,0.553022900763359,11,25,6,0.235454545454545,0.66412213740458,35.678,0.434229025736134,3,1,0.333333333333333,0.518679389312977,0.339132869099921,0.339132869099921,FALSE,-0.0569583088667058,"cfbd_returning+247_talent+transfer_portal+prior_player_ppa+week1_polls","2026-08-31 23:27:28 UTC"
"Western Kentucky",2022,0.17,0,0.152,0.396946564885496,0,0.138615384615385,0.329465648854962,14,18,9,0.337727272727273,0.793893129770992,184.644839207048,1.93138778573393,8,6,0.75,0.673221374045802,1.63781684230237,1.63781684230237,TRUE,-0.41080446271286,"cfbd_returning+247_talent+transfer_portal+prior_player_ppa+week1_polls","2026-08-31 23:27:28 UTC"
"Western Michigan",2022,0.315,0.079,0.396,0.274809160305344,0,0.259269230769231,0.18824427480916,5,8,0,0,0,-0.358464757709251,-1.93138778573393,2,1,0.5,0,-1.16655822258329,0,FALSE,-0.418496770405167,"cfbd_returning+247_talent+transfer_portal+prior_player_ppa+week1_polls","2026-08-31 23:27:28 UTC"
"Wisconsin",2022,0.673,0.898,0.799,0.816793893129771,0.229452049441076,0.569461538461538,0.267091603053435,6,12,6,0.234090909090909,0.652671755725191,0,-1.04135693056116,1,0,0,0.131187022900763,-0.209312743042794,0,FALSE,0.0240751614797416,"cfbd_returning+247_talent+transfer_portal+prior_player_ppa+week1_polls","2026-08-31 23:27:28 UTC"
"Wyoming",2022,0.225,0,0.228,0.0687022900763359,0,0.129807692307692,0.0532442748091603,3,13,2,0.0731818181818182,0.16412213740458,35.9831497797357,0.476683117763079,1,1,1,0.126702290076336,0.367999366913097,0.367999366913097,FALSE,-0.172342924251321,"cfbd_returning+247_talent+transfer_portal+prior_player_ppa+week1_polls","2026-08-31 23:27:28 UTC"
"Air Force",2023,0.358,0.295,0.267,0.0150375939849624,0,0.349924812030075,0.00965413533834586,0,8,0,0,0,0,-1.10150554678709,0,0,1,0,-0.807403565794933,0,FALSE,-0.571428571428571,"cfbd_returning+247_talent+transfer_portal+prior_player_ppa+week1_polls","2026-08-31 23:27:28 UTC"
"Akron",2023,0.723,0.952,0.758,0.240601503759398,0,0.108721804511278,0.0666466165413534,4,12,1,0.0390909090909091,0.285714285714286,0.916171052631579,-0.791638607743375,2,1,0.5,0.0691428571428571,-0.191576543073897,0,FALSE,0.255639097744361,"cfbd_returning+247_talent+transfer_portal+prior_player_ppa+week1_polls","2026-08-31 23:27:28 UTC"
"Alabama",2023,0.396,0.133,0.388,1,0.897790998592223,0.369203007518797,0.604,5,21,5,0.204090909090909,0.541353383458647,33.5736513157895,0,2,2,1,0.331308270676692,0,0,FALSE,0.0526315789473685,"cfbd_returning+247_talent+transfer_portal+prior_player_ppa+week1_polls","2026-08-31 23:27:28 UTC"
"App State",2023,0.474,0.089,0.392,0.37593984962406,0,0.384902255639098,0.197744360902256,13,14,1,0.0381818181818182,0.24812030075188,19.9579649122807,-0.208822935409233,3,1,0.333333333333333,0.150857142857143,-0.126964344728813,0,FALSE,-0.406015037593985,"cfbd_returning+247_talent+transfer_portal+prior_player_ppa+week1_polls","2026-08-31 23:27:28 UTC"
"Arizona",2023,0.846,0.995,0.924,0.691729323308271,0,0.178105263157895,0.106526315789474,8,26,8,0.316818181818182,0.639097744360902,10.9089473684211,-0.406724251871364,1,1,1,0.0485714285714285,-0.0309110431422236,0,FALSE,0.195488721804511,"cfbd_returning+247_talent+transfer_portal+prior_player_ppa+week1_polls","2026-08-31 23:27:28 UTC"
"Arizona State",2023,0.612,0.753,0.411,0.676691729323308,0,0.225473684210526,0.262556390977444,30,30,24,0.872272727272727,0.977443609022556,200.28399122807,1.58581203457578,8,6,0.75,0.575714285714286,0.934043288365132,0.934043288365132,TRUE,0.037593984962406,"cfbd_returning+247_talent+transfer_portal+prior_player_ppa+week1_polls","2026-08-31 23:27:28 UTC"
"Arkansas",2023,0.581,0.904,0.777,0.766917293233083,0,0.275210526315789,0.321338345864662,17,31,17,0.683181818181818,0.947368421052632,53.8450263157895,0.326083867695166,5,4,0.8,0.211263157894737,0.0727167024960219,0.0727167024960219,FALSE,-0.0676691729323308,"cfbd_returning+247_talent+transfer_portal+prior_player_ppa+week1_polls","2026-08-31 23:27:28 UTC"
"Arkansas State",2023,0.179,0.045,0.221,0.315789473684211,0,0.00942105263157895,0.259263157894737,8,13,0,0,0,14.8692763157895,-0.306270765356875,4,2,0.5,0,-0.238584926213005,0,FALSE,0.353383458646617,"cfbd_returning+247_talent+transfer_portal+prior_player_ppa+week1_polls","2026-08-31 23:27:28 UTC"
"Army",2023,0.5,-0.019,0.485,0.0150375939849624,0,0.304511278195489,0.0075187969924812,0,1,0,0,0,0,-1.10150554678709,0,0,1,0,-0.567275356595349,0,FALSE,-0.203007518796993,"cfbd_returning+247_talent+transfer_portal+prior_player_ppa+week1_polls","2026-08-31 23:27:28 UTC"
"Auburn",2023,0.787,0.794,0.657,0.87218045112782,0,0.313616541353383,0.185774436090226,21,21,19,0.772272727272727,0.969924812030075,206.332484649123,1.7351922038921,7,6,0.857142857142857,0.332684210526316,0.595170925934989,0.595170925934989,TRUE,0.0075187969924812,"cfbd_returning+247_talent+transfer_portal+prior_player_ppa+week1_polls","2026-08-31 23:27:28 UTC"
"BYU",2023,0.294,0.084,0.224,0.458646616541353,0,0.123789473684211,0.323804511278195,20,21,17,0.673636363636364,0.932330827067669,148.384370614035,1.31660839069554,5,5,1,0.723488721804511,1.02168811117974,1.02168811117974,TRUE,-0.0150375939849624,"cfbd_returning+247_talent+transfer_portal+prior_player_ppa+week1_polls","2026-08-31 23:27:28 UTC"
"Ball State",2023,0.262,0,0.145,0.172932330827068,0,0.0669774436090226,0.127624060150376,10,10,1,0.0377272727272727,0.236842105263158,90.6495328947369,0.844309926467412,4,3,0.75,0.2025,0.721884987129637,0.721884987129637,TRUE,0.150375939849624,"cfbd_returning+247_talent+transfer_portal+prior_player_ppa+week1_polls","2026-08-31 23:27:28 UTC"
"Baylor",2023,0.645,0.755,0.691,0.661654135338346,0,0.368571428571429,0.234887218045113,13,12,13,0.516818181818182,0.819548872180451,135.458381578947,1.2730296553877,5,5,1,0.253240601503759,0.3933661635148,0.3933661635148,FALSE,-0.165413533834586,"cfbd_returning+247_talent+transfer_portal+prior_player_ppa+week1_polls","2026-08-31 23:27:28 UTC"
"Boise State",2023,0.921,0.93,0.853,0.466165413533835,0,0.824052631578947,0.0368270676691729,9,17,2,0.0781818181818182,0.387218045112782,-0.0645394736842105,-1.52275685090847,1,1,1,0.056921052631579,-0.223845257083545,0,FALSE,-0.488721804511278,"cfbd_returning+247_talent+transfer_portal+prior_player_ppa+week1_polls","2026-08-31 23:27:28 UTC"
"Boston College",2023,0.372,0.511,0.526,0.593984962406015,0,0.0419548872180451,0.373022556390977,9,11,9,0.359545454545455,0.684210526315789,60.137875,0.427283386002515,3,3,1,0.324315789473684,0.202532324965192,0.202532324965192,FALSE,0.293233082706767,"cfbd_returning+247_talent+transfer_portal+prior_player_ppa+week1_polls","2026-08-31 23:27:28 UTC"
"Bowling Green",2023,0.299,0.087,0.465,0.157894736842105,0,0.0472105263157895,0.110684210526316,3,16,0,0,0,42.7765789473684,0.132312852276171,1,1,1,0,0.0707873759677516,0.0707873759677516,FALSE,0.24812030075188,"cfbd_returning+247_talent+transfer_portal+prior_player_ppa+week1_polls","2026-08-31 23:27:28 UTC"
"Buffalo",2023,0.575,0.876,0.791,0.0526315789473684,0,0.380451127819549,0.0223684210526316,10,14,9,0.342272727272727,0.676691729323308,-1.15852412280702,-1.65588869757704,4,3,0.75,0.141428571428571,-0.346080737793602,0,FALSE,-0.255639097744361,"cfbd_returning+247_talent+transfer_portal+prior_player_ppa+week1_polls","2026-08-31 23:27:28 UTC"
"California",2023,0.443,0,0.34,0.669172932330827,0,0.11990977443609,0.372729323308271,20,26,17,0.677272727272727,0.93984962406015,76.4148728070175,0.692343235439714,12,7,0.583333333333333,0.620300751879699,0.456946535390211,0.456946535390211,FALSE,0.135338345864662,"cfbd_returning+247_talent+transfer_portal+prior_player_ppa+week1_polls","2026-08-31 23:27:28 UTC"
"Central Michigan",2023,0.358,-0.073,0.323,0.0676691729323308,0,0.148045112781955,0.0434436090225564,2,11,0,0,0,0,-1.10150554678709,1,0,0,0,-0.745719255174857,0,FALSE,-0.0075187969924812,"cfbd_returning+247_talent+transfer_portal+prior_player_ppa+week1_polls","2026-08-31 23:27:28 UTC"
"Charlotte",2023,0.144,0.035,0.222,0.413533834586466,0,0.0108270676691729,0.353984962406015,17,21,2,0.0781818181818182,0.387218045112782,51.8755833333333,0.306270765356875,4,2,0.5,0.301255639097744,0.238278655447649,0.238278655447649,FALSE,0.330827067669173,"cfbd_returning+247_talent+transfer_portal+prior_player_ppa+week1_polls","2026-08-31 23:27:28 UTC"
"Cincinnati",2023,0.067,-0.024,0.261,0.62406015037594,0,0.0508796992481203,0.582248120300752,21,25,17,0.662272727272727,0.909774436090226,166.032526315789,1.41218757890616,9,8,0.888888888888889,0.672323308270677,1.04360662081165,1.04360662081165,TRUE,-0.353383458646617,"cfbd_returning+247_talent+transfer_portal+prior_player_ppa+week1_polls","2026-08-31 23:27:28 UTC"
"Clemson",2023,0.551,0.296,0.505,0.969924812030075,0.656302704510925,0.468142857142857,0.435496240601504,1,11,1,0.0377272727272727,0.236842105263158,0,-1.10150554678709,1,0,0,0.117236842105263,-0.545245245659607,0,FALSE,0.0902255639097744,"cfbd_returning+247_talent+transfer_portal+prior_player_ppa+week1_polls","2026-08-31 23:27:28 UTC"
"Coastal Carolina",2023,0.915,0.982,0.893,0.368421052631579,0,0.309586466165414,0.0313157894736842,13,19,3,0.118636363636364,0.462406015037594,3.06830263157895,-0.716497500177991,6,3,0.5,0.0494774436090226,-0.0766652325190451,0,FALSE,0.0676691729323308,"cfbd_returning+247_talent+transfer_portal+prior_player_ppa+week1_polls","2026-08-31 23:27:28 UTC"
"Colorado",2023,0.077,0,0.13,0.744360902255639,0,0.00115789473684211,0.687045112781955,48,59,48,0.892727272727273,1,201.356695175439,1.65588869757704,10,9,0.9,0.87,1.44062316689203,1.44062316689203,TRUE,0.390977443609023,"cfbd_returning+247_talent+transfer_portal+prior_player_ppa+week1_polls","2026-08-31 23:27:28 UTC"
"Colorado State",2023,0.92,1,0.825,0.195488721804511,0,0.131428571428571,0.0156390977443609,10,20,1,0.04,0.31203007518797,29.6086403508772,-0.0377025886394482,2,2,1,0.0546052631578948,-0.00659795301190343,0,FALSE,0.263157894736842,"cfbd_returning+247_talent+transfer_portal+prior_player_ppa+week1_polls","2026-08-31 23:27:28 UTC"
"Connecticut",2023,0.629,0.606,0.753,0.308270676691729,0,0.255383458646617,0.114368421052632,12,10,0,0,0,12.0774451754386,-0.34602582286066,4,2,0.5,0,-0.085468378246583,0,FALSE,0,"cfbd_returning+247_talent+transfer_portal+prior_player_ppa+week1_polls","2026-08-31 23:27:28 UTC"
"Duke",2023,0.989,1,0.991,0.503759398496241,0,0.825406015037594,0.00554135338345865,6,16,6,0.235909090909091,0.556390977443609,0,-1.10150554678709,0,0,1,0.00500751879699249,-0.00991354992108377,0,FALSE,-0.428571428571429,"cfbd_returning+247_talent+transfer_portal+prior_player_ppa+week1_polls","2026-08-31 23:27:28 UTC"
"East Carolina",2023,0.088,0.016,0.209,0.428571428571429,0,0.0522706766917293,0.390857142857143,17,25,14,0.545,0.853383458646617,7.46351973684211,-0.490104222390551,4,3,0.75,0.675026315789474,-0.387672439910926,0,FALSE,-0.18796992481203,"cfbd_returning+247_talent+transfer_portal+prior_player_ppa+week1_polls","2026-08-31 23:27:28 UTC"
"Eastern Michigan",2023,0.503,0.281,0.536,0.135338345864662,0,0.230699248120301,0.0672631578947368,5,10,0,0,0,3.52380263157895,-0.62216316153735,2,1,0.5,0,-0.288683706953331,0,FALSE,-0.0526315789473684,"cfbd_returning+247_talent+transfer_portal+prior_player_ppa+week1_polls","2026-08-31 23:27:28 UTC"
"Florida",2023,0.367,0.087,0.438,0.894736842105263,0,0.248345864661654,0.566368421052632,12,25,12,0.484090909090909,0.789473684210526,68.3158245614035,0.554922942702654,2,2,1,0.443684210526316,0.311866693798891,0.311866693798891,FALSE,-0.270676691729323,"cfbd_returning+247_talent+transfer_portal+prior_player_ppa+week1_polls","2026-08-31 23:27:28 UTC"
"Florida Atlantic",2023,0.446,0.169,0.442,0.473684210526316,0,0.25821052631579,0.262421052631579,12,18,2,0.0795454545454545,0.424812030075188,171.579671052632,1.52275685090847,8,6,0.75,0.237045112781955,0.849698322806927,0.849698322806927,TRUE,-0.172932330827068,"cfbd_returning+247_talent+transfer_portal+prior_player_ppa+week1_polls","2026-08-31 23:27:28 UTC"
"Florida International",2023,0.68,0.889,0.78,0.323308270676692,0,0.0204511278195489,0.103458646616541,8,19,0,0,0,8.63103070175439,-0.448024744793407,2,1,0.5,0,-0.0985654438545495,0,FALSE,0.37593984962406,"cfbd_returning+247_talent+transfer_portal+prior_player_ppa+week1_polls","2026-08-31 23:27:28 UTC"
"Florida State",2023,0.785,0.96,0.792,0.857142857142857,0.713269843998519,0.755488721804511,0.184285714285714,11,23,10,0.417272727272727,0.744360902255639,59.7188421052632,0.406724251871364,4,2,0.5,0.154827067669173,0.0845986443892436,0.0845986443892436,FALSE,-0.0150375939849624,"cfbd_returning+247_talent+transfer_portal+prior_player_ppa+week1_polls","2026-08-31 23:27:28 UTC"
"Fresno State",2023,0.171,0.179,0.261,0.421052631578947,0,0.127285714285714,0.349052631578947,8,24,2,0.0790909090909091,0.409774436090226,75.4345899122807,0.66858632462351,4,4,1,0.302823308270677,0.494085293896774,0.494085293896774,FALSE,-0.338345864661654,"cfbd_returning+247_talent+transfer_portal+prior_player_ppa+week1_polls","2026-08-31 23:27:28 UTC"
"Georgia",2023,0.43,0.178,0.446,0.992481203007519,1,0.43,0.565714285714286,4,15,3,0.125909090909091,0.488721804511278,100.980026315789,1.01885738688099,3,2,0.666666666666667,0.270751879699248,0.564446992332071,0.564446992332071,TRUE,0,"cfbd_returning+247_talent+transfer_portal+prior_player_ppa+week1_polls","2026-08-31 23:27:28 UTC"
"Georgia Southern",2023,0.454,0.007,0.375,0.203007518796992,0,0.16384962406015,0.110842105263158,15,15,0,0,0,127.247287280702,1.15492705105584,5,3,0.6,0,0.721829406909898,0.721829406909898,TRUE,0.0451127819548872,"cfbd_returning+247_talent+transfer_portal+prior_player_ppa+week1_polls","2026-08-31 23:27:28 UTC"
"Georgia State",2023,0.688,1,0.669,0.353383458646617,0,0.341413533834586,0.110255639097744,19,20,8,0.292727272727273,0.62406015037594,14.9364254385965,-0.286577179149419,5,4,0.8,0.206563909774436,-0.0948570462984578,0,FALSE,-0.0902255639097744,"cfbd_returning+247_talent+transfer_portal+prior_player_ppa+week1_polls","2026-08-31 23:27:28 UTC"
"Georgia Tech",2023,0.366,0.86,0.382,0.736842105263158,0,0.104571428571429,0.467157894736842,16,20,13,0.512272727272727,0.81203007518797,78.3015175438596,0.741077227185748,8,5,0.625,0.501834586466165,0.457985726400792,0.457985726400792,FALSE,0.120300751879699,"cfbd_returning+247_talent+transfer_portal+prior_player_ppa+week1_polls","2026-08-31 23:27:28 UTC"
"Hawai'i",2023,0.609,0.92,0.665,0.180451127819549,0,0.0228947368421053,0.0705563909774436,8,9,0,0,0,-0.10075,-1.58581203457578,1,1,1,0,-0.531247031582885,0,FALSE,0.368421052631579,"cfbd_returning+247_talent+transfer_portal+prior_player_ppa+week1_polls","2026-08-31 23:27:28 UTC"
"Houston",2023,0.234,0.005,0.269,0.639097744360902,0,0.191774436090226,0.489548872180451,20,21,17,0.666363636363636,0.917293233082707,73.6709912280702,0.599450993867666,5,5,1,0.670541353383459,0.438198676517264,0.438198676517264,FALSE,-0.413533834586466,"cfbd_returning+247_talent+transfer_portal+prior_player_ppa+week1_polls","2026-08-31 23:27:28 UTC"
"Illinois",2023,0.321,-0.007,0.268,0.533834586466165,0,0.284796992481203,0.362473684210526,7,11,5,0.198636363636364,0.515037593984962,56.590048245614,0.34602582286066,3,3,1,0.377007518796992,0.253290902334003,0.253290902334003,FALSE,-0.481203007518797,"cfbd_returning+247_talent+transfer_portal+prior_player_ppa+week1_polls","2026-08-31 23:27:28 UTC"
"Indiana",2023,0.358,-0.362,0.345,0.654135338345865,0,0.0457593984962406,0.419954887218045,23,24,19,0.751363636363636,0.954887218045113,41.8343925438597,0.113323059587658,5,3,0.6,0.625451127819549,0.0742266040299157,0.0742266040299157,FALSE,0.278195488721804,"cfbd_returning+247_talent+transfer_portal+prior_player_ppa+week1_polls","2026-08-31 23:27:28 UTC"
"Iowa",2023,0.409,-0.068,0.426,0.699248120300752,0.0416666666666667,0.132233082706767,0.413255639097744,8,14,7,0.282272727272727,0.609022556390977,4.07206140350877,-0.577043937955507,5,2,0.4,0.349578947368421,-0.331223220386461,0,FALSE,0.488721804511278,"cfbd_returning+247_talent+transfer_portal+prior_player_ppa+week1_polls","2026-08-31 23:27:28 UTC"
"Iowa State",2023,0.638,0.911,0.687,0.556390977443609,0,0.402947368421053,0.201413533834586,2,12,2,0.0781818181818182,0.387218045112782,0,-1.10150554678709,1,0,0,0.121199248120301,-0.344771236144358,0,FALSE,-0.225563909774436,"cfbd_returning+247_talent+transfer_portal+prior_player_ppa+week1_polls","2026-08-31 23:27:28 UTC"
"Jacksonville State",2023,,,,0.037593984962406,0,,,2,0,0,0,0,1.91382675438597,-0.741077227185748,2,1,0.5,,,,,0.398496240601504,"cfbd_returning+247_talent+transfer_portal+prior_player_ppa+week1_polls","2026-08-31 23:27:28 UTC"
"James Madison",2023,0.101,-0.026,0.244,0.0300751879699248,0,0.0926466165413534,0.0270375939849624,5,4,1,0.04,0.31203007518797,1.04877631578947,-0.766113077130777,4,2,0.5,0.235894736842105,-0.579181486310868,0,FALSE,-0.511278195488722,"cfbd_returning+247_talent+transfer_portal+prior_player_ppa+week1_polls","2026-08-31 23:27:28 UTC"
"Kansas",2023,1.003,1.027,0.937,0.541353383458647,0,0.656097744360902,-0.00162406015037588,12,14,10,0.393636363636364,0.733082706766917,-5.891,-2.28086577088399,1,1,1,0.0461842105263158,-0.143694543565691,0,FALSE,-0.24812030075188,"cfbd_returning+247_talent+transfer_portal+prior_player_ppa+week1_polls","2026-08-31 23:27:28 UTC"
"Kansas State",2023,0.49,0.763,0.369,0.496240601503759,0.293252544916439,0.412631578947368,0.253082706766917,6,15,4,0.161818181818182,0.496240601503759,23.2101644736842,-0.132312852276171,3,2,0.666666666666667,0.313127819548872,-0.083489409786264,0,FALSE,0.0375939849624061,"cfbd_returning+247_talent+transfer_portal+prior_player_ppa+week1_polls","2026-08-31 23:27:28 UTC"
"Kent State",2023,0.074,0.126,0.117,0.120300751879699,0,0.0233684210526316,0.111398496240601,7,17,0,0,0,0.168800438596491,-0.817690678247038,2,1,0.5,0,-0.722020868892135,0,FALSE,0.0902255639097744,"cfbd_returning+247_talent+transfer_portal+prior_player_ppa+week1_polls","2026-08-31 23:27:28 UTC"
"Kentucky",2023,0.481,-0.182,0.417,0.774436090225564,0,0.296556390977444,0.401932330827068,12,21,12,0.484545454545455,0.796992481203007,66.3540197368421,0.533070234972238,3,2,0.666666666666667,0.464646616541353,0.310779946988815,0.310779946988815,FALSE,-0.210526315789474,"cfbd_returning+247_talent+transfer_portal+prior_player_ppa+week1_polls","2026-08-31 23:27:28 UTC"
"LSU",2023,0.845,0.983,0.888,0.954887218045113,0.799644261490261,0.80687969924812,0.148007518796993,14,21,14,0.576363636363636,0.894736842105263,32.1379934210526,-0.018847945012904,2,1,0.5,0.100210526315789,-0.00211096984144525,0,FALSE,0.0150375939849624,"cfbd_returning+247_talent+transfer_portal+prior_player_ppa+week1_polls","2026-08-31 23:27:28 UTC"
"Liberty",2023,0.448,0.98,0.544,0.0601503759398496,0,0.245894736842105,0.033203007518797,13,14,0,0,0,47.6712105263158,0.247512940158709,6,5,0.833333333333333,0,0.112865900712371,0.112865900712371,FALSE,-0.142857142857143,"cfbd_returning+247_talent+transfer_portal+prior_player_ppa+week1_polls","2026-08-31 23:27:28 UTC"
"Louisiana",2023,0.647,0.804,0.744,0.285714285714286,0,0.277285714285714,0.100857142857143,1,7,0,0,0,0,-1.10150554678709,0,0,1,0,-0.281985419977494,0,FALSE,-0.0225563909774436,"cfbd_returning+247_talent+transfer_portal+prior_player_ppa+week1_polls","2026-08-31 23:27:28 UTC"
"Louisiana Tech",2023,0.365,0.087,0.426,0.218045112781955,0,0.0493984962406015,0.138458646616541,19,23,3,0.119545454545455,0.473684210526316,28.5893728070175,-0.0565706461743113,5,4,0.8,0.271894736842105,-0.0324715509040547,0,FALSE,0.270676691729323,"cfbd_returning+247_talent+transfer_portal+prior_player_ppa+week1_polls","2026-08-31 23:27:28 UTC"
"Louisville",2023,0.231,0.164,0.395,0.789473684210526,0,0.159789473684211,0.607105263157895,26,25,25,0.878636363636364,0.988721804511278,210.047519736842,1.93793151085283,9,7,0.777777777777778,0.598176691729323,1.17244856406596,1.17244856406596,TRUE,-0.285714285714286,"cfbd_returning+247_talent+transfer_portal+prior_player_ppa+week1_polls","2026-08-31 23:27:28 UTC"
"Marshall",2023,0.468,0.287,0.481,0.293233082706767,0,0.422255639097744,0.156,11,14,1,0.0390909090909091,0.285714285714286,7.34648684210526,-0.511469190920836,1,1,1,0.148285714285714,-0.265452510087914,0,FALSE,-0.496240601503759,"cfbd_returning+247_talent+transfer_portal+prior_player_ppa+week1_polls","2026-08-31 23:27:28 UTC"
"Maryland",2023,0.784,1.011,0.88,0.684210526315789,0,0.613052631578947,0.14778947368421,10,22,9,0.365,0.714285714285714,62.4623969298246,0.448024744793407,2,2,1,0.0857142857142857,0.0537629693752088,0.0537629693752088,FALSE,-0.37593984962406,"cfbd_returning+247_talent+transfer_portal+prior_player_ppa+week1_polls","2026-08-31 23:27:28 UTC"
"Massachusetts",2023,0.531,-1.96,0.678,0.43609022556391,0,0.0359323308270677,0.204526315789474,21,19,14,0.521818181818182,0.838345864661654,96.9147675438596,0.928046482316424,8,4,0.5,0.269947368421053,0.298830967305889,0.298830967305889,FALSE,0.338345864661654,"cfbd_returning+247_talent+transfer_portal+prior_player_ppa+week1_polls","2026-08-31 23:27:28 UTC"
"Memphis",2023,0.511,0.9,0.692,0.526315789473684,0,0.349631578947368,0.257368421052632,19,26,2,0.0781818181818182,0.387218045112782,65.3560526315789,0.511469190920836,5,3,0.6,0.119263157894737,0.157532510803618,0.157532510803618,FALSE,-0.278195488721805,"cfbd_returning+247_talent+transfer_portal+prior_player_ppa+week1_polls","2026-08-31 23:27:28 UTC"
"Miami",2023,0.662,0.779,0.637,0.917293233082707,0,0.258827067669173,0.310045112781955,15,24,12,0.492272727272727,0.804511278195489,12.58275,-0.326083867695166,3,2,0.666666666666667,0.292037593984962,-0.118368443973345,0,FALSE,0.0150375939849624,"cfbd_returning+247_talent+transfer_portal+prior_player_ppa+week1_polls","2026-08-31 23:27:28 UTC"
"Miami (OH)",2023,0.675,0.863,0.784,0.18796992481203,0,0.121804511278195,0.0610902255639098,4,11,1,0.0404545454545455,0.334586466165414,-2.22434210526316,-1.7351922038921,2,2,1,0.0722706766917293,-0.374801516040693,0,FALSE,0.225563909774436,"cfbd_returning+247_talent+transfer_portal+prior_player_ppa+week1_polls","2026-08-31 23:27:28 UTC"
"Michigan",2023,0.777,0.936,0.825,0.902255639097744,0.933443833736772,0.771157894736842,0.201203007518797,9,13,9,0.366363636363636,0.721804511278195,4.48338157894737,-0.554922942702654,2,2,1,0.126315789473684,-0.0971115149729644,0,FALSE,0,"cfbd_returning+247_talent+transfer_portal+prior_player_ppa+week1_polls","2026-08-31 23:27:28 UTC"
"Michigan State",2023,0.21,0.152,0.254,0.804511278195489,0,0.0189473684210526,0.635563909774436,14,17,14,0.545,0.853383458646617,39.0969802631579,0.0754588663820661,6,6,1,0.636624060150376,0.0562923143210213,0.0562923143210213,FALSE,0.315789473684211,"cfbd_returning+247_talent+transfer_portal+prior_player_ppa+week1_polls","2026-08-31 23:27:28 UTC"
"Middle Tennessee",2023,0.337,0.029,0.313,0.330827067669173,0,0.116556390977444,0.219338345864662,9,8,0,0,0,8.01889912280702,-0.468960676235104,5,3,0.6,0,-0.322175984573517,0,FALSE,0.0601503759398496,"cfbd_returning+247_talent+transfer_portal+prior_player_ppa+week1_polls","2026-08-31 23:27:28 UTC"
"Minnesota",2023,0.409,0.336,0.344,0.578947368421053,0,0.378248120300752,0.342157894736842,10,18,10,0.393636363636364,0.733082706766917,80.2021688596491,0.791638607743375,3,3,1,0.480902255639098,0.519314926679654,0.519314926679654,TRUE,-0.518796992481203,"cfbd_returning+247_talent+transfer_portal+prior_player_ppa+week1_polls","2026-08-31 23:27:28 UTC"
"Mississippi",2023,0.618,0.956,0.728,0.834586466165414,0.18158596342878,0.34384962406015,0.318812030075188,25,38,19,0.765909090909091,0.962406015037594,256.257587719298,2.67294770758682,8,7,0.875,0.261774436090226,0.727041776463615,0.727041776463615,TRUE,0.285714285714286,"cfbd_returning+247_talent+transfer_portal+prior_player_ppa+week1_polls","2026-08-31 23:27:28 UTC"
"Mississippi State",2023,0.584,0.96,0.715,0.796992481203007,0,0.412751879699248,0.331548872180451,13,27,11,0.435,0.75187969924812,111.44298245614,1.08438193805418,8,5,0.625,0.214285714285714,0.309048852345443,0.309048852345443,FALSE,-0.300751879699248,"cfbd_returning+247_talent+transfer_portal+prior_player_ppa+week1_polls","2026-08-31 23:27:28 UTC"
"Missouri",2023,0.651,0.984,0.83,0.827067669172932,0,0.352421052631579,0.288646616541353,8,20,8,0.321818181818182,0.661654135338346,27.9572916666667,-0.0754588663820661,2,2,1,0.112481203007519,-0.0128280072849512,0,FALSE,-0.135338345864662,"cfbd_returning+247_talent+transfer_portal+prior_player_ppa+week1_polls","2026-08-31 23:27:28 UTC"
"Navy",2023,0.611,0.68,0.751,0.0150375939849624,0,0.142413533834586,0.00584962406015038,0,3,0,0,0,0,-1.10150554678709,0,0,1,0,-0.274274881149984,0,FALSE,0.172932330827068,"cfbd_returning+247_talent+transfer_portal+prior_player_ppa+week1_polls","2026-08-31 23:27:28 UTC"
"Nebraska",2023,0.14,-0.063,0.403,0.849624060150376,0,0.0305263157894737,0.730676691729323,13,28,11,0.439545454545455,0.774436090225564,20.3451929824561,-0.170443131739819,5,4,0.8,0.462338345864662,-0.101754549648672,0,FALSE,0.18796992481203,"cfbd_returning+247_talent+transfer_portal+prior_player_ppa+week1_polls","2026-08-31 23:27:28 UTC"
"Nevada",2023,0.225,-0.03,0.333,0.263157894736842,0,0.037218045112782,0.203947368421053,13,13,2,0.0795454545454545,0.424812030075188,20.1064934210526,-0.189598120462421,6,4,0.666666666666667,0.28334962406015,-0.126461946348435,0,FALSE,0.240601503759398,"cfbd_returning+247_talent+transfer_portal+prior_player_ppa+week1_polls","2026-08-31 23:27:28 UTC"
"New Mexico",2023,0.44,0.396,0.312,0.12781954887218,0,0.0264661654135338,0.0715789473684211,14,17,1,0.0386363636363636,0.259398496240602,98.8300942982456,0.957438716409626,7,2,0.285714285714286,0.178466165413534,0.658717836889823,0.658717836889823,TRUE,0.345864661654135,"cfbd_returning+247_talent+transfer_portal+prior_player_ppa+week1_polls","2026-08-31 23:27:28 UTC"
"New Mexico State",2023,0.843,0.958,0.946,0.142857142857143,0,0.589466165413534,0.0224285714285714,7,7,0,0,0,15.8664802631579,-0.247512940158709,2,1,0.5,0,-0.0133656987685703,0,FALSE,-0.293233082706767,"cfbd_returning+247_talent+transfer_portal+prior_player_ppa+week1_polls","2026-08-31 23:27:28 UTC"
"North Carolina",2023,0.754,0.959,0.819,0.879699248120301,0.188736547524466,0.351488721804511,0.216406015037594,10,18,9,0.36,0.691729323308271,74.8823947368421,0.622163161537351,2,2,1,0.125203007518797,0.112611532238261,0.112611532238261,FALSE,0.383458646616541,"cfbd_returning+247_talent+transfer_portal+prior_player_ppa+week1_polls","2026-08-31 23:27:28 UTC"
"North Carolina State",2023,0.385,0.268,0.449,0.721804511278195,0,0.217105263157895,0.44390977443609,6,12,5,0.198636363636364,0.515037593984962,46.065,0.189598120462421,2,2,1,0.283785714285714,0.104468564374794,0.104468564374794,FALSE,-0.157894736842105,"cfbd_returning+247_talent+transfer_portal+prior_player_ppa+week1_polls","2026-08-31 23:27:28 UTC"
"North Texas",2023,0.416,-0.002,0.535,0.278195488721804,0,0.20018045112782,0.162466165413534,10,15,0,0,0,63.930576754386,0.468960676235104,3,3,1,0,0.218066714449323,0.218066714449323,FALSE,-0.075187969924812,"cfbd_returning+247_talent+transfer_portal+prior_player_ppa+week1_polls","2026-08-31 23:27:28 UTC"
"Northern Illinois",2023,0.622,0.976,0.555,0.105263157894737,0,0.173037593984962,0.0397894736842105,4,11,0,0,0,-6.18556578947369,-2.67294770758682,1,1,1,0,-1.18946172987614,0,FALSE,0.12781954887218,"cfbd_returning+247_talent+transfer_portal+prior_player_ppa+week1_polls","2026-08-31 23:27:28 UTC"
"Northwestern",2023,0.657,0.958,0.599,0.616541353383459,0,0.0543383458646617,0.211473684210526,3,8,3,0.118636363636364,0.462406015037594,127.423513157895,1.19245545599642,3,3,1,0.185424812030075,0.478174637854566,0.478174637854566,FALSE,0.323308270676692,"cfbd_returning+247_talent+transfer_portal+prior_player_ppa+week1_polls","2026-08-31 23:27:28 UTC"
"Notre Dame",2023,0.345,0.118,0.324,0.924812030075188,0.530425360733097,0.230864661654135,0.605751879699248,7,11,7,0.281363636363636,0.601503759398496,207.483265350877,1.82720353259824,3,3,1,0.406616541353383,1.23518958803641,1.23518958803641,TRUE,0.240601503759398,"cfbd_returning+247_talent+transfer_portal+prior_player_ppa+week1_polls","2026-08-31 23:27:28 UTC"
"Ohio",2023,0.921,1,0.935,0.0902255639097744,0,0.553984962406015,0.00712781954887218,4,6,0,0,0,0,-1.10150554678709,0,0,1,0,-0.0715978605411605,0,FALSE,-0.195488721804511,"cfbd_returning+247_talent+transfer_portal+prior_player_ppa+week1_polls","2026-08-31 23:27:28 UTC"
"Ohio State",2023,0.644,0.201,0.636,0.984962406015038,0.897209845454306,0.634315789473684,0.350646616541353,8,9,7,0.285909090909091,0.616541353383459,-3.61675,-1.93793151085283,2,1,0.5,0.224421052631579,-0.70540706995043,0,FALSE,-0.00751879699248126,"cfbd_returning+247_talent+transfer_portal+prior_player_ppa+week1_polls","2026-08-31 23:27:28 UTC"
"Oklahoma",2023,0.527,0.895,0.675,0.93984962406015,0.191530418972308,0.273406015037594,0.444548872180451,18,27,16,0.647272727272727,0.902255639097744,11.9245372807018,-0.36610635680057,4,4,1,0.293233082706767,-0.118984565960185,0,FALSE,0.338345864661654,"cfbd_returning+247_talent+transfer_portal+prior_player_ppa+week1_polls","2026-08-31 23:27:28 UTC"
"Oklahoma State",2023,0.3,0.251,0.335,0.586466165413534,0,0.0879699248120301,0.410526315789474,13,19,13,0.519545454545455,0.827067669172932,65.0557675438596,0.490104222390551,7,4,0.571428571428571,0.55,0.325919307889717,0.325919307889717,FALSE,0.112781954887218,"cfbd_returning+247_talent+transfer_portal+prior_player_ppa+week1_polls","2026-08-31 23:27:28 UTC"
"Old Dominion",2023,0.211,0.066,0.223,0.0977443609022556,0,0.0412481203007519,0.0771203007518797,6,20,0,0,0,0,-1.10150554678709,0,0,1,0,-0.855869809853565,0,FALSE,0.210526315789474,"cfbd_returning+247_talent+transfer_portal+prior_player_ppa+week1_polls","2026-08-31 23:27:28 UTC"
"Oregon",2023,0.807,0.932,0.844,0.932330827067669,0.482367945435876,0.667443609022556,0.17993984962406,15,34,14,0.569090909090909,0.879699248120301,99.1035833333333,0.987682289851018,4,4,1,0.137233082706767,0.154078437216759,0.154078437216759,FALSE,0.0676691729323309,"cfbd_returning+247_talent+transfer_portal+prior_player_ppa+week1_polls","2026-08-31 23:27:28 UTC"
"Oregon State",2023,0.527,0.465,0.624,0.601503759398496,0.240212157677184,0.459639097744361,0.284511278195489,7,9,5,0.200909090909091,0.533834586466165,104.486407894737,1.05105553864798,3,2,0.666666666666667,0.200721804511278,0.39519688253164,0.39519688253164,FALSE,0,"cfbd_returning+247_talent+transfer_portal+prior_player_ppa+week1_polls","2026-08-31 23:27:28 UTC"
"Penn State",2023,0.428,0.118,0.489,0.909774436090226,0.733767397812293,0.402255639097744,0.520390977443609,6,14,5,0.199545454545455,0.526315789473684,47.9016447368421,0.266994125404953,3,2,0.666666666666667,0.268947368421053,0.136433998081931,0.136433998081931,FALSE,0.0150375939849624,"cfbd_returning+247_talent+transfer_portal+prior_player_ppa+week1_polls","2026-08-31 23:27:28 UTC"
"Pittsburgh",2023,0.319,0.244,0.292,0.714285714285714,0,0.275827067669173,0.486428571428571,7,13,6,0.239545454545455,0.571428571428571,58.2212456140351,0.386335624226698,5,3,0.6,0.404571428571429,0.273525621952502,0.273525621952502,FALSE,-0.458646616541353,"cfbd_returning+247_talent+transfer_portal+prior_player_ppa+week1_polls","2026-08-31 23:27:28 UTC"
"Purdue",2023,0.344,0.03,0.363,0.646616541353383,0,0.181052631578947,0.42418045112782,15,26,11,0.437727272727273,0.763157894736842,86.1485657894737,0.817690678247038,3,2,0.666666666666667,0.486131578947368,0.520868962043363,0.520868962043363,TRUE,-0.120300751879699,"cfbd_returning+247_talent+transfer_portal+prior_player_ppa+week1_polls","2026-08-31 23:27:28 UTC"
"Rice",2023,0.425,0.195,0.464,0.255639097744361,0,0.0862781954887218,0.146992481203008,5,4,0,0,0,77.1097675438596,0.716497500177991,2,2,1,0,0.384042660095403,0.384042660095403,FALSE,0.203007518796992,"cfbd_returning+247_talent+transfer_portal+prior_player_ppa+week1_polls","2026-08-31 23:27:28 UTC"
"Rutgers",2023,0.439,0.765,0.765,0.548872180451128,0,0.0429097744360902,0.307917293233083,7,12,6,0.24,0.582706766917293,34.6520504385965,0.0188479450129041,3,2,0.666666666666667,0.136936090225564,0.00442926707803247,0.00442926707803247,FALSE,0.308270676691729,"cfbd_returning+247_talent+transfer_portal+prior_player_ppa+week1_polls","2026-08-31 23:27:28 UTC"
"SMU",2023,0.417,0.253,0.413,0.75187969924812,0,0.18184962406015,0.438345864661654,26,23,26,0.878636363636364,0.988721804511278,21.1704298245614,-0.151350483143547,7,7,1,0.58037969924812,-0.0888427336052623,0,FALSE,-0.0300751879699248,"cfbd_returning+247_talent+transfer_portal+prior_player_ppa+week1_polls","2026-08-31 23:27:28 UTC"
"Sam Houston",2023,,,,0.0451127819548872,0,,,5,1,0,0,0,0,-1.10150554678709,2,0,0,,,,,0.383458646616541,"cfbd_returning+247_talent+transfer_portal+prior_player_ppa+week1_polls","2026-08-31 23:27:28 UTC"
"San Diego State",2023,0.78,1.07,0.611,0.233082706766917,0,0.234586466165414,0.0512781954887218,5,13,3,0.12,0.481203007518797,25.7774385964912,-0.0943740485029917,1,1,1,0.187187969924812,-0.0367115048676638,0,FALSE,0.105263157894737,"cfbd_returning+247_talent+transfer_portal+prior_player_ppa+week1_polls","2026-08-31 23:27:28 UTC"
"San Jose State",2023,0.685,1.001,0.841,0.360902255639098,0,0.540789473684211,0.113684210526316,7,9,0,0,0,15.5208881578947,-0.266994125404953,2,1,0.5,0,-0.0424520659393875,0,FALSE,-0.383458646616541,"cfbd_returning+247_talent+transfer_portal+prior_player_ppa+week1_polls","2026-08-31 23:27:28 UTC"
"South Alabama",2023,0.856,0.985,0.856,0.398496240601504,0,0.688661654135338,0.0573834586466165,9,4,3,0.115909090909091,0.43609022556391,42.8204013157895,0.151350483143547,3,2,0.666666666666667,0.062796992481203,0.0217944695726708,0.0217944695726708,FALSE,-0.398496240601504,"cfbd_returning+247_talent+transfer_portal+prior_player_ppa+week1_polls","2026-08-31 23:27:28 UTC"
"South Carolina",2023,0.636,0.935,0.644,0.842105263157895,0,0.24387969924812,0.306526315789474,10,17,9,0.361818181818182,0.706766917293233,90.7544473684211,0.871541335041964,5,3,0.6,0.251609022556391,0.310268715274939,0.310268715274939,FALSE,0.0225563909774436,"cfbd_returning+247_talent+transfer_portal+prior_player_ppa+week1_polls","2026-08-31 23:27:28 UTC"
"South Florida",2023,0.463,0.699,0.446,0.518796992481203,0,0.0800676691729323,0.278593984962406,19,26,1,0.0390909090909091,0.285714285714286,39.0764342105263,0.0565706461743114,10,5,0.5,0.158285714285714,0.0313401379805685,0.0313401379805685,FALSE,0.233082706766917,"cfbd_returning+247_talent+transfer_portal+prior_player_ppa+week1_polls","2026-08-31 23:27:28 UTC"
"Southern California",2023,0.742,0.925,0.764,0.947368421052632,0.769699000617935,0.557894736842105,0.244421052631579,16,21,14,0.573181818181818,0.887218045112782,79.3140789473684,0.766113077130777,2,2,1,0.209383458646617,0.180802686202863,0.180802686202863,FALSE,0.210526315789474,"cfbd_returning+247_talent+transfer_portal+prior_player_ppa+week1_polls","2026-08-31 23:27:28 UTC"
"Southern Miss",2023,0.579,0.402,0.633,0.210526315789474,0,0.291676691729323,0.0886315789473684,8,6,0,0,0,0,-1.10150554678709,3,0,0,0,-0.40425253567086,0,FALSE,-0.0977443609022557,"cfbd_returning+247_talent+transfer_portal+prior_player_ppa+week1_polls","2026-08-31 23:27:28 UTC"
"Stanford",2023,0.392,0.133,0.382,0.729323308270677,0,0.0471578947368421,0.443428571428571,4,21,3,0.116363636363636,0.443609022556391,0,-1.10150554678709,1,0,0,0.27415037593985,-0.680730427914419,0,FALSE,0.285714285714286,"cfbd_returning+247_talent+transfer_portal+prior_player_ppa+week1_polls","2026-08-31 23:27:28 UTC"
"Syracuse",2023,0.767,0.938,0.706,0.488721804511278,0,0.37484962406015,0.113872180451128,9,15,6,0.236818181818182,0.56390977443609,23.5508333333333,-0.113323059587658,2,1,0.5,0.165789473684211,-0.0333169795187713,0,FALSE,-0.0827067669172932,"cfbd_returning+247_talent+transfer_portal+prior_player_ppa+week1_polls","2026-08-31 23:27:28 UTC"
"TCU",2023,0.144,0.084,0.125,0.864661654135338,0.331646014629107,0.10393984962406,0.74015037593985,13,17,13,0.521818181818182,0.838345864661654,132.15525,1.23174297027651,7,6,0.857142857142857,0.733552631578947,1.07777509899195,1.07777509899195,TRUE,0.165413533834586,"cfbd_returning+247_talent+transfer_portal+prior_player_ppa+week1_polls","2026-08-31 23:27:28 UTC"
"Temple",2023,0.758,1,0.819,0.406015037593985,0,0.188075187969925,0.0982556390977443,11,28,1,0.0404545454545455,0.334586466165414,-4.06811842105263,-2.07925428020628,3,1,0.333333333333333,0.0605601503759399,-0.376345024717337,0,FALSE,0.157894736842105,"cfbd_returning+247_talent+transfer_portal+prior_player_ppa+week1_polls","2026-08-31 23:27:28 UTC"
"Tennessee",2023,0.422,0.271,0.508,0.887218045112782,0.577663896025857,0.409308270676692,0.512812030075188,8,22,8,0.320454545454545,0.654135338345865,34.8503728070175,0.0377025886394482,2,2,1,0.321834586466165,0.0185496736106085,0.0185496736106085,FALSE,-0.0451127819548872,"cfbd_returning+247_talent+transfer_portal+prior_player_ppa+week1_polls","2026-08-31 23:27:28 UTC"
"Texas",2023,0.61,0.71,0.561,0.962406015037594,0.53859886727407,0.449473684210526,0.375338345864662,5,20,5,0.205,0.548872180451128,6.083,-0.533070234972238,1,1,1,0.240954887218045,-0.234017833152812,0,FALSE,0.180451127819549,"cfbd_returning+247_talent+transfer_portal+prior_player_ppa+week1_polls","2026-08-31 23:27:28 UTC"
"Texas A&M",2023,0.648,0.559,0.516,0.977443609022556,0.131848005030208,0.287458646616541,0.34406015037594,13,32,11,0.437727272727273,0.763157894736842,-2.43803947368421,-1.82720353259824,6,4,0.666666666666667,0.369368421052632,-0.884366509777548,0,FALSE,0.383458646616541,"cfbd_returning+247_talent+transfer_portal+prior_player_ppa+week1_polls","2026-08-31 23:27:28 UTC"
"Texas State",2023,0.469,0.028,0.447,0.300751879699248,0,0.176315789473684,0.159699248120301,37,24,5,0.194090909090909,0.503759398496241,93.0202039473684,0.899434907667234,11,8,0.727272727272727,0.278578947368421,0.49738750393998,0.49738750393998,FALSE,0.0300751879699248,"cfbd_returning+247_talent+transfer_portal+prior_player_ppa+week1_polls","2026-08-31 23:27:28 UTC"
"Texas Tech",2023,0.764,0.521,0.65,0.706766917293233,0.0608642726719416,0.390616541353383,0.166796992481203,7,18,6,0.24,0.582706766917293,0,-1.10150554678709,1,0,0,0.203947368421053,-0.38552694137548,0,FALSE,0.308270676691729,"cfbd_returning+247_talent+transfer_portal+prior_player_ppa+week1_polls","2026-08-31 23:27:28 UTC"
"Toledo",2023,0.789,1,0.91,0.345864661654135,0,0.563571428571429,0.0729774436090225,3,9,0,0,0,0,-1.10150554678709,0,0,1,0,-0.0991354992108376,0,FALSE,-0.308270676691729,"cfbd_returning+247_talent+transfer_portal+prior_player_ppa+week1_polls","2026-08-31 23:27:28 UTC"
"Troy",2023,0.561,0.765,0.674,0.24812030075188,0,0.350097744360902,0.108924812030075,8,9,1,0.0404545454545455,0.334586466165414,47.2261973684211,0.228125248373671,5,3,0.6,0.109075187969925,0.0743688309698168,0.0743688309698168,FALSE,-0.218045112781955,"cfbd_returning+247_talent+transfer_portal+prior_player_ppa+week1_polls","2026-08-31 23:27:28 UTC"
"Tulane",2023,0.574,0.917,0.625,0.390977443609023,0.139719126094357,0.457473684210526,0.166556390977444,7,11,2,0.0790909090909091,0.409774436090226,16.0539912280702,-0.228125248373671,3,3,1,0.153665413533835,-0.0855469681401267,0,FALSE,0.0375939849624061,"cfbd_returning+247_talent+transfer_portal+prior_player_ppa+week1_polls","2026-08-31 23:27:28 UTC"
"Tulsa",2023,0.262,0.231,0.351,0.383458646616541,0,0.167443609022556,0.282992481203008,8,11,1,0.0404545454545455,0.334586466165414,0,-1.10150554678709,0,0,1,0.217146616541353,-0.714877099864818,0,FALSE,-0.233082706766917,"cfbd_returning+247_talent+transfer_portal+prior_player_ppa+week1_polls","2026-08-31 23:27:28 UTC"
"UAB",2023,0.394,0.21,0.439,0.270676691729323,0,0.305127819548872,0.16403007518797,7,13,0,0,0,3.41625877192982,-0.645200916293897,3,3,1,0,-0.361957714040876,0,FALSE,-0.368421052631579,"cfbd_returning+247_talent+transfer_portal+prior_player_ppa+week1_polls","2026-08-31 23:27:28 UTC"
"UCF",2023,0.68,0.695,0.666,0.609022556390977,0,0.398796992481203,0.194887218045113,18,19,17,0.666818181818182,0.924812030075188,57.4269714912281,0.36610635680057,6,4,0.666666666666667,0.308887218045113,0.12227952317139,0.12227952317139,FALSE,-0.180451127819549,"cfbd_returning+247_talent+transfer_portal+prior_player_ppa+week1_polls","2026-08-31 23:27:28 UTC"
"UCLA",2023,0.281,0.129,0.277,0.819548872180451,0,0.240857142857143,0.589255639097744,14,7,14,0.565,0.87218045112782,211.955006578947,2.07925428020628,6,5,0.833333333333333,0.630586466165413,1.50330084458914,1.50330084458914,TRUE,-0.451127819548872,"cfbd_returning+247_talent+transfer_portal+prior_player_ppa+week1_polls","2026-08-31 23:27:28 UTC"
"UL Monroe",2023,0.311,0.085,0.123,0.075187969924812,0,0.0958721804511278,0.0518045112781955,7,21,1,0.0390909090909091,0.285714285714286,4.00105263157895,-0.599450993867666,1,1,1,0.250571428571429,-0.525718521621943,0,FALSE,0.0977443609022556,"cfbd_returning+247_talent+transfer_portal+prior_player_ppa+week1_polls","2026-08-31 23:27:28 UTC"
"UNLV",2023,0.624,1.059,0.621,0.112781954887218,0,0.220511278195489,0.042406015037594,9,18,0,0,0,11.4851578947368,-0.386335624226698,1,1,1,0,-0.146421201581919,0,FALSE,0.0526315789473684,"cfbd_returning+247_talent+transfer_portal+prior_player_ppa+week1_polls","2026-08-31 23:27:28 UTC"
"UTEP",2023,0.537,0.715,0.658,0.150375939849624,0,0.141315789473684,0.0696240601503759,2,5,0,0,0,0,-1.10150554678709,1,0,0,0,-0.376714897001183,0,FALSE,0.142857142857143,"cfbd_returning+247_talent+transfer_portal+prior_player_ppa+week1_polls","2026-08-31 23:27:28 UTC"
"UTSA",2023,0.852,1.001,0.734,0.451127819548872,0,0.653413533834586,0.0667669172932331,8,13,2,0.075,0.360902255639098,10.8914210526316,-0.427283386002515,2,2,1,0.096,-0.113657380676669,0,FALSE,-0.360902255639098,"cfbd_returning+247_talent+transfer_portal+prior_player_ppa+week1_polls","2026-08-31 23:27:28 UTC"
"Utah",2023,0.72,1,0.781,0.759398496240602,0.513277277802815,0.682105263157895,0.212631578947368,9,19,8,0.318181818181818,0.646616541353383,70.1838815789474,0.577043937955507,4,4,1,0.141609022556391,0.126372622412256,0.126372622412256,FALSE,-0.0451127819548872,"cfbd_returning+247_talent+transfer_portal+prior_player_ppa+week1_polls","2026-08-31 23:27:28 UTC"
"Utah State",2023,0.467,0.559,0.451,0.225563909774436,0,0.0491578947368421,0.120225563909774,7,21,1,0.0386363636363636,0.259398496240602,3.1310701754386,-0.692343235439714,2,1,0.5,0.14240977443609,-0.380096436256403,0,FALSE,0.300751879699248,"cfbd_returning+247_talent+transfer_portal+prior_player_ppa+week1_polls","2026-08-31 23:27:28 UTC"
"Vanderbilt",2023,0.519,0.501,0.604,0.571428571428571,0,0.0234135338345865,0.274857142857143,3,13,2,0.0772727272727273,0.368421052631579,0,-1.10150554678709,0,0,1,0.145894736842105,-0.436196196527686,0,FALSE,0.360902255639098,"cfbd_returning+247_talent+transfer_portal+prior_player_ppa+week1_polls","2026-08-31 23:27:28 UTC"
"Virginia",2023,0.211,0.111,0.302,0.511278195488722,0,0.0698045112781955,0.403398496240601,8,14,8,0.315909090909091,0.631578947368421,116.737131578947,1.11895838106256,3,3,1,0.440842105263158,0.781032949981667,0.781032949981667,TRUE,0.075187969924812,"cfbd_returning+247_talent+transfer_portal+prior_player_ppa+week1_polls","2026-08-31 23:27:28 UTC"
"Virginia Tech",2023,0.651,0.762,0.691,0.56390977443609,0,0.156631578947368,0.196804511278195,9,21,9,0.361363636363636,0.699248120300752,152.481285087719,1.3628419377465,5,5,1,0.216067669172932,0.42111815876367,0.42111815876367,FALSE,0.165413533834586,"cfbd_returning+247_talent+transfer_portal+prior_player_ppa+week1_polls","2026-08-31 23:27:28 UTC"
"Wake Forest",2023,0.412,0.075,0.363,0.481203007518797,0,0.266406015037594,0.282947368421053,3,11,3,0.118181818181818,0.451127819548872,3.34788377192982,-0.66858632462351,1,1,1,0.287368421052632,-0.425889488785176,0,FALSE,-0.240601503759398,"cfbd_returning+247_talent+transfer_portal+prior_player_ppa+week1_polls","2026-08-31 23:27:28 UTC"
"Washington",2023,0.887,1.004,0.851,0.81203007518797,0.597117039053801,0.80696992481203,0.0917593984962406,10,22,8,0.322272727272727,0.669172932330827,44.612677631579,0.170443131739819,4,4,1,0.0997067669172932,0.025396026629233,0.025396026629233,FALSE,0.0225563909774436,"cfbd_returning+247_talent+transfer_portal+prior_player_ppa+week1_polls","2026-08-31 23:27:28 UTC"
"Washington State",2023,0.581,0.805,0.828,0.443609022556391,0,0.310157894736842,0.185872180451128,9,36,7,0.273181818181818,0.593984962406015,51.1967192982456,0.28657717914942,3,3,1,0.102165413533835,0.0492912748137002,0.0492912748137002,FALSE,-0.12781954887218,"cfbd_returning+247_talent+transfer_portal+prior_player_ppa+week1_polls","2026-08-31 23:27:28 UTC"
"West Virginia",2023,0.351,0.231,0.362,0.631578947368421,0,0.158345864661654,0.409894736842105,14,22,12,0.475454545454546,0.781954887218045,46.9039583333333,0.208822935409233,5,4,0.8,0.498887218045113,0.13322903279109,0.13322903279109,FALSE,-0.0451127819548872,"cfbd_returning+247_talent+transfer_portal+prior_player_ppa+week1_polls","2026-08-31 23:27:28 UTC"
"Western Kentucky",2023,0.468,0.514,0.521,0.338345864661654,0,0.411699248120301,0.18,12,20,1,0.0409090909090909,0.353383458646617,243.338782894737,2.28086577088399,6,6,1,0.169270676691729,1.09253470425343,1.09253470425343,TRUE,-0.473684210526316,"cfbd_returning+247_talent+transfer_portal+prior_player_ppa+week1_polls","2026-08-31 23:27:28 UTC"
"Western Michigan",2023,0.57,0.901,0.605,0.165413533834586,0,0.107142857142857,0.0711278195488722,6,10,1,0.0390909090909091,0.285714285714286,74.9542456140351,0.645200916293897,2,2,1,0.112857142857143,0.254854361936089,0.254854361936089,FALSE,0.218045112781955,"cfbd_returning+247_talent+transfer_portal+prior_player_ppa+week1_polls","2026-08-31 23:27:28 UTC"
"Wisconsin",2023,0.572,0.309,0.498,0.781954887218045,0.216808838173824,0.417172932330827,0.334676691729323,14,19,14,0.555909090909091,0.864661654135338,168.991039473684,1.46523379268552,7,4,0.571428571428571,0.43406015037594,0.735547363928132,0.735547363928132,TRUE,0.135338345864662,"cfbd_returning+247_talent+transfer_portal+prior_player_ppa+week1_polls","2026-08-31 23:27:28 UTC"
"Wyoming",2023,0.739,0.894,0.643,0.0827067669172932,0,0.166691729323308,0.0215864661654135,3,16,0,0,0,39.9351710526316,0.0943740485029919,3,3,1,0,0.0336915353155681,0.0336915353155681,FALSE,0.180451127819549,"cfbd_returning+247_talent+transfer_portal+prior_player_ppa+week1_polls","2026-08-31 23:27:28 UTC"
"Air Force",2024,0.338,0.106,0.217,0.0149253731343284,0,0.279985074626866,0.00988059701492537,0,11,0,0,0,0,-1.55728436818856,0,0,1,0,-1.21935366029164,0,FALSE,-0.417910447761194,"cfbd_returning+247_talent+transfer_portal+prior_player_ppa+week1_polls","2026-08-31 23:27:28 UTC"
"Akron",2024,0.27,0.074,0.215,0.246268656716418,0,0.018134328358209,0.179776119402985,15,22,11,0.421363636363636,0.417910447761194,6.33163100436681,-0.933142750893531,5,2,0.4,0.328059701492537,-0.732517059451422,0,FALSE,0.343283582089552,"cfbd_returning+247_talent+transfer_portal+prior_player_ppa+week1_polls","2026-08-31 23:27:28 UTC"
"Alabama",2024,0.602,1.009,0.547,1,0.806021875454622,0.521134328358209,0.398,14,38,14,0.573181818181818,0.626865671641791,25.5616310043668,-0.454799164568644,3,2,0.666666666666667,0.283970149253731,-0.206024021549596,0,FALSE,0.104477611940299,"cfbd_returning+247_talent+transfer_portal+prior_player_ppa+week1_polls","2026-08-31 23:27:28 UTC"
"App State",2024,0.879,0.966,0.792,0.380597014925373,0,0.688768656716418,0.0460522388059701,15,21,15,0.572272727272727,0.619402985074627,0,-1.55728436818856,2,0,0,0.128835820895522,-0.323915148583221,0,FALSE,-0.373134328358209,"cfbd_returning+247_talent+transfer_portal+prior_player_ppa+week1_polls","2026-08-31 23:27:28 UTC"
"Arizona",2024,0.616,0.909,0.542,0.58955223880597,0.16166071989158,0.547044776119403,0.226388059701493,24,31,23,0.863636363636364,0.902985074626866,99.3974410480349,0.353277252956738,7,4,0.571428571428571,0.413567164179104,0.161800981854186,0.161800981854186,FALSE,-0.0373134328358209,"cfbd_returning+247_talent+transfer_portal+prior_player_ppa+week1_polls","2026-08-31 23:27:28 UTC"
"Arizona State",2024,0.615,0.905,0.595,0.783582089552239,0,0.0183582089552239,0.301679104477612,28,28,26,0.871363636363636,0.932835820895522,40.1398886462882,-0.140759800323478,8,7,0.875,0.377798507462687,-0.0570077191310087,0,FALSE,0.380597014925373,"cfbd_returning+247_talent+transfer_portal+prior_player_ppa+week1_polls","2026-08-31 23:27:28 UTC"
"Arkansas",2024,0.527,0.027,0.307,0.813432835820896,0,0.2635,0.384753731343284,22,31,20,0.790454545454546,0.82089552238806,127.514962882096,0.674489750196082,7,6,0.857142857142857,0.568880597014925,0.467421396885885,0.467421396885885,FALSE,-0.0895522388059701,"cfbd_returning+247_talent+transfer_portal+prior_player_ppa+week1_polls","2026-08-31 23:27:28 UTC"
"Arkansas State",2024,0.859,1.045,0.849,0.365671641791045,0,0.288470149253731,0.0515597014925373,17,21,16,0.606818181818182,0.664179104477612,54.2047270742358,0.00935322694969021,5,2,0.4,0.100291044776119,0.00141233726940322,0.00141233726940322,FALSE,0.0746268656716418,"cfbd_returning+247_talent+transfer_portal+prior_player_ppa+week1_polls","2026-08-31 23:27:28 UTC"
"Army",2024,0.702,1.035,0.743,0.0149253731343284,0,0.188597014925373,0.00444776119402985,0,9,0,0,0,0,-1.55728436818856,0,0,1,0,-0.400222082624461,0,FALSE,0.141791044776119,"cfbd_returning+247_talent+transfer_portal+prior_player_ppa+week1_polls","2026-08-31 23:27:28 UTC"
"Auburn",2024,0.712,1.047,0.845,0.873134328358209,0,0.318805970149254,0.251462686567164,15,23,14,0.559545454545455,0.574626865671642,55.1216484716157,0.0280629546963022,4,2,0.5,0.0890671641791045,0.00434975797792684,0.00434975797792684,FALSE,-0.0373134328358209,"cfbd_returning+247_talent+transfer_portal+prior_player_ppa+week1_polls","2026-08-31 23:27:28 UTC"
"BYU",2024,0.564,-0.407,0.561,0.425373134328358,0,0.0505074626865672,0.185462686567164,9,17,8,0.313181818181818,0.276119402985075,37.6142227074236,-0.159678512344787,4,3,0.75,0.121216417910448,-0.0700988669193615,0,FALSE,0.32089552238806,"cfbd_returning+247_talent+transfer_portal+prior_player_ppa+week1_polls","2026-08-31 23:27:28 UTC"
"Ball State",2024,0.557,0.553,0.563,0.119402985074627,0,0.120544776119403,0.0528955223880597,11,16,10,0.375909090909091,0.350746268656716,53.4695414847162,-0.00935322694969035,4,2,0.5,0.153276119402985,-0.00408736017701468,0,FALSE,0.194029850746269,"cfbd_returning+247_talent+transfer_portal+prior_player_ppa+week1_polls","2026-08-31 23:27:28 UTC"
"Baylor",2024,0.552,0.308,0.596,0.67910447761194,0,0.0576716417910448,0.304238805970149,16,15,16,0.631363636363636,0.708955223880597,235.82496069869,1.65950077123139,4,4,1,0.286417910447761,0.670438311577482,0.670438311577482,TRUE,0.305970149253731,"cfbd_returning+247_talent+transfer_portal+prior_player_ppa+week1_polls","2026-08-31 23:27:28 UTC"
"Boise State",2024,0.5,0.562,0.486,0.432835820895522,0,0.33955223880597,0.216417910447761,8,14,8,0.308636363636364,0.26865671641791,11.3055152838428,-0.876796804779256,4,2,0.5,0.138089552238806,-0.450673557656538,0,FALSE,-0.26865671641791,"cfbd_returning+247_talent+transfer_portal+prior_player_ppa+week1_polls","2026-08-31 23:27:28 UTC"
"Boston College",2024,0.882,1.024,0.84,0.574626865671642,0,0.355432835820896,0.0678059701492537,10,17,10,0.395909090909091,0.399253731343284,107.275388646288,0.413685459025804,6,6,1,0.0638805970149254,0.0661896734441286,0.0661896734441286,FALSE,0.0074626865671642,"cfbd_returning+247_talent+transfer_portal+prior_player_ppa+week1_polls","2026-08-31 23:27:28 UTC"
"Bowling Green",2024,0.66,0.969,0.721,0.149253731343284,0,0.403880597014925,0.0507462686567164,13,15,10,0.380454545454545,0.358208955223881,18.1831179039301,-0.674489750196082,4,3,0.75,0.0999402985074627,-0.188182640304707,0,FALSE,-0.201492537313433,"cfbd_returning+247_talent+transfer_portal+prior_player_ppa+week1_polls","2026-08-31 23:27:28 UTC"
"Buffalo",2024,0.141,0.067,0.168,0.0671641791044776,0,0.0610298507462686,0.0576940298507463,17,17,9,0.337727272727273,0.313432835820896,32.1557456331878,-0.313723114943549,4,4,1,0.260776119402985,-0.261017631633032,0,FALSE,-0.0223880597014925,"cfbd_returning+247_talent+transfer_portal+prior_player_ppa+week1_polls","2026-08-31 23:27:28 UTC"
"California",2024,0.594,0.84,0.661,0.656716417910448,0,0.217208955223881,0.266626865671642,23,23,23,0.87,0.917910447761194,254.517515283843,1.83057382014542,9,7,0.777777777777778,0.311171641791045,0.620564525029298,0.620564525029298,TRUE,0.0447761194029851,"cfbd_returning+247_talent+transfer_portal+prior_player_ppa+week1_polls","2026-08-31 23:27:28 UTC"
"Central Michigan",2024,0.518,0.174,0.519,0.134328358208955,0,0.0618507462686567,0.0647462686567164,6,16,4,0.151363636363636,0.0671641791044776,23.08125,-0.583284949555049,3,1,0.333333333333333,0.0323059701492537,-0.280560060735979,0,FALSE,0.291044776119403,"cfbd_returning+247_talent+transfer_portal+prior_player_ppa+week1_polls","2026-08-31 23:27:28 UTC"
"Charlotte",2024,0.623,0.575,0.545,0.522388059701492,0,0.130179104477612,0.196940298507463,28,30,24,0.847272727272727,0.880597014925373,34.783135371179,-0.235999786530392,5,3,0.6,0.400671641791045,-0.107379902871328,0,FALSE,0.201492537313433,"cfbd_returning+247_talent+transfer_portal+prior_player_ppa+week1_polls","2026-08-31 23:27:28 UTC"
"Cincinnati",2024,0.308,-0.016,0.33,0.559701492537313,0,0.0965373134328358,0.387313432835821,24,32,22,0.865,0.91044776119403,103.111373362445,0.393392171559076,7,4,0.571428571428571,0.61,0.263572754944581,0.263572754944581,FALSE,0.0970149253731343,"cfbd_returning+247_talent+transfer_portal+prior_player_ppa+week1_polls","2026-08-31 23:27:28 UTC"
"Clemson",2024,0.774,0.872,0.778,0.970149253731343,0.465705228823228,0.693134328358209,0.219253731343284,0,11,0,0,0,0,-1.55728436818856,0,0,1,0,-0.345717129737861,0,FALSE,0.0074626865671642,"cfbd_returning+247_talent+transfer_portal+prior_player_ppa+week1_polls","2026-08-31 23:27:28 UTC"
"Coastal Carolina",2024,0.268,0.168,0.393,0.32089552238806,0,0.188,0.23489552238806,18,29,12,0.459090909090909,0.485074626865672,37.1065851528384,-0.178654554504596,7,5,0.714285714285714,0.294440298507463,-0.10844331458429,0,FALSE,-0.291044776119403,"cfbd_returning+247_talent+transfer_portal+prior_player_ppa+week1_polls","2026-08-31 23:27:28 UTC"
"Colorado",2024,0.665,0.994,0.621,0.776119402985075,0,0.148880597014925,0.26,41,41,39,0.888636363636364,0.988805970149254,100.893558951965,0.373259623922052,10,6,0.6,0.374757462686567,0.141465397466458,0.141465397466458,FALSE,0.186567164179104,"cfbd_returning+247_talent+transfer_portal+prior_player_ppa+week1_polls","2026-08-31 23:27:28 UTC"
"Colorado State",2024,0.635,0.914,0.733,0.283582089552239,0,0.165858208955224,0.103507462686567,11,19,6,0.23,0.126865671641791,5.28989737991266,-0.962455401894873,3,2,0.666666666666667,0.0338731343283582,-0.256975592305931,0,FALSE,0.149253731343284,"cfbd_returning+247_talent+transfer_portal+prior_player_ppa+week1_polls","2026-08-31 23:27:28 UTC"
"Connecticut",2024,0.291,0.01,0.397,0.253731343283582,0,0.039089552238806,0.17989552238806,24,20,20,0.761818181818182,0.813432835820896,72.4252663755459,0.159678512344787,8,5,0.625,0.4905,0.0962861429439066,0.0962861429439066,FALSE,0.276119402985075,"cfbd_returning+247_talent+transfer_portal+prior_player_ppa+week1_polls","2026-08-31 23:27:28 UTC"
"Duke",2024,0.496,0.533,0.496,0.485074626865672,0,0.288716417910448,0.244477611940299,18,21,16,0.626818181818182,0.694029850746269,79.2764650655022,0.197695153164197,4,4,1,0.349791044776119,0.0996383571947551,0.0996383571947551,FALSE,-0.171641791044776,"cfbd_returning+247_talent+transfer_portal+prior_player_ppa+week1_polls","2026-08-31 23:27:28 UTC"
"East Carolina",2024,0.328,-0.101,0.327,0.455223880597015,0,0.0244776119402985,0.305910447761194,17,33,16,0.617272727272727,0.67910447761194,19.4979585152838,-0.628233868748383,8,4,0.5,0.457037313432836,-0.422801393667662,0,FALSE,0.335820895522388,"cfbd_returning+247_talent+transfer_portal+prior_player_ppa+week1_polls","2026-08-31 23:27:28 UTC"
"Eastern Michigan",2024,0.206,0,0.112,0.194029850746269,0,0.00153731343283582,0.154059701492537,21,24,19,0.721818181818182,0.791044776119403,109.023884279476,0.454799164568644,8,6,0.75,0.70244776119403,0.403861658136956,0.403861658136956,FALSE,0.402985074626866,"cfbd_returning+247_talent+transfer_portal+prior_player_ppa+week1_polls","2026-08-31 23:27:28 UTC"
"Florida",2024,0.723,0.906,0.718,0.917910447761194,0,0.399268656716418,0.254261194029851,15,23,15,0.608636363636364,0.671641791044776,58.0563340611354,0.0842774751609893,4,4,1,0.189402985074627,0.023766247995399,0.023766247995399,FALSE,-0.141791044776119,"cfbd_returning+247_talent+transfer_portal+prior_player_ppa+week1_polls","2026-08-31 23:27:28 UTC"
"Florida Atlantic",2024,0.027,0.037,0.083,0.41044776119403,0,0.00745522388059701,0.399365671641791,20,34,17,0.648181818181818,0.73134328358209,176.227323144105,1.15946018495082,9,7,0.777777777777778,0.670641791044776,1.06322498959991,1.06322498959991,TRUE,0.134328358208955,"cfbd_returning+247_talent+transfer_portal+prior_player_ppa+week1_polls","2026-08-31 23:27:28 UTC"
"Florida International",2024,0.599,0.93,0.804,0.17910447761194,0,0.0849328358208955,0.0718208955223881,10,16,9,0.339545454545455,0.32089552238806,2.37,-1.12357343777441,4,1,0.25,0.0628955223880597,-0.220220393803785,0,FALSE,0.26865671641791,"cfbd_returning+247_talent+transfer_portal+prior_player_ppa+week1_polls","2026-08-31 23:27:28 UTC"
"Florida State",2024,0.211,-0.047,0.262,0.91044776119403,0.634721254488794,0.168485074626866,0.71834328358209,17,19,17,0.690454545454545,0.76865671641791,189.869336244541,1.23610937528599,5,4,0.8,0.567268656716418,0.912248718961057,0.912248718961057,TRUE,0.134328358208955,"cfbd_returning+247_talent+transfer_portal+prior_player_ppa+week1_polls","2026-08-31 23:27:28 UTC"
"Fresno State",2024,0.683,0.884,0.762,0.343283582089552,0,0.42305223880597,0.108820895522388,7,11,7,0.272727272727273,0.17910447761194,66.1234475982533,0.121891339416723,3,2,0.666666666666667,0.0426268656716418,0.0290101387811802,0.0290101387811802,FALSE,-0.208955223880597,"cfbd_returning+247_talent+transfer_portal+prior_player_ppa+week1_polls","2026-08-31 23:27:28 UTC"
"Georgia",2024,0.604,0.966,0.579,0.992537313432836,1,0.594985074626866,0.393044776119403,11,26,9,0.370454545454545,0.343283582089552,112.6335,0.51797227716101,6,5,0.833333333333333,0.144522388059701,0.218066328684785,0.218066328684785,FALSE,0.0149253731343284,"cfbd_returning+247_talent+transfer_portal+prior_player_ppa+week1_polls","2026-08-31 23:27:28 UTC"
"Georgia Southern",2024,0.414,0.054,0.375,0.223880597014925,0,0.135940298507463,0.131194029850746,12,19,8,0.302727272727273,0.246268656716418,1.75649126637555,-1.23610937528599,3,2,0.666666666666667,0.153917910447761,-0.772568359553741,0,FALSE,0.082089552238806,"cfbd_returning+247_talent+transfer_portal+prior_player_ppa+week1_polls","2026-08-31 23:27:28 UTC"
"Georgia State",2024,0.314,0.057,0.136,0.328358208955224,0,0.119507462686567,0.225253731343284,31,34,28,0.834090909090909,0.858208955223881,45.6438493449782,-0.0467825120118878,9,6,0.666666666666667,0.741492537313433,-0.040420090378271,0,FALSE,0.0298507462686567,"cfbd_returning+247_talent+transfer_portal+prior_player_ppa+week1_polls","2026-08-31 23:27:28 UTC"
"Georgia Tech",2024,0.849,1,0.852,0.664179104477612,0,0.348470149253731,0.100291044776119,12,33,11,0.431818181818182,0.432835820895522,4.76078602620087,-1.02371449008642,2,2,1,0.0640597014925373,-0.15150974453279,0,FALSE,0,"cfbd_returning+247_talent+transfer_portal+prior_player_ppa+week1_polls","2026-08-31 23:27:28 UTC"
"Hawai'i",2024,0.896,0.964,0.883,0.201492537313433,0,0.100298507462687,0.020955223880597,6,11,4,0.154545454545455,0.0746268656716418,-4.82709170305677,-2.67545960569272,2,1,0.5,0.00873134328358209,-0.313028773866049,0,FALSE,0.298507462686567,"cfbd_returning+247_talent+transfer_portal+prior_player_ppa+week1_polls","2026-08-31 23:27:28 UTC"
"Houston",2024,0.636,0.977,0.828,0.514925373134328,0,0.161373134328358,0.187432835820896,27,34,27,0.870454545454545,0.925373134328358,152.131139737991,0.849645174834059,6,6,1,0.159164179104478,0.146138970071458,0.146138970071458,FALSE,0.156716417910448,"cfbd_returning+247_talent+transfer_portal+prior_player_ppa+week1_polls","2026-08-31 23:27:28 UTC"
"Illinois",2024,0.447,0.547,0.554,0.537313432835821,0,0.196813432835821,0.297134328358209,12,24,11,0.433181818181818,0.440298507462687,24.1379126637555,-0.51797227716101,3,2,0.666666666666667,0.196373134328358,-0.231015635613811,0,FALSE,-0.0298507462686567,"cfbd_returning+247_talent+transfer_portal+prior_player_ppa+week1_polls","2026-08-31 23:27:28 UTC"
"Indiana",2024,0.432,0.432,0.285,0.582089552238806,0,0.0741492537313433,0.330626865671642,30,42,27,0.872272727272727,0.947761194029851,385.643008733624,2.67545960569273,11,11,1,0.677649253731343,1.9129536180703,1.9129536180703,TRUE,0.238805970149254,"cfbd_returning+247_talent+transfer_portal+prior_player_ppa+week1_polls","2026-08-31 23:27:28 UTC"
"Iowa",2024,0.545,-0.145,0.617,0.716417910447761,0.0999441054187117,0.15455223880597,0.325970149253731,4,12,3,0.116363636363636,0.0522388059701493,23.3869388646288,-0.539485008032636,3,2,0.666666666666667,0.0200074626865672,-0.2066227580765,0,FALSE,0.537313432835821,"cfbd_returning+247_talent+transfer_portal+prior_player_ppa+week1_polls","2026-08-31 23:27:28 UTC"
"Iowa State",2024,0.901,0.945,0.762,0.5,0,0.591701492537313,0.0495,8,21,7,0.275454545454545,0.186567164179104,79.564827510917,0.216807702564446,3,3,1,0.0444029850746269,0.0516002332103382,0.0516002332103382,FALSE,-0.246268656716418,"cfbd_returning+247_talent+transfer_portal+prior_player_ppa+week1_polls","2026-08-31 23:27:28 UTC"
"Jacksonville State",2024,0.399,0.366,0.405,0.0597014925373134,0,0.285850746268657,0.0358805970149254,19,14,13,0.491363636363636,0.514925373134328,93.4499104803493,0.333434969426573,9,7,0.777777777777778,0.306380597014925,0.198393806808811,0.198393806808811,FALSE,-0.305970149253731,"cfbd_returning+247_talent+transfer_portal+prior_player_ppa+week1_polls","2026-08-31 23:27:28 UTC"
"James Madison",2024,0.037,-0.016,0.056,0.111940298507463,0,0.0323059701492537,0.107798507462687,26,23,17,0.65,0.738805970149254,125.00493231441,0.651187632101217,10,7,0.7,0.697432835820896,0.614721124703548,0.614721124703548,TRUE,-0.462686567164179,"cfbd_returning+247_talent+transfer_portal+prior_player_ppa+week1_polls","2026-08-31 23:27:28 UTC"
"Kansas",2024,0.641,0.314,0.69,0.641791044776119,0.143573463090434,0.483141791044776,0.230402985074627,11,13,10,0.395909090909091,0.399253731343284,0,-1.55728436818856,3,0,0,0.123768656716418,-0.482758154138455,0,FALSE,0.0895522388059702,"cfbd_returning+247_talent+transfer_portal+prior_player_ppa+week1_polls","2026-08-31 23:27:28 UTC"
"Kansas State",2024,0.387,0.147,0.396,0.529850746268657,0.324163686898463,0.314798507462687,0.324798507462687,10,17,8,0.316818181818182,0.291044776119403,93.211288209607,0.313723114943549,4,4,1,0.175791044776119,0.189488761425903,0.189488761425903,FALSE,0.0671641791044776,"cfbd_returning+247_talent+transfer_portal+prior_player_ppa+week1_polls","2026-08-31 23:27:28 UTC"
"Kennesaw State",2024,,,,0.0298507462686567,0,,,10,3,8,0.295909090909091,0.223880597014925,0,-1.55728436818856,4,0,0,,,,,-0.358208955223881,"cfbd_returning+247_talent+transfer_portal+prior_player_ppa+week1_polls","2026-08-31 23:27:28 UTC"
"Kent State",2024,0.708,0.558,0.502,0.0746268656716418,0,0.0369850746268657,0.0217910447761194,16,17,14,0.522727272727273,0.548507462686567,4.30536681222707,-1.05583243655666,6,1,0.166666666666667,0.27315671641791,-0.525804553405215,0,FALSE,0.358208955223881,"cfbd_returning+247_talent+transfer_portal+prior_player_ppa+week1_polls","2026-08-31 23:27:28 UTC"
"Kentucky",2024,0.36,0.079,0.186,0.828358208955224,0,0.163880597014925,0.530149253731343,12,23,11,0.440909090909091,0.447761194029851,82.310251091703,0.255279201513148,6,3,0.5,0.364477611940299,0.207797270031703,0.207797270031703,FALSE,-0.044776119402985,"cfbd_returning+247_talent+transfer_portal+prior_player_ppa+week1_polls","2026-08-31 23:27:28 UTC"
"LSU",2024,0.203,0.121,0.302,0.940298507462687,0.534396223670207,0.189365671641791,0.749417910447761,10,27,9,0.362727272727273,0.335820895522388,145.296554585153,0.797134133643776,4,4,1,0.234402985074627,0.556399625283356,0.556399625283356,TRUE,-0.0149253731343284,"cfbd_returning+247_talent+transfer_portal+prior_player_ppa+week1_polls","2026-08-31 23:27:28 UTC"
"Liberty",2024,0.738,1.03,0.821,0.350746268656716,0,0.671910447761194,0.0918955223880597,18,18,15,0.567727272727273,0.611940298507463,23.0834366812227,-0.561250375758602,5,4,0.8,0.109537313432836,-0.10046381726079,0,FALSE,-0.5,"cfbd_returning+247_talent+transfer_portal+prior_player_ppa+week1_polls","2026-08-31 23:27:28 UTC"
"Louisiana",2024,0.476,0.437,0.577,0.298507462686567,0,0.255761194029851,0.156417910447761,7,6,5,0.194090909090909,0.0895522388059701,0,-1.55728436818856,1,0,0,0.0378805970149254,-0.658731287743762,0,FALSE,-0.126865671641791,"cfbd_returning+247_talent+transfer_portal+prior_player_ppa+week1_polls","2026-08-31 23:27:28 UTC"
"Louisiana Tech",2024,0.261,0.379,0.27,0.238805970149254,0,0.052589552238806,0.176477611940299,12,22,9,0.345,0.328358208955224,37.0123231441048,-0.197695153164197,2,2,1,0.239701492537313,-0.144317461809864,0,FALSE,0.208955223880597,"cfbd_returning+247_talent+transfer_portal+prior_player_ppa+week1_polls","2026-08-31 23:27:28 UTC"
"Louisville",2024,0.153,0.066,0.171,0.738805970149254,0,0.13815671641791,0.625768656716418,28,29,27,0.880909090909091,0.977611940298508,156.343419213974,0.9046107432864,8,7,0.875,0.810440298507463,0.749922306184425,0.749922306184425,TRUE,-0.492537313432836,"cfbd_returning+247_talent+transfer_portal+prior_player_ppa+week1_polls","2026-08-31 23:27:28 UTC"
"Marshall",2024,0.269,0.206,0.26,0.402985074626866,0,0.10639552238806,0.294582089552239,28,33,21,0.806363636363636,0.843283582089552,123.558934497817,0.628233868748383,10,8,0.8,0.624029850746269,0.464893062873803,0.464893062873803,FALSE,0.0149253731343284,"cfbd_returning+247_talent+transfer_portal+prior_player_ppa+week1_polls","2026-08-31 23:27:28 UTC"
"Maryland",2024,0.37,-0.038,0.413,0.626865671641791,0,0.303731343283582,0.394925373134328,8,13,6,0.236818181818182,0.141791044776119,18.7314279475983,-0.651187632101217,1,1,1,0.0832313432835821,-0.382247140043414,0,FALSE,-0.41044776119403,"cfbd_returning+247_talent+transfer_portal+prior_player_ppa+week1_polls","2026-08-31 23:27:28 UTC"
"Massachusetts",2024,0.339,0.501,0.393,0.395522388059701,0,0.0430074626865672,0.261440298507463,29,23,22,0.835454545454545,0.865671641791045,55.3351572052402,0.0467825120118878,11,7,0.636363636363636,0.525462686567164,0.0283969847912159,0.0283969847912159,FALSE,0.283582089552239,"cfbd_returning+247_talent+transfer_portal+prior_player_ppa+week1_polls","2026-08-31 23:27:28 UTC"
"Memphis",2024,0.798,0.937,0.735,0.470149253731343,0,0.643164179104478,0.0949701492537313,30,24,27,0.857272727272727,0.895522388059702,5.27152620087336,-0.99261928625352,4,2,0.5,0.237313432835821,-0.263044110857183,0,FALSE,-0.395522388059701,"cfbd_returning+247_talent+transfer_portal+prior_player_ppa+week1_polls","2026-08-31 23:27:28 UTC"
"Miami",2024,0.474,0.183,0.413,0.902985074626866,0.267612535699792,0.353731343283582,0.474970149253731,14,28,14,0.566363636363636,0.604477611940298,205.50385371179,1.41620183804292,4,3,0.75,0.354828358208955,0.831310478931192,0.831310478931192,TRUE,0.119402985074627,"cfbd_returning+247_talent+transfer_portal+prior_player_ppa+week1_polls","2026-08-31 23:27:28 UTC"
"Miami (OH)",2024,0.6,0.816,0.494,0.186567164179104,0,0.304477611940298,0.0746268656716418,5,11,2,0.0759090909090909,0.0373134328358209,0.923152838427947,-1.27731081390687,4,4,1,0.0188805970149254,-0.646319271836879,0,FALSE,-0.0970149253731343,"cfbd_returning+247_talent+transfer_portal+prior_player_ppa+week1_polls","2026-08-31 23:27:28 UTC"
"Michigan",2024,0.26,0.083,0.321,0.888059701492537,0.670779959112731,0.258059701492537,0.657164179104478,7,17,7,0.277272727272727,0.201492537313433,20.9173930131004,-0.605606448249031,1,1,1,0.136813432835821,-0.411206778361092,0,FALSE,-0.0522388059701492,"cfbd_returning+247_talent+transfer_portal+prior_player_ppa+week1_polls","2026-08-31 23:27:28 UTC"
"Michigan State",2024,0.301,0.022,0.314,0.701492537313433,0,0.0134776119402985,0.49034328358209,24,46,22,0.875,0.962686567164179,129.270170305677,0.69816401678787,4,3,0.75,0.660402985074627,0.478940515516479,0.478940515516479,FALSE,0.365671641791045,"cfbd_returning+247_talent+transfer_portal+prior_player_ppa+week1_polls","2026-08-31 23:27:28 UTC"
"Middle Tennessee",2024,0.555,0.945,0.795,0.171641791044776,0,0.198805970149254,0.0763805970149254,12,30,8,0.303636363636364,0.253731343283582,6.91722707423581,-0.9046107432864,6,3,0.5,0.0520149253731343,-0.185445202373712,0,FALSE,0.0522388059701493,"cfbd_returning+247_talent+transfer_portal+prior_player_ppa+week1_polls","2026-08-31 23:27:28 UTC"
"Minnesota",2024,0.55,0.08,0.386,0.671641791044776,0,0.127238805970149,0.302238805970149,12,18,12,0.476363636363636,0.5,173.294237991266,1.08907819863297,7,4,0.571428571428571,0.307,0.668694013960643,0.668694013960643,TRUE,0.17910447761194,"cfbd_returning+247_talent+transfer_portal+prior_player_ppa+week1_polls","2026-08-31 23:27:28 UTC"
"Mississippi",2024,0.816,0.896,0.642,0.858208955223881,0.761588554627382,0.645492537313433,0.157910447761194,25,24,25,0.895,1,150.564762008734,0.823105922432874,9,8,0.888888888888889,0.358,0.294671920230969,0.294671920230969,FALSE,0.171641791044776,"cfbd_returning+247_talent+transfer_portal+prior_player_ppa+week1_polls","2026-08-31 23:27:28 UTC"
"Mississippi State",2024,0.191,-0.081,0.223,0.753731343283582,0,0.0299328358208955,0.609768656716418,18,27,17,0.668636363636364,0.761194029850746,228.21796069869,1.5895321636864,7,7,1,0.59144776119403,1.23506649118433,1.23506649118433,TRUE,0.253731343283582,"cfbd_returning+247_talent+transfer_portal+prior_player_ppa+week1_polls","2026-08-31 23:27:28 UTC"
"Missouri",2024,0.875,1,0.659,0.865671641791045,0.598733375190463,0.737873134328358,0.108208955223881,15,19,14,0.565909090909091,0.597014925373134,41.119768558952,-0.103066178398909,3,3,1,0.203582089552239,-0.0351455668340279,0,FALSE,0.082089552238806,"cfbd_returning+247_talent+transfer_portal+prior_player_ppa+week1_polls","2026-08-31 23:27:28 UTC"
"Navy",2024,0.575,-7.621,0.603,0.0149253731343284,0,0.184514925373134,0.00634328358208955,0,6,0,0,0,0,-1.55728436818856,0,0,1,0,-0.61824189417086,0,FALSE,0.0895522388059702,"cfbd_returning+247_talent+transfer_portal+prior_player_ppa+week1_polls","2026-08-31 23:27:28 UTC"
"Nebraska",2024,0.625,0.543,0.589,0.835820895522388,0,0.303171641791045,0.313432835820896,8,10,7,0.281818181818182,0.208955223880597,42.1778165938865,-0.0842774751609892,3,1,0.333333333333333,0.0858805970149254,-0.0346380422911665,0,FALSE,-0.0746268656716418,"cfbd_returning+247_talent+transfer_portal+prior_player_ppa+week1_polls","2026-08-31 23:27:28 UTC"
"Nevada",2024,0.493,0.874,0.682,0.216417910447761,0,0.0183955223880597,0.109723880597015,22,23,17,0.647272727272727,0.723880597014925,57.4487434497817,0.0655184787511032,9,5,0.555555555555556,0.230194029850746,0.0208348762428508,0.0208348762428508,FALSE,0.373134328358209,"cfbd_returning+247_talent+transfer_portal+prior_player_ppa+week1_polls","2026-08-31 23:27:28 UTC"
"New Mexico",2024,0.349,0.219,0.261,0.126865671641791,0,0.106783582089552,0.082589552238806,28,26,21,0.791818181818182,0.828358208955224,27.3024519650655,-0.393392171559076,6,4,0.666666666666667,0.61215671641791,-0.290716814782157,0,FALSE,0.104477611940299,"cfbd_returning+247_talent+transfer_portal+prior_player_ppa+week1_polls","2026-08-31 23:27:28 UTC"
"New Mexico State",2024,0.137,0,0.099,0.0447761194029851,0,0.0817910447761194,0.0386417910447761,13,40,7,0.267272727272727,0.164179104477612,4.22624454148472,-1.08907819863297,3,1,0.333333333333333,0.147925373134328,-0.981259456968305,0,FALSE,-0.186567164179104,"cfbd_returning+247_talent+transfer_portal+prior_player_ppa+week1_polls","2026-08-31 23:27:28 UTC"
"North Carolina",2024,0.451,-0.01,0.454,0.843283582089552,0,0.313007462686567,0.462962686567164,10,23,10,0.393636363636364,0.388059701492537,77.1201986899563,0.178654554504596,4,4,1,0.211880597014925,0.0975453867595095,0.0975453867595095,FALSE,-0.283582089552239,"cfbd_returning+247_talent+transfer_portal+prior_player_ppa+week1_polls","2026-08-31 23:27:28 UTC"
"North Carolina State",2024,0.34,0.041,0.221,0.708955223880597,0.134988285108305,0.215671641791045,0.467910447761194,15,23,15,0.602272727272727,0.656716417910448,158.32876419214,0.962455401894873,6,4,0.666666666666667,0.511582089552239,0.749752758076106,0.749752758076106,TRUE,0.201492537313433,"cfbd_returning+247_talent+transfer_portal+prior_player_ppa+week1_polls","2026-08-31 23:27:28 UTC"
"North Texas",2024,0.195,0.062,0.1,0.417910447761194,0,0.0582089552238806,0.336417910447761,25,36,19,0.725454545454545,0.798507462686567,113.413209606987,0.539485008032636,8,6,0.75,0.71865671641791,0.485536507229373,0.485536507229373,FALSE,0.111940298507463,"cfbd_returning+247_talent+transfer_portal+prior_player_ppa+week1_polls","2026-08-31 23:27:28 UTC"
"Northern Illinois",2024,0.596,0.218,0.575,0.082089552238806,0,0.373611940298507,0.0331641791044776,6,19,6,0.228636363636364,0.119402985074627,31.0765283842795,-0.333434969426573,4,2,0.5,0.0507462686567164,-0.141709862006294,0,FALSE,-0.216417910447761,"cfbd_returning+247_talent+transfer_portal+prior_player_ppa+week1_polls","2026-08-31 23:27:28 UTC"
"Northwestern",2024,0.419,0.057,0.42,0.597014925373134,0,0.15634328358209,0.346865671641791,6,12,6,0.230454545454545,0.134328358208955,12.2768209606987,-0.849645174834059,1,1,1,0.077910447761194,-0.492794201403754,0,FALSE,0.0373134328358209,"cfbd_returning+247_talent+transfer_portal+prior_player_ppa+week1_polls","2026-08-31 23:27:28 UTC"
"Notre Dame",2024,0.373,0.247,0.346,0.932835820895522,0.721393268148511,0.364649253731343,0.584888059701493,9,18,8,0.323181818181818,0.298507462686567,156.430652838428,0.933142750893531,5,5,1,0.195223880597015,0.61027535908437,0.61027535908437,TRUE,-0.0223880597014926,"cfbd_returning+247_talent+transfer_portal+prior_player_ppa+week1_polls","2026-08-31 23:27:28 UTC"
"Ohio",2024,0.13,0.073,0.095,0.0895522388059701,0,0.111567164179104,0.077910447761194,21,26,12,0.45,0.462686567164179,36.6344213973799,-0.216807702564446,8,3,0.375,0.418731343283582,-0.196210970820824,0,FALSE,-0.447761194029851,"cfbd_returning+247_talent+transfer_portal+prior_player_ppa+week1_polls","2026-08-31 23:27:28 UTC"
"Ohio State",2024,0.224,0.024,0.318,0.985074626865672,0.963565155471161,0.217313432835821,0.764417910447761,7,26,7,0.295454545454545,0.216417910447761,180.457150655022,1.19690577349211,4,3,0.75,0.147597014925373,0.816289737521616,0.816289737521616,TRUE,0.0223880597014925,"cfbd_returning+247_talent+transfer_portal+prior_player_ppa+week1_polls","2026-08-31 23:27:28 UTC"
"Oklahoma",2024,0.394,0.171,0.37,0.947761194029851,0.40796631777218,0.376358208955224,0.57434328358209,16,25,13,0.522727272727273,0.548507462686567,109.673844978166,0.496696650119039,6,5,0.833333333333333,0.345559701492537,0.312918889574995,0.312918889574995,FALSE,-0.0671641791044776,"cfbd_returning+247_talent+transfer_portal+prior_player_ppa+week1_polls","2026-08-31 23:27:28 UTC"
"Oklahoma State",2024,0.821,0.972,0.8,0.611940298507463,0.307185707832133,0.349231343283582,0.109537313432836,8,11,8,0.315909090909091,0.283582089552239,25.3602423580786,-0.475643529580792,5,4,0.8,0.0567164179104477,-0.0951287059161584,0,FALSE,0.447761194029851,"cfbd_returning+247_talent+transfer_portal+prior_player_ppa+week1_polls","2026-08-31 23:27:28 UTC"
"Old Dominion",2024,0.562,0.791,0.567,0.0522388059701493,0,0.163567164179104,0.0228805970149254,15,32,10,0.381363636363636,0.369402985074627,16.3458930131004,-0.722236227324625,7,4,0.571428571428571,0.159951492537313,-0.312728286431563,0,FALSE,0.119402985074627,"cfbd_returning+247_talent+transfer_portal+prior_player_ppa+week1_polls","2026-08-31 23:27:28 UTC"
"Oregon",2024,0.356,0.077,0.323,0.962686567164179,0.908044799889742,0.356,0.619970149253731,14,20,13,0.534545454545455,0.567164179104478,347.499624454148,2.28371884672858,4,3,0.75,0.383970149253731,1.54607765923525,1.54607765923525,TRUE,-0.0149253731343284,"cfbd_returning+247_talent+transfer_portal+prior_player_ppa+week1_polls","2026-08-31 23:27:28 UTC"
"Oregon State",2024,0.07,0.003,0.078,0.462686567164179,0,0.0543283582089552,0.430298507462687,16,25,16,0.625909090909091,0.686567164179104,158.420462882096,0.99261928625352,6,3,0.5,0.633014925373134,0.915194981925746,0.915194981925746,TRUE,-0.365671641791045,"cfbd_returning+247_talent+transfer_portal+prior_player_ppa+week1_polls","2026-08-31 23:27:28 UTC"
"Penn State",2024,0.737,0.968,0.856,0.925373134328358,0.671832768006861,0.6985,0.243373134328358,6,13,5,0.204090909090909,0.111940298507463,15.1475414847162,-0.746734433041225,1,1,1,0.0161194029850746,-0.107529758357936,0,FALSE,0,"cfbd_returning+247_talent+transfer_portal+prior_player_ppa+week1_polls","2026-08-31 23:27:28 UTC"
"Pittsburgh",2024,0.561,0.456,0.418,0.686567164179104,0,0.192582089552239,0.301402985074627,14,22,13,0.511363636363636,0.529850746268657,34.5466310043668,-0.255279201513148,4,1,0.25,0.308373134328358,-0.148572495280652,0,FALSE,0.0671641791044776,"cfbd_returning+247_talent+transfer_portal+prior_player_ppa+week1_polls","2026-08-31 23:27:28 UTC"
"Purdue",2024,0.497,0.909,0.688,0.73134328358209,0,0.174320895522388,0.367865671641791,18,28,16,0.634090909090909,0.716417910447761,28.6002445414847,-0.353277252956738,4,3,0.75,0.223522388059702,-0.110222502922502,0,FALSE,0.0597014925373134,"cfbd_returning+247_talent+transfer_portal+prior_player_ppa+week1_polls","2026-08-31 23:27:28 UTC"
"Rice",2024,0.47,0.075,0.512,0.261194029850746,0,0.277089552238806,0.138432835820896,10,3,8,0.302272727272727,0.238805970149254,132.239745633188,0.722236227324625,4,3,0.75,0.116537313432836,0.352451278934417,0.352451278934417,FALSE,-0.17910447761194,"cfbd_returning+247_talent+transfer_portal+prior_player_ppa+week1_polls","2026-08-31 23:27:28 UTC"
"Rutgers",2024,0.433,0.084,0.421,0.567164179104478,0,0.242350746268657,0.321582089552239,6,15,5,0.194545454545455,0.100746268656716,114.942331877729,0.561250375758602,3,2,0.666666666666667,0.0583320895522388,0.324963967564231,0.324963967564231,FALSE,-0.149253731343284,"cfbd_returning+247_talent+transfer_portal+prior_player_ppa+week1_polls","2026-08-31 23:27:28 UTC"
"SMU",2024,0.924,0.989,0.915,0.82089552238806,0,0.868835820895522,0.0623880597014925,20,16,19,0.751818181818182,0.805970149253731,16.8322729257642,-0.69816401678787,3,1,0.333333333333333,0.0685074626865671,-0.059343941426969,0,FALSE,-0.529850746268657,"cfbd_returning+247_talent+transfer_portal+prior_player_ppa+week1_polls","2026-08-31 23:27:28 UTC"
"Sam Houston",2024,0.425,-0.004,0.48,0.156716417910448,0,0.0761194029850746,0.0901119402985075,12,5,5,0.189545454545455,0.082089552238806,86.5880655021834,0.274653981162309,4,1,0.25,0.0426865671641791,0.1428200702044,0.1428200702044,FALSE,0.23134328358209,"cfbd_returning+247_talent+transfer_portal+prior_player_ppa+week1_polls","2026-08-31 23:27:28 UTC"
"San Diego State",2024,0.382,0,0.408,0.440298507462687,0,0.0741194029850746,0.27210447761194,24,36,22,0.849545454545454,0.888059701492537,91.0876899563319,0.294132422643815,8,6,0.75,0.525731343283582,0.174126394205139,0.174126394205139,FALSE,0.216417910447761,"cfbd_returning+247_talent+transfer_portal+prior_player_ppa+week1_polls","2026-08-31 23:27:28 UTC"
"San Jose State",2024,0.24,-0.006,0.118,0.141791044776119,0,0.164776119402985,0.107761194029851,14,27,7,0.263181818181818,0.149253731343284,26.6478908296943,-0.413685459025804,7,2,0.285714285714286,0.131641791044776,-0.364870574860759,0,FALSE,-0.276119402985075,"cfbd_returning+247_talent+transfer_portal+prior_player_ppa+week1_polls","2026-08-31 23:27:28 UTC"
"South Alabama",2024,0.374,0.153,0.343,0.305970149253731,0,0.360044776119403,0.191537313432836,15,16,8,0.300454545454545,0.23134328358209,-2.16886462882096,-2.28371884672858,4,3,0.75,0.151992537313433,-1.50040328230067,0,FALSE,-0.552238805970149,"cfbd_returning+247_talent+transfer_portal+prior_player_ppa+week1_polls","2026-08-31 23:27:28 UTC"
"South Carolina",2024,0.191,0.099,0.138,0.850746268656716,0,0.0983507462686567,0.688253731343283,22,26,20,0.799545454545455,0.835820895522388,202.786866812227,1.32080268513318,11,8,0.727272727272727,0.720477611940298,1.1385319145848,1.1385319145848,TRUE,-0.104477611940299,"cfbd_returning+247_talent+transfer_portal+prior_player_ppa+week1_polls","2026-08-31 23:27:28 UTC"
"South Florida",2024,0.859,1,0.905,0.492537313432836,0,0.358985074626866,0.0694477611940299,14,21,8,0.307272727272727,0.261194029850746,34.23796069869,-0.274653981162308,6,3,0.5,0.0248134328358209,-0.0260921282104193,0,FALSE,-0.00746268656716415,"cfbd_returning+247_talent+transfer_portal+prior_player_ppa+week1_polls","2026-08-31 23:27:28 UTC"
"Southern California",2024,0.223,0.19,0.196,0.895522388059702,0.129082984311233,0.148111940298507,0.695820895522388,16,29,14,0.560909090909091,0.582089552238806,203.894941048035,1.36694740699034,6,4,0.666666666666667,0.468,1.09902571522023,1.09902571522023,TRUE,0.164179104477612,"cfbd_returning+247_talent+transfer_portal+prior_player_ppa+week1_polls","2026-08-31 23:27:28 UTC"
"Southern Miss",2024,0.223,0.161,0.283,0.335820895522388,0,0.0332835820895522,0.260932835820896,17,7,17,0.654090909090909,0.746268656716418,14.5370218340611,-0.771689236036858,4,2,0.5,0.535074626865672,-0.553301182238428,0,FALSE,0.261194029850746,"cfbd_returning+247_talent+transfer_portal+prior_player_ppa+week1_polls","2026-08-31 23:27:28 UTC"
"Stanford",2024,0.848,1.006,0.834,0.694029850746269,0,0.0189850746268657,0.105492537313433,4,14,3,0.117272727272727,0.0597014925373134,0,-1.55728436818856,1,0,0,0.00991044776119403,-0.258509205119301,0,FALSE,0.388059701492537,"cfbd_returning+247_talent+transfer_portal+prior_player_ppa+week1_polls","2026-08-31 23:27:28 UTC"
"Syracuse",2024,0.315,0.163,0.48,0.649253731343284,0,0.166902985074627,0.444738805970149,19,29,18,0.713181818181818,0.779850746268657,259.544681222707,1.94116055466244,6,4,0.666666666666667,0.405522388059701,1.00940348842447,1.00940348842447,TRUE,-0.119402985074627,"cfbd_returning+247_talent+transfer_portal+prior_player_ppa+week1_polls","2026-08-31 23:27:28 UTC"
"TCU",2024,0.544,0.585,0.522,0.798507462686567,0,0.353194029850746,0.364119402985075,23,20,22,0.871818181818182,0.940298507462687,116.403788209607,0.583284949555049,6,4,0.666666666666667,0.449462686567164,0.278810205887313,0.278810205887313,FALSE,-0.238805970149254,"cfbd_returning+247_talent+transfer_portal+prior_player_ppa+week1_polls","2026-08-31 23:27:28 UTC"
"Temple",2024,0.236,-0.016,0.175,0.23134328358209,0,0.0193731343283582,0.176746268656716,15,31,12,0.458636363636364,0.477611940298507,33.5698449781659,-0.294132422643815,3,3,1,0.394029850746269,-0.242659248681148,0,FALSE,0.328358208955224,"cfbd_returning+247_talent+transfer_portal+prior_player_ppa+week1_polls","2026-08-31 23:27:28 UTC"
"Tennessee",2024,0.331,0.071,0.357,0.880597014925373,0.432926502454002,0.251955223880597,0.589119402985075,9,16,8,0.325909090909091,0.305970149253731,80.823788209607,0.235999786530392,4,3,0.75,0.196738805970149,0.151747862739042,0.151747862739042,FALSE,0.134328358208955,"cfbd_returning+247_talent+transfer_portal+prior_player_ppa+week1_polls","2026-08-31 23:27:28 UTC"
"Texas",2024,0.466,0.814,0.561,0.977611940298508,0.900663652442899,0.427746268656716,0.522044776119403,10,25,10,0.413181818181818,0.41044776119403,152.595661572052,0.876796804779256,4,4,1,0.180186567164179,0.384913797298093,0.384913797298093,FALSE,0.0597014925373135,"cfbd_returning+247_talent+transfer_portal+prior_player_ppa+week1_polls","2026-08-31 23:27:28 UTC"
"Texas A&M",2024,0.573,0.564,0.631,0.955223880597015,0.195373574879597,0.414783582089552,0.407880597014925,26,32,23,0.888636363636364,0.988805970149254,119.323403930131,0.605606448249031,8,5,0.625,0.364869402985075,0.223468779403892,0.223468779403892,FALSE,0.134328358208955,"cfbd_returning+247_talent+transfer_portal+prior_player_ppa+week1_polls","2026-08-31 23:27:28 UTC"
"Texas State",2024,0.391,0.008,0.362,0.26865671641791,0,0.277201492537313,0.163611940298507,30,22,23,0.845454545454545,0.873134328358209,286.363465065502,2.08231799999238,12,9,0.75,0.557059701492537,1.32851888399514,1.32851888399514,TRUE,-0.298507462686567,"cfbd_returning+247_talent+transfer_portal+prior_player_ppa+week1_polls","2026-08-31 23:27:28 UTC"
"Texas Tech",2024,0.565,0.765,0.742,0.723880597014925,0,0.278283582089552,0.314888059701493,16,24,15,0.593636363636364,0.649253731343284,108.415406113537,0.434150570738794,6,4,0.666666666666667,0.167507462686567,0.112010847250609,0.112010847250609,FALSE,-0.0820895522388059,"cfbd_returning+247_talent+transfer_portal+prior_player_ppa+week1_polls","2026-08-31 23:27:28 UTC"
"Toledo",2024,0.459,0.168,0.421,0.358208955223881,0,0.424746268656716,0.193791044776119,7,11,7,0.266363636363636,0.156716417910448,0,-1.55728436818856,1,0,0,0.0907388059701493,-0.901667649181178,0,FALSE,-0.514925373134328,"cfbd_returning+247_talent+transfer_portal+prior_player_ppa+week1_polls","2026-08-31 23:27:28 UTC"
"Troy",2024,0.257,0.079,0.169,0.164179104477612,0,0.214805970149254,0.121985074626866,10,23,7,0.267727272727273,0.171641791044776,2.31078602620087,-1.15946018495082,2,1,0.5,0.142634328358209,-0.963511413694135,0,FALSE,-0.425373134328358,"cfbd_returning+247_talent+transfer_portal+prior_player_ppa+week1_polls","2026-08-31 23:27:28 UTC"
"Tulane",2024,0.304,0.112,0.481,0.544776119402985,0,0.165611940298507,0.379164179104478,22,26,17,0.664545454545455,0.753731343283582,41.0763689956332,-0.121891339416723,7,2,0.285714285714286,0.391186567164179,-0.0632616051572794,0,FALSE,-0.134328358208955,"cfbd_returning+247_talent+transfer_portal+prior_player_ppa+week1_polls","2026-08-31 23:27:28 UTC"
"Tulsa",2024,0.709,0.891,0.677,0.313432835820896,0,0.0687835820895522,0.0912089552238806,12,24,10,0.381363636363636,0.369402985074627,109.227537117904,0.475643529580792,2,2,1,0.119317164179104,0.153632860054596,0.153632860054596,FALSE,0.313432835820896,"cfbd_returning+247_talent+transfer_portal+prior_player_ppa+week1_polls","2026-08-31 23:27:28 UTC"
"UAB",2024,0.65,0.934,0.709,0.388059701492537,0,0.300746268656716,0.135820895522388,19,21,12,0.455454545454545,0.470149253731343,42.3385152838428,-0.0655184787511032,3,1,0.333333333333333,0.136813432835821,-0.019065877316571,0,FALSE,-0.0522388059701492,"cfbd_returning+247_talent+transfer_portal+prior_player_ppa+week1_polls","2026-08-31 23:27:28 UTC"
"UCF",2024,0.4,-0.001,0.446,0.76865671641791,0,0.292537313432836,0.461194029850746,25,26,24,0.874545454545455,0.955223880597015,165.77411790393,1.02371449008642,9,7,0.777777777777778,0.529194029850746,0.567137827507877,0.567137827507877,TRUE,-0.32089552238806,"cfbd_returning+247_talent+transfer_portal+prior_player_ppa+week1_polls","2026-08-31 23:27:28 UTC"
"UCLA",2024,0.617,0.51,0.472,0.791044776119403,0,0.524910447761194,0.302970149253731,21,20,16,0.628636363636364,0.701492537313433,27.9440065502183,-0.373259623922052,3,2,0.666666666666667,0.370388059701493,-0.197081081430843,0,FALSE,-0.440298507462687,"cfbd_returning+247_talent+transfer_portal+prior_player_ppa+week1_polls","2026-08-31 23:27:28 UTC"
"UL Monroe",2024,0.166,-0.417,0.239,0.0373134328358209,0,0.00247761194029851,0.0311194029850746,16,25,13,0.484545454545455,0.507462686567164,2.15443886462882,-1.19690577349211,7,3,0.428571428571429,0.386179104477612,-0.910845293627493,0,FALSE,0.395522388059702,"cfbd_returning+247_talent+transfer_portal+prior_player_ppa+week1_polls","2026-08-31 23:27:28 UTC"
"UNLV",2024,0.433,0.071,0.305,0.373134328358209,0,0.206805970149254,0.211567164179104,19,19,15,0.577272727272727,0.634328358208955,251.064807860262,1.73868860061123,8,5,0.625,0.440858208955224,1.20838857742481,1.20838857742481,TRUE,-0.0671641791044776,"cfbd_returning+247_talent+transfer_portal+prior_player_ppa+week1_polls","2026-08-31 23:27:28 UTC"
"UTEP",2024,0.236,0.57,0.3,0.104477611940299,0,0.0563582089552239,0.0798208955223881,27,38,22,0.832272727272727,0.850746268656716,142.160312227074,0.771689236036858,10,6,0.6,0.595522388059701,0.540182465225801,0.540182465225801,TRUE,0.171641791044776,"cfbd_returning+247_talent+transfer_portal+prior_player_ppa+week1_polls","2026-08-31 23:27:28 UTC"
"UTSA",2024,0.327,0.094,0.531,0.507462686567164,0,0.241589552238806,0.341522388059702,15,12,13,0.501818181818182,0.522388059701492,13.9258526200873,-0.797134133643776,4,3,0.75,0.245,-0.373855908678931,0,FALSE,-0.328358208955224,"cfbd_returning+247_talent+transfer_portal+prior_player_ppa+week1_polls","2026-08-31 23:27:28 UTC"
"Utah",2024,0.319,0.244,0.276,0.761194029850746,0.533259190064547,0.149977611940299,0.518373134328358,11,24,11,0.441363636363636,0.455223880597015,172.114679039301,1.05583243655666,6,5,0.833333333333333,0.329582089552239,0.76442268406702,0.76442268406702,TRUE,0.440298507462687,"cfbd_returning+247_talent+transfer_portal+prior_player_ppa+week1_polls","2026-08-31 23:27:28 UTC"
"Utah State",2024,0.466,0.02,0.312,0.276119402985075,0,0.243432835820896,0.14744776119403,20,26,14,0.531363636363636,0.559701492537313,66.0729497816594,0.103066178398909,5,4,0.8,0.385074626865672,0.0709095307384491,0.0709095307384491,FALSE,-0.111940298507463,"cfbd_returning+247_talent+transfer_portal+prior_player_ppa+week1_polls","2026-08-31 23:27:28 UTC"
"Vanderbilt",2024,0.163,0,0.238,0.634328358208955,0,0.00973134328358209,0.530932835820896,22,24,18,0.713181818181818,0.779850746268657,225.317209606987,1.52657924353367,8,7,0.875,0.594246268656716,1.16325338357266,1.16325338357266,TRUE,0.350746268656716,"cfbd_returning+247_talent+transfer_portal+prior_player_ppa+week1_polls","2026-08-31 23:27:28 UTC"
"Virginia",2024,0.618,0.918,0.716,0.552238805970149,0,0.101462686567164,0.210955223880597,13,17,12,0.470909090909091,0.492537313432836,67.5325207423581,0.140759800323478,6,5,0.833333333333333,0.139880597014925,0.0399757832918678,0.0399757832918678,FALSE,0.246268656716418,"cfbd_returning+247_talent+transfer_portal+prior_player_ppa+week1_polls","2026-08-31 23:27:28 UTC"
"Virginia Tech",2024,0.838,0.684,0.869,0.619402985074627,0,0.537820895522388,0.10034328358209,7,18,7,0.276363636363636,0.194029850746269,24.9662358078603,-0.496696650119039,1,1,1,0.0254179104477612,-0.0650672611655941,0,FALSE,-0.231343283582089,"cfbd_returning+247_talent+transfer_portal+prior_player_ppa+week1_polls","2026-08-31 23:27:28 UTC"
"Wake Forest",2024,0.327,0.258,0.391,0.477611940298507,0,0.0805298507462687,0.321432835820896,5,15,5,0.194545454545455,0.100746268656716,49.9225174672489,-0.0280629546963022,1,1,1,0.0613544776119403,-0.017090339410048,0,FALSE,0.164179104477612,"cfbd_returning+247_talent+transfer_portal+prior_player_ppa+week1_polls","2026-08-31 23:27:28 UTC"
"Washington",2024,0.025,0.009,0.035,0.746268656716418,0,0.0220149253731343,0.727611940298508,27,36,26,0.88,0.970149253731343,140.901227074236,0.746734433041225,10,6,0.6,0.936194029850746,0.720598727884782,0.720598727884782,TRUE,-0.470149253731343,"cfbd_returning+247_talent+transfer_portal+prior_player_ppa+week1_polls","2026-08-31 23:27:28 UTC"
"Washington State",2024,0.282,0.093,0.217,0.447761194029851,0,0.162044776119403,0.321492537313433,12,27,11,0.427727272727273,0.425373134328358,196.822991266376,1.27731081390687,4,3,0.75,0.333067164179104,1.00013436728908,1.00013436728908,TRUE,-0.164179104477612,"cfbd_returning+247_talent+transfer_portal+prior_player_ppa+week1_polls","2026-08-31 23:27:28 UTC"
"West Virginia",2024,0.883,0.966,0.899,0.604477611940298,0,0.593059701492537,0.0707238805970149,13,25,13,0.512272727272727,0.537313432835821,25.6005742358079,-0.434150570738794,3,2,0.666666666666667,0.0542686567164179,-0.0438492076446182,0,FALSE,-0.261194029850746,"cfbd_returning+247_talent+transfer_portal+prior_player_ppa+week1_polls","2026-08-31 23:27:28 UTC"
"Western Kentucky",2024,0.381,0.131,0.345,0.208955223880597,0,0.147850746268657,0.12934328358209,21,30,15,0.578181818181818,0.641791044776119,211.937979257642,1.4691539228273,7,4,0.571428571428571,0.420373134328358,0.962295819451878,0.962295819451878,TRUE,0.0223880597014925,"cfbd_returning+247_talent+transfer_portal+prior_player_ppa+week1_polls","2026-08-31 23:27:28 UTC"
"Western Michigan",2024,0.794,0.754,0.702,0.291044776119403,0,0.148134328358209,0.059955223880597,11,23,10,0.383181818181818,0.380597014925373,12.6824344978166,-0.823105922432874,4,2,0.5,0.113417910447761,-0.245285564884997,0,FALSE,0.223880597014925,"cfbd_returning+247_talent+transfer_portal+prior_player_ppa+week1_polls","2026-08-31 23:27:28 UTC"
"Wisconsin",2024,0.51,0.104,0.446,0.805970149253731,0,0.289253731343284,0.394925373134328,16,24,14,0.561818181818182,0.58955223880597,173.652489082969,1.12357343777441,5,4,0.8,0.326611940298507,0.622459684527025,0.622459684527025,TRUE,-0.156716417910448,"cfbd_returning+247_talent+transfer_portal+prior_player_ppa+week1_polls","2026-08-31 23:27:28 UTC"
"Wyoming",2024,0.257,0.108,0.448,0.0970149253731343,0,0.155350746268657,0.0720820895522388,3,13,3,0.113636363636364,0.0447761194029851,-0.105371179039301,-2.08231799999238,2,1,0.5,0.0247164179104478,-1.14943953599579,0,FALSE,-0.194029850746269,"cfbd_returning+247_talent+transfer_portal+prior_player_ppa+week1_polls","2026-08-31 23:27:28 UTC"
"Air Force",2025,0.63,0.226,0.556,,0,0.196,,0,12,0,0,0,0,-1.63075902520641,0,0,1,0,-0.724057007191647,0,FALSE,0.0969771241830065,"cfbd_returning+247_talent+transfer_portal+prior_player_ppa+week1_polls","2026-08-31 23:27:29 UTC"
"Akron",2025,0.371,0.788,0.531,0.23134328358209,0,0.0357259259259259,0.145514925373134,17,20,12,0.45,0.272058823529412,15.8710413043478,-0.640175016053254,7,3,0.428571428571429,0.127595588235294,-0.300242082528976,0,FALSE,0.311791938997821,"cfbd_returning+247_talent+transfer_portal+prior_player_ppa+week1_polls","2026-08-31 23:27:29 UTC"
"Alabama",2025,0.433,0.394,0.395,0.992537313432836,0.756544802993927,0.388096296296296,0.562768656716418,11,26,11,0.439545454545455,0.264705882352941,91.0027326086956,0.308958702975962,5,4,0.8,0.160147058823529,0.186920015300457,0.186920015300457,FALSE,0.0522331154684096,"cfbd_returning+247_talent+transfer_portal+prior_player_ppa+week1_polls","2026-08-31 23:27:29 UTC"
"App State",2025,0.141,0,0.127,0.417910447761194,0,0.0177555555555556,0.358985074626866,32,43,27,0.837727272727273,0.764705882352941,57.4653673913043,-0.0276501582129528,10,4,0.4,0.667588235294118,-0.0241385881199078,0,FALSE,0.282162309368192,"cfbd_returning+247_talent+transfer_portal+prior_player_ppa+week1_polls","2026-08-31 23:27:29 UTC"
"Arizona",2025,0.561,1.044,0.675,0.507462686567164,0,0.137133333333333,0.222776119402985,30,38,29,0.86,0.860294117647059,238.70965,1.66662881620651,10,8,0.8,0.279595588235294,0.541654365267115,0.541654365267115,TRUE,0.163643790849673,"cfbd_returning+247_talent+transfer_portal+prior_player_ppa+week1_polls","2026-08-31 23:27:29 UTC"
"Arizona State",2025,0.695,0.903,0.687,0.761194029850746,0.505766471736144,0.592037037037037,0.232164179104478,17,22,17,0.659545454545455,0.522058823529412,82.6768782608696,0.213570055388363,6,3,0.5,0.163404411764706,0.0668474273365576,0.0668474273365576,FALSE,0.0746187363834423,"cfbd_returning+247_talent+transfer_portal+prior_player_ppa+week1_polls","2026-08-31 23:27:29 UTC"
"Arkansas",2025,0.361,0.848,0.553,0.835820895522388,0,0.27542962962963,0.534089552238806,31,43,29,0.872272727272727,0.955882352941177,136.91975,0.662965045433038,12,5,0.416666666666667,0.427279411764706,0.296345375308568,0.296345375308568,FALSE,-0.354874727668845,"cfbd_returning+247_talent+transfer_portal+prior_player_ppa+week1_polls","2026-08-31 23:27:29 UTC"
"Arkansas State",2025,0.586,0.896,0.701,0.350746268656716,0,0.0824740740740741,0.145208955223881,32,29,21,0.788181818181818,0.676470588235294,58.7388086956522,-0.00921567557151254,10,4,0.4,0.202264705882353,-0.00275548699588225,0,FALSE,0.267347494553377,"cfbd_returning+247_talent+transfer_portal+prior_player_ppa+week1_polls","2026-08-31 23:27:29 UTC"
"Army",2025,0.252,0.106,0.297,0.00746268656716418,0,0.222133333333333,0.00558208955223881,0,11,0,0,0,0,-1.63075902520641,0,0,1,0,-1.14642359472011,0,FALSE,-0.473393246187364,"cfbd_returning+247_talent+transfer_portal+prior_player_ppa+week1_polls","2026-08-31 23:27:29 UTC"
"Auburn",2025,0.218,0,0.19,0.91044776119403,0,0.151792592592593,0.711970149253731,21,27,20,0.795909090909091,0.683823529411765,196.738110869565,1.37504450636857,7,6,0.857142857142857,0.553897058823529,1.11378605015854,1.11378605015854,TRUE,-0.288208061002179,"cfbd_returning+247_talent+transfer_portal+prior_player_ppa+week1_polls","2026-08-31 23:27:29 UTC"
"BYU",2025,0.871,0.926,0.931,0.485074626865672,0.0893524283935243,0.59357037037037,0.0625746268656716,13,29,13,0.496818181818182,0.352941176470588,15.6928304347826,-0.662965045433038,4,2,0.5,0.0243529411764706,-0.0457445881348796,0,FALSE,0.134694989106754,"cfbd_returning+247_talent+transfer_portal+prior_player_ppa+week1_polls","2026-08-31 23:27:29 UTC"
"Ball State",2025,0.077,-0.007,0.109,0.149253731343284,0,0.0057037037037037,0.137761194029851,24,34,14,0.527727272727273,0.371323529411765,34.9585739130435,-0.308958702975962,9,5,0.555555555555556,0.330849264705882,-0.275282204351582,0,FALSE,0.334014161220044,"cfbd_returning+247_talent+transfer_portal+prior_player_ppa+week1_polls","2026-08-31 23:27:29 UTC"
"Baylor",2025,0.825,0.978,0.929,0.746268656716418,0,0.556111111111111,0.130597014925373,23,17,22,0.855909090909091,0.845588235294118,50.8742413043478,-0.0830352267650891,6,3,0.5,0.0600367647058823,-0.00589550110032133,0,FALSE,-0.265985838779956,"cfbd_returning+247_talent+transfer_portal+prior_player_ppa+week1_polls","2026-08-31 23:27:29 UTC"
"Boise State",2025,0.579,0.957,0.545,0.402985074626866,0.138121300920517,0.5404,0.16965671641791,12,19,6,0.231818181818182,0.0882352941176471,-2.74655652173913,-2.28935346621941,1,1,1,0.0401470588235294,-1.04165582712983,0,FALSE,-0.109803921568628,"cfbd_returning+247_talent+transfer_portal+prior_player_ppa+week1_polls","2026-08-31 23:27:29 UTC"
"Boston College",2025,0.62,0.394,0.448,0.492537313432836,0,0.450074074074074,0.187164179104478,15,19,14,0.542272727272727,0.404411764705882,6.81277826086957,-1.03328490717679,5,2,0.4,0.223235294117647,-0.570373268761589,0,FALSE,-0.317837690631808,"cfbd_returning+247_talent+transfer_portal+prior_player_ppa+week1_polls","2026-08-31 23:27:29 UTC"
"Bowling Green",2025,0.079,0.024,0.056,0.208955223880597,0,0.0561777777777778,0.19244776119403,21,29,19,0.720454545454545,0.610294117647059,47.2661239130435,-0.175999776991563,7,4,0.571428571428571,0.576117647058824,-0.166143789480035,0,FALSE,-0.303022875816993,"cfbd_returning+247_talent+transfer_portal+prior_player_ppa+week1_polls","2026-08-31 23:27:29 UTC"
"Buffalo",2025,0.659,0.364,0.684,0.171641791044776,0,0.253837037037037,0.0585298507462687,8,10,3,0.111363636363636,0.0441176470588235,28.9610152173913,-0.407251160710016,2,2,1,0.0139411764705882,-0.128691366784365,0,FALSE,0.0229030501089325,"cfbd_returning+247_talent+transfer_portal+prior_player_ppa+week1_polls","2026-08-31 23:27:29 UTC"
"California",2025,0.225,-0.129,0.236,0.738805970149254,0,0.125,0.572574626865672,36,34,31,0.862727272727273,0.893382352941177,138.582386956522,0.686104745224383,12,9,0.75,0.682544117647059,0.524184025351428,0.524184025351428,TRUE,-0.147467320261438,"cfbd_returning+247_talent+transfer_portal+prior_player_ppa+week1_polls","2026-08-31 23:27:29 UTC"
"Central Michigan",2025,0.103,0.572,0.342,0.104477611940299,0,0.021362962962963,0.0937164179104478,10,19,6,0.226818181818182,0.0808823529411765,3.48317608695652,-1.20567928194848,3,1,0.333333333333333,0.0532205882352941,-0.793336967522099,0,FALSE,0.20068082788671,"cfbd_returning+247_talent+transfer_portal+prior_player_ppa+week1_polls","2026-08-31 23:27:29 UTC"
"Charlotte",2025,0.238,0,0.095,0.201492537313433,0,0.0211555555555556,0.153537313432836,34,44,29,0.839545454545454,0.779411764705882,49.8594108695652,-0.101545239678082,10,7,0.7,0.705367647058824,-0.0918984419086639,0,FALSE,0.319199346405229,"cfbd_returning+247_talent+transfer_portal+prior_player_ppa+week1_polls","2026-08-31 23:27:29 UTC"
"Cincinnati",2025,0.794,1,0.758,0.462686567164179,0,0.482281481481481,0.0953134328358209,20,13,19,0.738636363636364,0.617647058823529,106.776447826087,0.447641753167903,6,4,0.666666666666667,0.149470588235294,0.108329304266632,0.108329304266632,FALSE,-0.19931917211329,"cfbd_returning+247_talent+transfer_portal+prior_player_ppa+week1_polls","2026-08-31 23:27:29 UTC"
"Clemson",2025,0.826,1,0.753,0.955223880597015,0.862590832060187,0.777051851851852,0.166208955223881,4,9,3,0.118636363636364,0.0588235294117647,58.770652173913,0.00921567557151254,1,1,1,0.0145294117647059,0.0022762718661636,0.0022762718661636,FALSE,0.0298474945533769,"cfbd_returning+247_talent+transfer_portal+prior_player_ppa+week1_polls","2026-08-31 23:27:29 UTC"
"Coastal Carolina",2025,0.969,0.84,0.933,0.41044776119403,0,0.337355555555556,0.0127238805970149,30,49,24,0.84,0.790441176470588,120.224630434783,0.509653668208891,8,5,0.625,0.0529595588235294,0.0341467957699957,0.0341467957699957,FALSE,0.0599400871459695,"cfbd_returning+247_talent+transfer_portal+prior_player_ppa+week1_polls","2026-08-31 23:27:29 UTC"
"Colorado",2025,0.073,-0.026,0.198,0.783582089552239,0,0.0578592592592593,0.726380597014925,33,34,31,0.874545454545455,0.963235294117647,237.962202173913,1.59687255942482,8,7,0.875,0.772514705882353,1.28069179265871,1.28069179265871,TRUE,-0.384504357298475,"cfbd_returning+247_talent+transfer_portal+prior_player_ppa+week1_polls","2026-08-31 23:27:29 UTC"
"Colorado State",2025,0.504,0.85,0.649,0.32089552238806,0,0.209066666666667,0.159164179104478,18,13,14,0.533636363636364,0.389705882352941,11.5295260869565,-0.782665563595341,5,3,0.6,0.136786764705882,-0.274715612821965,0,FALSE,-0.00672657952069716,"cfbd_returning+247_talent+transfer_portal+prior_player_ppa+week1_polls","2026-08-31 23:27:29 UTC"
"Connecticut",2025,0.68,0.963,0.757,0.283582089552239,0,0.503703703703704,0.0907462686567164,23,22,17,0.645454545454545,0.507352941176471,44.0796369565217,-0.213570055388363,7,5,0.714285714285714,0.123286764705882,-0.0518975234593722,0,FALSE,-0.332652505446623,"cfbd_returning+247_talent+transfer_portal+prior_player_ppa+week1_polls","2026-08-31 23:27:29 UTC"
"Delaware",2025,,,,0.0149253731343284,0,,,8,3,2,0.075,0.0367647058823529,0,-1.63075902520641,2,0,0,,,,,,"cfbd_returning+247_talent+transfer_portal+prior_player_ppa+week1_polls","2026-08-31 23:27:29 UTC"
"Duke",2025,0.179,0.017,0.267,0.574626865671642,0,0.0848592592592593,0.471768656716418,9,13,9,0.350909090909091,0.191176470588235,214.947156521739,1.53412054435255,5,5,1,0.140132352941176,1.12451035901042,1.12451035901042,TRUE,-0.0659858387799565,"cfbd_returning+247_talent+transfer_portal+prior_player_ppa+week1_polls","2026-08-31 23:27:29 UTC"
"East Carolina",2025,0.506,0.762,0.453,0.425373134328358,0,0.314844444444444,0.210134328358209,24,31,13,0.490454545454545,0.316176470588235,2.12008695652174,-1.32907408412453,5,4,0.8,0.172948529411765,-0.727003524016117,0,FALSE,-0.214133986928105,"cfbd_returning+247_talent+transfer_portal+prior_player_ppa+week1_polls","2026-08-31 23:27:29 UTC"
"Eastern Michigan",2025,0.249,0.04,0.124,0.305970149253731,0,0.0848444444444444,0.229783582089552,20,30,8,0.3,0.150735294117647,7.39719565217391,-1.00234608776227,7,2,0.285714285714286,0.132044117647059,-0.878055172879753,0,FALSE,0.0673474945533769,"cfbd_returning+247_talent+transfer_portal+prior_player_ppa+week1_polls","2026-08-31 23:27:29 UTC"
"Florida",2025,0.55,0.73,0.651,0.917910447761194,0.356718844282395,0.232222222222222,0.413059701492537,8,20,7,0.271818181818182,0.110294117647059,32.5070434782609,-0.328349979430167,3,2,0.666666666666667,0.0384926470588235,-0.114594142821128,0,FALSE,0.47483660130719,"cfbd_returning+247_talent+transfer_portal+prior_player_ppa+week1_polls","2026-08-31 23:27:29 UTC"
"Florida Atlantic",2025,0.208,-0.068,0.179,0.395522388059701,0,0.100148148148148,0.313253731343284,38,36,25,0.836363636363636,0.75,207.61437173913,1.42411990701791,10,4,0.4,0.61575,1.1692024436617,1.1692024436617,TRUE,-0.0733932461873638,"cfbd_returning+247_talent+transfer_portal+prior_player_ppa+week1_polls","2026-08-31 23:27:29 UTC"
"Florida International",2025,0.422,1.009,0.595,0.276119402985075,0,0.137540740740741,0.159597014925373,23,36,11,0.417727272727273,0.242647058823529,111.976132608696,0.488776411114669,7,6,0.857142857142857,0.0982720588235294,0.197954446501441,0.197954446501441,FALSE,0.0821623093681917,"cfbd_returning+247_talent+transfer_portal+prior_player_ppa+week1_polls","2026-08-31 23:27:29 UTC"
"Florida State",2025,0.131,-0.884,0.34,0.865671641791045,0,0.0223185185185185,0.752268656716418,22,34,22,0.879090909090909,0.977941176470588,183.281993478261,1.24471836158034,7,7,1,0.645441176470588,0.821514118643026,0.821514118643026,TRUE,0.237717864923747,"cfbd_returning+247_talent+transfer_portal+prior_player_ppa+week1_polls","2026-08-31 23:27:29 UTC"
"Fresno State",2025,0.172,0.037,0.3,0.335820895522388,0,0.0891851851851852,0.278059701492537,21,26,13,0.491818181818182,0.341911764705882,121.81812173913,0.53075547904387,7,4,0.571428571428571,0.239338235294118,0.371528835330709,0.371528835330709,FALSE,-0.110430283224401,"cfbd_returning+247_talent+transfer_portal+prior_player_ppa+week1_polls","2026-08-31 23:27:29 UTC"
"Georgia",2025,0.374,0.159,0.392,1,0.885214995955887,0.229940740740741,0.626,10,20,10,0.401818181818182,0.227941176470588,66.0919217391304,0.0830352267650891,4,2,0.5,0.138588235294118,0.0504854178731742,0.0504854178731742,FALSE,0.363126361655773,"cfbd_returning+247_talent+transfer_portal+prior_player_ppa+week1_polls","2026-08-31 23:27:29 UTC"
"Georgia Southern",2025,0.922,0.846,0.804,0.313432835820896,0,0.232207407407407,0.0244477611940298,16,18,9,0.340454545454545,0.183823529411765,60.6490282608696,0.0460940428034953,6,3,0.5,0.0360294117647059,0.00903443238948507,0.00903443238948507,FALSE,0.156236383442266,"cfbd_returning+247_talent+transfer_portal+prior_player_ppa+week1_polls","2026-08-31 23:27:29 UTC"
"Georgia State",2025,0.685,0.649,0.741,0.432835820895522,0,0.126851851851852,0.13634328358209,27,37,23,0.839090909090909,0.772058823529412,26.3034847826087,-0.447641753167902,11,4,0.363636363636364,0.199963235294118,-0.115939214070487,0,FALSE,0.222903050108932,"cfbd_returning+247_talent+transfer_portal+prior_player_ppa+week1_polls","2026-08-31 23:27:29 UTC"
"Georgia Tech",2025,0.811,0.997,0.828,0.716417910447761,0,0.6488,0.135402985074627,23,33,21,0.822727272727273,0.691176470588235,159.809786956522,0.943181185341815,7,3,0.428571428571429,0.118882352941176,0.162227163878792,0.162227163878792,FALSE,-0.391911764705882,"cfbd_returning+247_talent+transfer_portal+prior_player_ppa+week1_polls","2026-08-31 23:27:29 UTC"
"Hawai'i",2025,0.459,0.438,0.349,0.111940298507463,0,0.1666,0.0605597014925373,13,25,8,0.299090909090909,0.139705882352941,0.187347826086957,-1.37504450636857,5,1,0.2,0.0909485294117647,-0.895153973645939,0,FALSE,0.0451252723311547,"cfbd_returning+247_talent+transfer_portal+prior_player_ppa+week1_polls","2026-08-31 23:27:29 UTC"
"Houston",2025,1.052,1,0.977,0.514925373134328,0,0.155851851851852,-0.0267761194029851,28,28,24,0.862727272727273,0.893382352941177,142.570406521739,0.757868997308887,6,5,0.833333333333333,0.0205477941176471,0.0174309869381044,0.0174309869381044,FALSE,0.25994008714597,"cfbd_returning+247_talent+transfer_portal+prior_player_ppa+week1_polls","2026-08-31 23:27:29 UTC"
"Illinois",2025,0.525,0.912,0.74,0.529850746268657,0.458221665532603,0.260555555555556,0.251679104477612,18,24,15,0.588636363636364,0.448529411764706,158.6176,0.887146559018876,6,5,0.833333333333333,0.116617647058824,0.230658105344908,0.230658105344908,FALSE,0.422821350762527,"cfbd_returning+247_talent+transfer_portal+prior_player_ppa+week1_polls","2026-08-31 23:27:29 UTC"
"Indiana",2025,0.251,0.031,0.148,0.470149253731343,0.279488724628006,0.247281481481481,0.352141791044776,23,27,21,0.824545454545455,0.705882352941177,296.558176086957,2.08836739955133,9,9,1,0.601411764705882,1.77928902441773,1.77928902441773,TRUE,-0.117538126361656,"cfbd_returning+247_talent+transfer_portal+prior_player_ppa+week1_polls","2026-08-31 23:27:29 UTC"
"Iowa",2025,0.488,0.113,0.357,0.694029850746269,0,0.278340740740741,0.35534328358209,9,22,9,0.352727272727273,0.205882352941176,149.093117391304,0.860150870900129,4,3,0.75,0.132382352941176,0.553077009988783,0.553077009988783,TRUE,-0.162282135076253,"cfbd_returning+247_talent+transfer_portal+prior_player_ppa+week1_polls","2026-08-31 23:27:29 UTC"
"Iowa State",2025,0.584,0.953,0.838,0.477611940298507,0.221591310292588,0.380681481481482,0.198686567164179,8,17,8,0.314090909090909,0.169117647058824,37.3819391304348,-0.270514184552264,2,2,1,0.0273970588235294,-0.0438232978974667,0,FALSE,0.201089324618736,"cfbd_returning+247_talent+transfer_portal+prior_player_ppa+week1_polls","2026-08-31 23:27:29 UTC"
"Jacksonville State",2025,0.843,1,0.736,0.17910447761194,0,0.680644444444444,0.0281194029850746,22,27,16,0.599545454545454,0.477941176470588,7.86563913043478,-0.972338145203639,9,3,0.333333333333333,0.126176470588235,-0.256697270333761,0,FALSE,-0.39931917211329,"cfbd_returning+247_talent+transfer_portal+prior_player_ppa+week1_polls","2026-08-31 23:27:29 UTC"
"James Madison",2025,0.784,0.963,0.908,0.0597014925373134,0,0.685274074074074,0.0128955223880597,29,26,20,0.762727272727273,0.661764705882353,84.02285,0.270514184552263,10,6,0.6,0.0608823529411764,0.0248873049788082,0.0248873049788082,FALSE,-0.465985838779956,"cfbd_returning+247_talent+transfer_portal+prior_player_ppa+week1_polls","2026-08-31 23:27:29 UTC"
"Kansas",2025,0.41,0.952,0.512,0.649253731343284,0,0.294592592592593,0.383059701492537,27,17,25,0.857727272727273,0.852941176470588,83.7375673913044,0.251444342543181,7,5,0.714285714285714,0.416235294117647,0.122704839161072,0.122704839161072,FALSE,-0.310430283224401,"cfbd_returning+247_talent+transfer_portal+prior_player_ppa+week1_polls","2026-08-31 23:27:29 UTC"
"Kansas State",2025,0.69,0.933,0.691,0.656716417910448,0.301312089971884,0.582666666666667,0.203582089552239,16,26,15,0.585454545454545,0.433823529411765,49.2935239130435,-0.138676381775206,5,4,0.8,0.134051470588235,-0.0428510019685387,0,FALSE,0.0379084967320261,"cfbd_returning+247_talent+transfer_portal+prior_player_ppa+week1_polls","2026-08-31 23:27:29 UTC"
"Kennesaw State",2025,0.458,0.338,0.511,0.0223880597014925,0,0.0271407407407407,0.012134328358209,27,23,20,0.743636363636364,0.625,24.2180173913044,-0.509653668208891,7,4,0.571428571428571,0.305625,-0.249220643754148,0,FALSE,0.348828976034858,"cfbd_returning+247_talent+transfer_portal+prior_player_ppa+week1_polls","2026-08-31 23:27:29 UTC"
"Kent State",2025,0.113,-0.052,0.299,0.0522388059701493,0,0.000837037037037037,0.0463358208955224,12,30,6,0.225,0.0735294117647059,7.99420652173913,-0.943181185341815,3,2,0.666666666666667,0.0515441176470588,-0.661170010924612,0,FALSE,0.40068082788671,"cfbd_returning+247_talent+transfer_portal+prior_player_ppa+week1_polls","2026-08-31 23:27:29 UTC"
"Kentucky",2025,0.27,-0.322,0.253,0.805970149253731,0,0.11,0.588358208955224,25,30,25,0.879545454545455,0.985294117647059,315.982182608696,2.28935346621941,11,6,0.545454545454545,0.736014705882353,1.7101470392659,1.7101470392659,TRUE,0.000680827886710256,"cfbd_returning+247_talent+transfer_portal+prior_player_ppa+week1_polls","2026-08-31 23:27:29 UTC"
"LSU",2025,0.66,0.951,0.711,0.962686567164179,0.706988772772207,0.391111111111111,0.327313432835821,18,23,17,0.695,0.558823529411765,83.569197826087,0.232465512506034,6,3,0.5,0.1615,0.0671825331142437,0.0671825331142437,FALSE,0.348583877995643,"cfbd_returning+247_talent+transfer_portal+prior_player_ppa+week1_polls","2026-08-31 23:27:29 UTC"
"Liberty",2025,0.996,1,0.989,0.380597014925373,0,0.634488888888889,0.00152238805970149,20,28,12,0.453636363636364,0.279411764705882,129.167980434783,0.640175016053254,5,4,0.8,0.00307352941176471,0.0070419251765858,0.0070419251765858,FALSE,-0.228948801742919,"cfbd_returning+247_talent+transfer_portal+prior_player_ppa+week1_polls","2026-08-31 23:27:29 UTC"
"Louisiana",2025,0.572,0.336,0.578,0.328358208955224,0,0.368622222222222,0.140537313432836,5,12,4,0.151818181818182,0.0661764705882353,0,-1.63075902520641,4,0,0,0.0279264705882353,-0.688180308637106,0,FALSE,-0.236356209150327,"cfbd_returning+247_talent+transfer_portal+prior_player_ppa+week1_polls","2026-08-31 23:27:29 UTC"
"Louisiana Tech",2025,0.543,0.975,0.841,0.141791044776119,0,0.233288888888889,0.0647985074626866,9,33,7,0.262272727272727,0.0955882352941176,4.67662391304348,-1.13266980789337,3,1,0.333333333333333,0.0151985294117647,-0.180094499455045,0,FALSE,-0.021541394335512,"cfbd_returning+247_talent+transfer_portal+prior_player_ppa+week1_polls","2026-08-31 23:27:29 UTC"
"Louisville",2025,0.464,0.094,0.493,0.634328358208955,0,0.398696296296296,0.34,30,30,29,0.865454545454545,0.919117647058823,195.118573913043,1.32907408412453,8,5,0.625,0.465992647058824,0.673840560651136,0.673840560651136,TRUE,-0.451171023965142,"cfbd_returning+247_talent+transfer_portal+prior_player_ppa+week1_polls","2026-08-31 23:27:29 UTC"
"Marshall",2025,1.004,1,0.998,0.343283582089552,0,0.587525925925926,-0.00137313432835821,52,56,24,0.831818181818182,0.727941176470588,93.24395,0.347865525992265,18,5,0.277777777777778,0.00145588235294118,0.000695731051984531,0.000695731051984531,FALSE,-0.177096949891068,"cfbd_returning+247_talent+transfer_portal+prior_player_ppa+week1_polls","2026-08-31 23:27:29 UTC"
"Maryland",2025,0.128,0.05,0.119,0.619402985074627,0,0.0455111111111111,0.540119402985075,15,31,15,0.592727272727273,0.455882352941176,38.5673,-0.251444342543181,5,4,0.8,0.401632352941176,-0.221522465780543,0,FALSE,0.0525326797385621,"cfbd_returning+247_talent+transfer_portal+prior_player_ppa+week1_polls","2026-08-31 23:27:29 UTC"
"Massachusetts",2025,0.763,0.948,0.941,0.126865671641791,0,0.226074074074074,0.0300671641791045,35,27,22,0.823636363636364,0.698529411764706,123.40967173913,0.552096334804515,12,5,0.416666666666667,0.0412132352941177,0.0325736837534664,0.0325736837534664,FALSE,0.111791938997821,"cfbd_returning+247_talent+transfer_portal+prior_player_ppa+week1_polls","2026-08-31 23:27:29 UTC"
"Memphis",2025,0.119,0.017,0.078,0.567164179104478,0,0.096962962962963,0.499671641791045,36,32,28,0.848181818181818,0.838235294117647,193.977395652174,1.28575261642014,7,6,0.857142857142857,0.772852941176471,1.18546391233937,1.18546391233937,TRUE,-0.406726579520697,"cfbd_returning+247_talent+transfer_portal+prior_player_ppa+week1_polls","2026-08-31 23:27:29 UTC"
"Miami",2025,0.125,0.059,0.189,0.895522388059702,0.542631289237524,0.122222222222222,0.783582089552239,18,20,17,0.69,0.551470588235294,264.042595652174,1.83722646308795,7,5,0.714285714285714,0.447242647058824,1.48999066156432,1.48999066156432,TRUE,-0.043954248366013,"cfbd_returning+247_talent+transfer_portal+prior_player_ppa+week1_polls","2026-08-31 23:27:29 UTC"
"Miami (OH)",2025,0.48,0.136,0.488,0.358208955223881,0,0.288,0.186268656716418,16,12,13,0.491363636363636,0.330882352941176,9.83677826086956,-0.860150870900129,10,4,0.4,0.169411764705882,-0.440397245900866,0,FALSE,-0.191911764705882,"cfbd_returning+247_talent+transfer_portal+prior_player_ppa+week1_polls","2026-08-31 23:27:29 UTC"
"Michigan",2025,0.395,0.861,0.395,0.925373134328358,0.393846047682017,0.178481481481481,0.559850746268657,17,30,16,0.626363636363636,0.5,127.360389130435,0.617712749992852,7,7,1,0.3025,0.373716213745675,0.373716213745675,FALSE,0.452559912854031,"cfbd_returning+247_talent+transfer_portal+prior_player_ppa+week1_polls","2026-08-31 23:27:29 UTC"
"Michigan State",2025,0.687,0.974,0.712,0.723880597014925,0,0.147577777777778,0.226574626865672,23,23,23,0.861818181818182,0.878676470588235,105.006526086957,0.427359299891778,6,5,0.833333333333333,0.253058823529412,0.123079478368832,0.123079478368832,FALSE,0.193273420479303,"cfbd_returning+247_talent+transfer_portal+prior_player_ppa+week1_polls","2026-08-31 23:27:29 UTC"
"Middle Tennessee",2025,0.99,1,0.989,0.186567164179104,0,0.066,0.00186567164179105,12,31,12,0.454545454545455,0.286764705882353,4.85608913043478,-1.09833364952014,7,2,0.285714285714286,0.00315441176470588,-0.0120816701447215,0,FALSE,0.341421568627451,"cfbd_returning+247_talent+transfer_portal+prior_player_ppa+week1_polls","2026-08-31 23:27:29 UTC"
"Minnesota",2025,0.442,0.112,0.39,0.701492537313433,0,0.340503703703704,0.391432835820896,21,20,18,0.705909090909091,0.573529411764706,147.594726086957,0.782665563595341,8,5,0.625,0.349852941176471,0.477425993793158,0.477425993793158,FALSE,-0.362282135076253,"cfbd_returning+247_talent+transfer_portal+prior_player_ppa+week1_polls","2026-08-31 23:27:29 UTC"
"Mississippi",2025,0.175,0.043,0.146,0.850746268656716,0.29759455521177,0.173703703703704,0.701865671641791,28,30,28,0.885909090909091,1,241.710993478261,1.74558924206889,12,10,0.833333333333333,0.854,1.49073321272683,1.49073321272683,TRUE,-0.117592592592593,"cfbd_returning+247_talent+transfer_portal+prior_player_ppa+week1_polls","2026-08-31 23:27:29 UTC"
"Mississippi State",2025,0.416,0.321,0.495,0.828358208955224,0,0.0955259259259259,0.483761194029851,32,35,30,0.875,0.970588235294118,173.888210869565,1.09833364952014,10,9,0.9,0.490147058823529,0.554658493007668,0.554658493007668,TRUE,0.178458605664488,"cfbd_returning+247_talent+transfer_portal+prior_player_ppa+week1_polls","2026-08-31 23:27:29 UTC"
"Missouri",2025,0.201,-0.009,0.131,0.843283582089552,0,0.168244444444444,0.673783582089552,21,24,21,0.830454545454545,0.720588235294118,147.941910869565,0.80795298613016,6,5,0.833333333333333,0.626191176470588,0.702111144947109,0.702111144947109,TRUE,-0.428948801742919,"cfbd_returning+247_talent+transfer_portal+prior_player_ppa+week1_polls","2026-08-31 23:27:29 UTC"
"Missouri State",2025,,,,0.0447761194029851,0,,,15,12,3,0.114090909090909,0.0514705882352941,-3.09004347826087,-2.68042193964752,5,1,0.2,,,,,0.245125272331155,"cfbd_returning+247_talent+transfer_portal+prior_player_ppa+week1_polls","2026-08-31 23:27:29 UTC"
"Navy",2025,0.973,1,0.909,,0,0.843266666666667,,0,5,0,0,0,0,-1.63075902520641,0,0,1,0,-0.148399071293784,0,FALSE,-0.458578431372549,"cfbd_returning+247_talent+transfer_portal+prior_player_ppa+week1_polls","2026-08-31 23:27:29 UTC"
"Nebraska",2025,0.593,0.877,0.756,0.858208955223881,0,0.342622222222222,0.349291044776119,15,40,15,0.595,0.470588235294118,92.3635608695652,0.328349979430167,3,2,0.666666666666667,0.114823529411765,0.0801173949809607,0.0801173949809607,FALSE,-0.16968954248366,"cfbd_returning+247_talent+transfer_portal+prior_player_ppa+week1_polls","2026-08-31 23:27:29 UTC"
"Nevada",2025,0.658,0.178,0.547,0.119402985074627,0,0.190088888888889,0.0408358208955224,20,31,14,0.527727272727273,0.371323529411765,16.6122369565217,-0.552096334804515,5,3,0.6,0.168209558823529,-0.250099639666445,0,FALSE,0.119199346405229,"cfbd_returning+247_talent+transfer_portal+prior_player_ppa+week1_polls","2026-08-31 23:27:29 UTC"
"New Mexico",2025,0.125,0,0.1,0.0298507462686567,0,0.0277777777777778,0.0261194029850746,35,36,27,0.836818181818182,0.757352941176471,101.683510869565,0.387306367975479,11,4,0.363636363636364,0.681617647058824,0.348575731177931,0.348575731177931,FALSE,0.185866013071895,"cfbd_returning+247_talent+transfer_portal+prior_player_ppa+week1_polls","2026-08-31 23:27:29 UTC"
"New Mexico State",2025,0.555,-26.167,0.339,0.0373134328358209,0,0.0246666666666667,0.0166044776119403,21,33,13,0.486818181818182,0.301470588235294,94.7349760869565,0.367514478389194,8,5,0.625,0.199272058823529,0.242927070215257,0.242927070215257,FALSE,0.363643790849673,"cfbd_returning+247_talent+transfer_portal+prior_player_ppa+week1_polls","2026-08-31 23:27:29 UTC"
"North Carolina",2025,0.159,-0.079,0.173,0.776119402985075,0,0.0812666666666667,0.652716417910448,39,55,36,0.880909090909091,0.992647058823529,11.2203543478261,-0.80795298613016,10,2,0.2,0.820919117647059,-0.668177119529642,0,FALSE,-0.103022875816993,"cfbd_returning+247_talent+transfer_portal+prior_player_ppa+week1_polls","2026-08-31 23:27:29 UTC"
"North Carolina State",2025,0.948,0.982,0.896,0.671641791044776,0,0.435377777777778,0.0349253731343284,18,19,17,0.662727272727273,0.529411764705882,3.62629565217391,-1.16839602196881,2,1,0.5,0.0550588235294118,-0.121513186284757,0,FALSE,-0.0511710239651416,"cfbd_returning+247_talent+transfer_portal+prior_player_ppa+week1_polls","2026-08-31 23:27:29 UTC"
"North Texas",2025,0.563,0.181,0.507,0.291044776119403,0,0.187666666666667,0.127186567164179,34,49,26,0.832727272727273,0.735294117647059,60.9225260869565,0.0645536222014368,6,3,0.5,0.3625,0.0318249357453084,0.0318249357453084,FALSE,0.0747549019607843,"cfbd_returning+247_talent+transfer_portal+prior_player_ppa+week1_polls","2026-08-31 23:27:29 UTC"
"Northern Illinois",2025,0.531,0.402,0.654,0.0746268656716418,0,0.4366,0.035,5,26,1,0.0372727272727273,0.0294117647058824,0,-1.63075902520641,1,0,0,0.0101764705882353,-0.564242622721419,0,FALSE,-0.414133986928105,"cfbd_returning+247_talent+transfer_portal+prior_player_ppa+week1_polls","2026-08-31 23:27:29 UTC"
"Northwestern",2025,0.68,0.413,0.825,0.582089552238806,0,0.0554074074074074,0.186268656716418,14,12,14,0.540909090909091,0.397058823529412,16.1238695652174,-0.617712749992852,5,1,0.2,0.0694852941176471,-0.108099731248749,0,FALSE,0.326606753812636,"cfbd_returning+247_talent+transfer_portal+prior_player_ppa+week1_polls","2026-08-31 23:27:29 UTC"
"Notre Dame",2025,0.368,0.064,0.384,0.940298507462687,0.850280760935153,0.35437037037037,0.594268656716418,8,14,7,0.276818181818182,0.125,79.3403282608696,0.175999776991563,3,3,1,0.077,0.108415862626803,0.108415862626803,FALSE,0.000272331154684169,"cfbd_returning+247_talent+transfer_portal+prior_player_ppa+week1_polls","2026-08-31 23:27:29 UTC"
"Ohio",2025,0.648,0.968,0.606,0.0671641791044776,0,0.4848,0.0236417910447761,21,16,13,0.486818181818182,0.308823529411765,3.46591956521739,-1.24471836158034,5,2,0.4,0.121676470588235,-0.490419034462655,0,FALSE,-0.34005991285403,"cfbd_returning+247_talent+transfer_portal+prior_player_ppa+week1_polls","2026-08-31 23:27:29 UTC"
"Ohio State",2025,0.308,0.04,0.195,0.985074626865672,0.961462171496065,0.308,0.681671641791045,11,15,9,0.362272727272727,0.213235294117647,60.6099413043478,0.0276501582129526,3,3,1,0.171654411764706,0.0222583773614268,0.0222583773614268,FALSE,-0.0147058823529411,"cfbd_returning+247_talent+transfer_portal+prior_player_ppa+week1_polls","2026-08-31 23:27:29 UTC"
"Oklahoma",2025,0.528,0.635,0.489,0.902985074626866,0.149162371134021,0.265955555555556,0.426208955223881,20,34,18,0.712727272727273,0.595588235294118,365.860689130435,2.68042193964752,11,9,0.818181818181818,0.304345588235294,1.36969561115988,1.36969561115988,TRUE,0.327178649237473,"cfbd_returning+247_talent+transfer_portal+prior_player_ppa+week1_polls","2026-08-31 23:27:29 UTC"
"Oklahoma State",2025,0.445,0.647,0.519,0.641791044776119,0,0.0857037037037037,0.356194029850746,40,31,36,0.867272727272727,0.926470588235294,102.0929,0.407251160710016,14,7,0.5,0.445632352941176,0.195887808301518,0.195887808301518,FALSE,0.215495642701525,"cfbd_returning+247_talent+transfer_portal+prior_player_ppa+week1_polls","2026-08-31 23:27:29 UTC"
"Old Dominion",2025,0.742,0.921,0.653,0.0970149253731343,0,0.40122962962963,0.0250298507462687,12,32,8,0.3,0.150735294117647,0,-1.63075902520641,3,0,0,0.0523051470588235,-0.565873381746625,0,FALSE,-0.132652505446623,"cfbd_returning+247_talent+transfer_portal+prior_player_ppa+week1_polls","2026-08-31 23:27:29 UTC"
"Oregon",2025,0.187,0.009,0.246,0.970149253731343,0.805107457857776,0.171762962962963,0.788731343283582,11,14,10,0.410454545454546,0.235294117647059,73.1356108695652,0.157310684610171,3,3,1,0.177411764705882,0.118612256196069,0.118612256196069,FALSE,0.037363834422658,"cfbd_returning+247_talent+transfer_portal+prior_player_ppa+week1_polls","2026-08-31 23:27:29 UTC"
"Oregon State",2025,0.522,-0.027,0.498,0.559701492537313,0,0.0618666666666667,0.267537313432836,14,15,9,0.351818181818182,0.198529411764706,108.199510869565,0.468110064405915,4,3,0.75,0.0996617647058824,0.234991252331769,0.234991252331769,FALSE,0.289569716775599,"cfbd_returning+247_talent+transfer_portal+prior_player_ppa+week1_polls","2026-08-31 23:27:29 UTC"
"Penn State",2025,0.565,0.88,0.773,0.932835820895522,0.973171242505553,0.539888888888889,0.405783582089552,8,16,8,0.319090909090909,0.176470588235294,167.761834782609,1.00234608776227,3,2,0.666666666666667,0.0400588235294118,0.227532561922036,0.227532561922036,FALSE,0.0370915032679738,"cfbd_returning+247_talent+transfer_portal+prior_player_ppa+week1_polls","2026-08-31 23:27:29 UTC"
"Pittsburgh",2025,0.749,1.003,0.908,0.58955223880597,0,0.327340740740741,0.147977611940299,15,26,14,0.545454545454545,0.411764705882353,9.18326086956522,-0.914804793965685,4,3,0.75,0.0378823529411765,-0.084162041044843,0,FALSE,-0.0289488017429194,"cfbd_returning+247_talent+transfer_portal+prior_player_ppa+week1_polls","2026-08-31 23:27:29 UTC"
"Purdue",2025,0.543,0.884,0.853,0.604477611940298,0,0.0160888888888889,0.276246268656716,51,56,49,0.864090909090909,0.911764705882353,15.5127782608696,-0.686104745224383,15,6,0.4,0.134029411764706,-0.100857397547984,0,FALSE,0.378458605664488,"cfbd_returning+247_talent+transfer_portal+prior_player_ppa+week1_polls","2026-08-31 23:27:29 UTC"
"Rice",2025,0.751,-0.016,0.551,0.216417910447761,0,0.228081481481481,0.0538880597014925,11,21,8,0.297727272727273,0.132352941176471,10.8891652173913,-0.833767940064673,5,3,0.6,0.0594264705882353,-0.374361805089038,0,FALSE,0.104384531590414,"cfbd_returning+247_talent+transfer_portal+prior_player_ppa+week1_polls","2026-08-31 23:27:29 UTC"
"Rutgers",2025,0.674,1,0.664,0.611940298507463,0,0.254622222222222,0.199492537313433,19,23,18,0.700454545454545,0.566176470588235,138.618093478261,0.709617803137271,4,4,1,0.190235294117647,0.238431581854123,0.238431581854123,FALSE,0.0303104575163399,"cfbd_returning+247_talent+transfer_portal+prior_player_ppa+week1_polls","2026-08-31 23:27:29 UTC"
"SMU",2025,0.501,0.914,0.498,0.82089552238806,0.354812735104184,0.452755555555556,0.409626865671642,20,17,19,0.747272727272727,0.639705882352941,68.8577,0.101545239678082,5,4,0.8,0.321132352941176,0.0509757103183969,0.0509757103183969,FALSE,-0.0139978213507626,"cfbd_returning+247_talent+transfer_portal+prior_player_ppa+week1_polls","2026-08-31 23:27:29 UTC"
"Sam Houston",2025,0.901,0.937,0.965,0.0895522388059701,0,0.50722962962963,0.00886567164179104,26,33,18,0.671363636363636,0.544117647058823,34.9983391304348,-0.289682920865294,9,2,0.222222222222222,0.0190441176470588,-0.0101389022302853,0,FALSE,-0.154874727668845,"cfbd_returning+247_talent+transfer_portal+prior_player_ppa+week1_polls","2026-08-31 23:27:29 UTC"
"San Diego State",2025,0.803,0.352,0.626,0.365671641791045,0,0.107066666666667,0.0720373134328358,19,25,13,0.491818181818182,0.341911764705882,14.1159304347826,-0.733529906806497,8,5,0.625,0.127875,-0.27434018514563,0,FALSE,0.274754901960784,"cfbd_returning+247_talent+transfer_portal+prior_player_ppa+week1_polls","2026-08-31 23:27:29 UTC"
"San Jose State",2025,0.587,0.892,0.862,0.194029850746269,0,0.321762962962963,0.080134328358209,13,16,8,0.305,0.161764705882353,16.2339369565217,-0.595557930224852,6,3,0.5,0.0223235294117647,-0.0821869943710296,0,FALSE,-0.140059912854031,"cfbd_returning+247_talent+transfer_portal+prior_player_ppa+week1_polls","2026-08-31 23:27:29 UTC"
"South Alabama",2025,0.254,0.24,0.332,0.246268656716418,0,0.225777777777778,0.183716417910448,23,24,21,0.785454545454546,0.669117647058823,26.2058282608696,-0.468110064405915,5,2,0.4,0.446970588235294,-0.312697523023151,0,FALSE,-0.480800653594771,"cfbd_returning+247_talent+transfer_portal+prior_player_ppa+week1_polls","2026-08-31 23:27:29 UTC"
"South Carolina",2025,0.625,0.837,0.634,0.873134328358209,0.421920135188918,0.458333333333333,0.327425373134328,18,24,18,0.717727272727273,0.602941176470588,43.9911173913043,-0.232465512506034,4,3,0.75,0.220676470588235,-0.0850823775772083,0,FALSE,0.17843137254902,"cfbd_returning+247_talent+transfer_portal+prior_player_ppa+week1_polls","2026-08-31 23:27:29 UTC"
"South Florida",2025,0.999,1,1,0.552238805970149,0,0.3996,0.00055223880597015,23,24,12,0.458181818181818,0.294117647058824,21.4621652173913,-0.53075547904387,7,6,0.857142857142857,0,0,0,FALSE,0.00808823529411762,"cfbd_returning+247_talent+transfer_portal+prior_player_ppa+week1_polls","2026-08-31 23:27:29 UTC"
"Southern California",2025,0.368,0.151,0.29,0.880597014925373,0,0.242607407407407,0.556537313432836,15,28,15,0.594090909090909,0.463235294117647,56.0903869565217,-0.0460940428034951,4,2,0.5,0.328897058823529,-0.0327267703904815,0,FALSE,-0.251171023965142,"cfbd_returning+247_talent+transfer_portal+prior_player_ppa+week1_polls","2026-08-31 23:27:29 UTC"
"Southern Miss",2025,0.523,0.556,0.599,0.388059701492537,0,0.00774814814814815,0.18510447761194,52,42,40,0.845909090909091,0.823529411764706,159.557030434783,0.914804793965685,16,10,0.625,0.330235294117647,0.36683672238024,0.36683672238024,FALSE,0.393273420479303,"cfbd_returning+247_talent+transfer_portal+prior_player_ppa+week1_polls","2026-08-31 23:27:29 UTC"
"Stanford",2025,0.189,1.236,0.321,0.664179104477612,0,0.0098,0.538649253731343,17,27,17,0.658636363636364,0.514705882352941,164.840695652174,0.972338145203639,8,8,1,0.349485294117647,0.660217600593271,0.660217600593271,TRUE,0.356236383442266,"cfbd_returning+247_talent+transfer_portal+prior_player_ppa+week1_polls","2026-08-31 23:27:29 UTC"
"Syracuse",2025,0.143,0.013,0.133,0.753731343283582,0,0.0762666666666667,0.64594776119403,16,26,15,0.588181818181818,0.441176470588235,-0.0113608695652174,-2.08836739955133,4,1,0.25,0.3825,-1.810614535411,0,FALSE,-0.125245098039216,"cfbd_returning+247_talent+transfer_portal+prior_player_ppa+week1_polls","2026-08-31 23:27:29 UTC"
"TCU",2025,0.606,0.956,0.755,0.76865671641791,0,0.502755555555556,0.302850746268657,11,19,11,0.432272727272727,0.257352941176471,49.0059956521739,-0.157310684610171,4,4,1,0.0630514705882353,-0.0385411177294918,0,FALSE,-0.421541394335512,"cfbd_returning+247_talent+transfer_portal+prior_player_ppa+week1_polls","2026-08-31 23:27:29 UTC"
"Temple",2025,0.999,1,1,0.164179104477612,0,0.037,0.000164179104477612,24,23,20,0.760909090909091,0.654411764705882,79.4294826086957,0.194750551306119,9,3,0.333333333333333,0,0,0,FALSE,0.371051198257081,"cfbd_returning+247_talent+transfer_portal+prior_player_ppa+week1_polls","2026-08-31 23:27:29 UTC"
"Tennessee",2025,0.221,0.025,0.225,0.888059701492537,0.215031261634849,0.20462962962963,0.691798507462687,7,24,7,0.275454545454545,0.117647058823529,3.2231,-1.28575261642014,3,1,0.333333333333333,0.0911764705882353,-0.996458277725612,0,FALSE,-0.0803376906318083,"cfbd_returning+247_talent+transfer_portal+prior_player_ppa+week1_polls","2026-08-31 23:27:29 UTC"
"Texas",2025,0.283,0.266,0.395,0.977611940298508,1,0.274614814814815,0.70094776119403,11,13,10,0.4,0.220588235294118,124.966941304348,0.595557930224852,3,2,0.666666666666667,0.133455882352941,0.360312547786036,0.360312547786036,FALSE,0.0296296296296297,"cfbd_returning+247_talent+transfer_portal+prior_player_ppa+week1_polls","2026-08-31 23:27:29 UTC"
"Texas A&M",2025,0.753,0.969,0.891,0.947761194029851,0.261861928849289,0.585666666666667,0.234097014925373,13,30,13,0.521818181818182,0.360294117647059,49.4994391304348,-0.12009011260456,7,5,0.714285714285714,0.0392720588235294,-0.0130898222738971,0,FALSE,0.0825163398692811,"cfbd_returning+247_talent+transfer_portal+prior_player_ppa+week1_polls","2026-08-31 23:27:29 UTC"
"Texas State",2025,0.927,1,0.788,0.440298507462687,0,0.727866666666667,0.0321417910447761,34,34,23,0.83,0.713235294117647,25.7771543478261,-0.488776411114669,10,6,0.6,0.151205882352941,-0.10362059915631,0,FALSE,-0.377096949891068,"cfbd_returning+247_talent+transfer_portal+prior_player_ppa+week1_polls","2026-08-31 23:27:29 UTC"
"Texas Tech",2025,0.589,0.962,0.622,0.791044776119403,0.169530979188867,0.370851851851852,0.325119402985075,21,24,21,0.847272727272727,0.830882352941177,124.493876086957,0.573691663522581,6,3,0.5,0.314073529411765,0.216855448811536,0.216855448811536,FALSE,0.208605664488017,"cfbd_returning+247_talent+transfer_portal+prior_player_ppa+week1_polls","2026-08-31 23:27:29 UTC"
"Toledo",2025,0.685,0.81,0.756,0.447761194029851,0,0.319666666666667,0.141044776119403,20,17,16,0.604090909090909,0.485294117647059,69.3238108695652,0.12009011260456,4,3,0.75,0.118411764705882,0.0293019874755128,0.0293019874755128,FALSE,-0.058578431372549,"cfbd_returning+247_talent+transfer_portal+prior_player_ppa+week1_polls","2026-08-31 23:27:29 UTC"
"Troy",2025,0.334,0.274,0.406,0.26865671641791,0,0.148444444444444,0.178925373134328,16,24,11,0.418181818181818,0.25,16.2652630434783,-0.573691663522581,7,2,0.285714285714286,0.1485,-0.340772848132413,0,FALSE,-0.0363562091503268,"cfbd_returning+247_talent+transfer_portal+prior_player_ppa+week1_polls","2026-08-31 23:27:29 UTC"
"Tulane",2025,0.146,0.017,0.203,0.5,0,0.13842962962963,0.427,30,27,23,0.840454545454545,0.801470588235294,168.562226086957,1.03328490717679,12,7,0.583333333333333,0.638772058823529,0.823528071019902,0.823528071019902,TRUE,-0.540059912854031,"cfbd_returning+247_talent+transfer_portal+prior_player_ppa+week1_polls","2026-08-31 23:27:29 UTC"
"Tulsa",2025,0.99,0.924,0.907,0.373134328358209,0,0.022,0.00373134328358209,31,34,27,0.835909090909091,0.742647058823529,5.70741304347826,-1.06524581513847,12,2,0.166666666666667,0.0690661764705882,-0.0990678608078777,0,FALSE,0.385866013071895,"cfbd_returning+247_talent+transfer_portal+prior_player_ppa+week1_polls","2026-08-31 23:27:29 UTC"
"UAB",2025,0.727,1,0.734,0.238805970149254,0,0.193866666666667,0.0651940298507463,29,37,20,0.757727272727273,0.647058823529412,51.9346869565217,-0.0645536222014368,7,4,0.571428571428571,0.172117647058824,-0.0171712635055822,0,FALSE,0.141421568627451,"cfbd_returning+247_talent+transfer_portal+prior_player_ppa+week1_polls","2026-08-31 23:27:29 UTC"
"UCF",2025,0.31,-0.022,0.5,0.686567164179104,0,0.234222222222222,0.473731343283582,38,50,34,0.863181818181818,0.904411764705882,148.383276086957,0.833767940064673,11,9,0.818181818181818,0.452205882352941,0.416883970032336,0.416883970032336,FALSE,-0.347467320261438,"cfbd_returning+247_talent+transfer_portal+prior_player_ppa+week1_polls","2026-08-31 23:27:29 UTC"
"UCLA",2025,0.219,0,0.213,0.813432835820896,0,0.0616444444444444,0.635291044776119,30,35,29,0.871363636363636,0.948529411764706,178.322041304348,1.20567928194848,9,4,0.444444444444444,0.746492647058824,0.948869594893453,0.948869594893453,TRUE,0.126606753812636,"cfbd_returning+247_talent+transfer_portal+prior_player_ppa+week1_polls","2026-08-31 23:27:29 UTC"
"UL Monroe",2025,0.782,1,0.658,0.082089552238806,0,0.185362962962963,0.0178955223880597,14,22,13,0.490909090909091,0.323529411764706,27.0717391304348,-0.427359299891779,7,3,0.428571428571429,0.110647058823529,-0.146156880562988,0,FALSE,0.171051198257081,"cfbd_returning+247_talent+transfer_portal+prior_player_ppa+week1_polls","2026-08-31 23:27:29 UTC"
"UNLV",2025,0.152,0.14,0.195,0.626865671641791,0,0.138488888888889,0.531582089552239,40,43,27,0.845454545454545,0.816176470588235,69.5317195652174,0.138676381775206,13,9,0.692307692307692,0.657022058823529,0.111634487329041,0.111634487329041,FALSE,-0.503022875816993,"cfbd_returning+247_talent+transfer_portal+prior_player_ppa+week1_polls","2026-08-31 23:27:29 UTC"
"UTEP",2025,1,1,1,0.253731343283582,0,0.155555555555556,0,26,39,16,0.605,0.492647058823529,13.7404086956522,-0.757868997308887,8,3,0.375,0,0,0,FALSE,0.252532679738562,"cfbd_returning+247_talent+transfer_portal+prior_player_ppa+week1_polls","2026-08-31 23:27:29 UTC"
"UTSA",2025,0.962,1,0.99,0.522388059701492,0,0.641333333333333,0.0198507462686567,20,20,15,0.573181818181818,0.426470588235294,30.0448108695652,-0.367514478389194,5,3,0.6,0.00426470588235294,-0.00367514478389194,0,FALSE,-0.258578431372549,"cfbd_returning+247_talent+transfer_portal+prior_player_ppa+week1_polls","2026-08-31 23:27:29 UTC"
"Utah",2025,0.14,0.116,0.303,0.67910447761194,0,0.0684444444444444,0.584029850746269,21,33,19,0.745,0.632352941176471,213.399832608696,1.47688717861281,11,10,0.909090909090909,0.44075,1.02939036349313,1.02939036349313,TRUE,-0.0808006535947712,"cfbd_returning+247_talent+transfer_portal+prior_player_ppa+week1_polls","2026-08-31 23:27:29 UTC"
"Utah State",2025,0.631,0.962,0.672,0.156716417910448,0,0.233703703703704,0.0578283582089552,24,38,18,0.668181818181818,0.536764705882353,9.34467608695652,-0.887146559018876,8,4,0.5,0.176058823529412,-0.290984071358191,0,FALSE,0.0377178649237473,"cfbd_returning+247_talent+transfer_portal+prior_player_ppa+week1_polls","2026-08-31 23:27:29 UTC"
"Vanderbilt",2025,0.859,0.992,0.924,0.597014925373134,0,0.337237037037037,0.0841791044776119,20,21,18,0.706818181818182,0.580882352941177,0,-1.63075902520641,3,0,0,0.0441470588235294,-0.123937685915687,0,FALSE,0.015495642701525,"cfbd_returning+247_talent+transfer_portal+prior_player_ppa+week1_polls","2026-08-31 23:27:29 UTC"
"Virginia",2025,0.28,0.133,0.202,0.544776119402985,0,0.0311111111111111,0.392238805970149,31,23,30,0.868636363636364,0.941176470588235,176.842054347826,1.16839602196881,7,4,0.571428571428571,0.751058823529412,0.932380025531113,0.932380025531113,TRUE,0.296977124183007,"cfbd_returning+247_talent+transfer_portal+prior_player_ppa+week1_polls","2026-08-31 23:27:29 UTC"
"Virginia Tech",2025,0.495,0.893,0.582,0.708955223880597,0,0.260333333333333,0.358022388059702,30,31,29,0.861818181818182,0.878676470588235,84.7844869565217,0.289682920865294,7,5,0.714285714285714,0.367286764705882,0.121087460921693,0.121087460921693,FALSE,-0.117837690631808,"cfbd_returning+247_talent+transfer_portal+prior_player_ppa+week1_polls","2026-08-31 23:27:29 UTC"
"Wake Forest",2025,0.262,0,0.359,0.455223880597015,0,0.0524,0.335955223880597,33,27,32,0.861363636363636,0.867647058823529,139.287093478261,0.733529906806497,13,10,0.769230769230769,0.556161764705882,0.470192670262964,0.470192670262964,FALSE,0.208088235294118,"cfbd_returning+247_talent+transfer_portal+prior_player_ppa+week1_polls","2026-08-31 23:27:29 UTC"
"Washington",2025,0.424,0.237,0.491,0.73134328358209,0,0.29837037037037,0.421253731343284,18,32,14,0.548636363636364,0.419117647058824,29.5975934782609,-0.387306367975479,3,2,0.666666666666667,0.213330882352941,-0.197138941299519,0,FALSE,-0.295615468409586,"cfbd_returning+247_talent+transfer_portal+prior_player_ppa+week1_polls","2026-08-31 23:27:29 UTC"
"Washington State",2025,0.249,0.217,0.237,0.298507462686567,0,0.171533333333333,0.224179104477612,34,70,25,0.845,0.808823529411765,45.3770782608696,-0.194750551306119,8,4,0.5,0.617132352941177,-0.148594670646569,0,FALSE,-0.280800653594771,"cfbd_returning+247_talent+transfer_portal+prior_player_ppa+week1_polls","2026-08-31 23:27:29 UTC"
"West Virginia",2025,0.261,0.157,0.328,0.537313432835821,0,0.0464,0.397074626865672,51,50,49,0.867727272727273,0.933823529411765,272.142147826087,1.94753533114628,17,12,0.705882352941177,0.627529411764706,1.3087437425303,1.3087437425303,TRUE,0.23031045751634,"cfbd_returning+247_talent+transfer_portal+prior_player_ppa+week1_polls","2026-08-31 23:27:29 UTC"
"Western Kentucky",2025,0.332,0.175,0.267,0.261194029850746,0,0.0909925925925926,0.174477611940298,42,39,33,0.84,0.790441176470588,169.759082608696,1.06524581513847,12,6,0.5,0.579393382352941,0.780825182496499,0.780825182496499,TRUE,0.134014161220044,"cfbd_returning+247_talent+transfer_portal+prior_player_ppa+week1_polls","2026-08-31 23:27:29 UTC"
"Western Michigan",2025,0.999,1,1,0.223880597014925,0,0.3182,0.000223880597014926,23,28,14,0.529090909090909,0.382352941176471,30.3820152173913,-0.347865525992265,7,4,0.571428571428571,0,0,0,FALSE,0.0895697167755991,"cfbd_returning+247_talent+transfer_portal+prior_player_ppa+week1_polls","2026-08-31 23:27:29 UTC"
"Wisconsin",2025,0.402,0.061,0.248,0.798507462686567,0,0.104222222222222,0.477507462686567,18,33,18,0.708636363636364,0.588235294117647,175.77582173913,1.13266980789337,5,4,0.8,0.442352941176471,0.85176769553581,0.85176769553581,TRUE,0.148828976034858,"cfbd_returning+247_talent+transfer_portal+prior_player_ppa+week1_polls","2026-08-31 23:27:29 UTC"
"Wyoming",2025,0.774,1,0.876,0.134328358208955,0,0.0802666666666667,0.0303582089552239,17,22,7,0.264545454545455,0.102941176470588,14.7842456521739,-0.709617803137271,6,2,0.333333333333333,0.0127647058823529,-0.0879926075890216,0,FALSE,0.304384531590414,"cfbd_returning+247_talent+transfer_portal+prior_player_ppa+week1_polls","2026-08-31 23:27:29 UTC"
"Air Force",2026,0.574,1.017,0.625,0.0144927536231884,0,0.108934306569343,0.00617391304347826,0,4,0,0,0,0,-1.51238958606768,0,0,1,0,-0.56714609477538,0,FALSE,0.219639267957262,"cfbd_returning+247_talent+transfer_portal+prior_player_ppa+week1_polls","2026-08-31 23:27:29 UTC"
"Akron",2026,0.918,0.874,0.943,0.130434782608696,0,0.10051094890511,0.010695652173913,15,18,12,0.455,0.231884057971014,0.642078260869565,-1.33719369241651,3,1,0.333333333333333,0.0132173913043478,-0.076220040467741,0,FALSE,0.299931238760182,"cfbd_returning+247_talent+transfer_portal+prior_player_ppa+week1_polls","2026-08-31 23:27:29 UTC"
"Alabama",2026,0.264,0.123,0.301,0.978260869565217,0.571885761084346,0.211970802919708,0.72,17,24,17,0.680909090909091,0.536231884057971,24.5477282608696,-0.501609793587263,3,3,1,0.374826086956522,-0.350625245717497,0,FALSE,0.117370147043267,"cfbd_returning+247_talent+transfer_portal+prior_player_ppa+week1_polls","2026-08-31 23:27:29 UTC"
"App State",2026,0.379,-0.309,0.523,0.391304347826087,0,0.0995912408759124,0.243,38,42,21,0.802272727272727,0.673913043478261,67.9316956521739,0.118341468086526,13,8,0.615384615384615,0.32145652173913,0.0564488802772729,0.0564488802772729,FALSE,0.146646567227335,"cfbd_returning+247_talent+transfer_portal+prior_player_ppa+week1_polls","2026-08-31 23:27:29 UTC"
"Arizona",2026,0.649,1.199,0.686,0.615942028985507,0,0.568467153284672,0.216195652173913,22,20,21,0.819545454545455,0.681159420289855,19.13955,-0.674489750196082,7,5,0.714285714285714,0.213884057971014,-0.21178978156157,0,FALSE,-0.466492118904052,"cfbd_returning+247_talent+transfer_portal+prior_player_ppa+week1_polls","2026-08-31 23:27:29 UTC"
"Arizona State",2026,0.155,0.054,0.135,0.681159420289855,0,0.0939051094890511,0.575579710144928,24,21,22,0.869545454545455,0.905797101449275,208.135058695652,1.21428822328573,9,8,0.888888888888889,0.783514492753623,1.05035931314215,1.05035931314215,TRUE,-0.196419126203322,"cfbd_returning+247_talent+transfer_portal+prior_player_ppa+week1_polls","2026-08-31 23:27:29 UTC"
"Arkansas",2026,0.145,0.187,0.196,0.746376811594203,0,0.0433941605839416,0.638152173913043,42,43,39,0.87,0.91304347826087,118.797713043478,0.744586487499689,11,8,0.727272727272727,0.734086956521739,0.59864753594975,0.59864753594975,TRUE,0.110150216862372,"cfbd_returning+247_talent+transfer_portal+prior_player_ppa+week1_polls","2026-08-31 23:27:29 UTC"
"Arkansas State",2026,0.3,0.072,0.389,0.347826086956522,0,0.0678832116788321,0.243478260869565,25,37,21,0.799545454545455,0.666666666666667,1.57691739130435,-1.25316702566313,7,1,0.142857142857143,0.407333333333333,-0.765685052680171,0,FALSE,0.183142917592299,"cfbd_returning+247_talent+transfer_portal+prior_player_ppa+week1_polls","2026-08-31 23:27:29 UTC"
"Army",2026,0.802,0.626,0.586,0.0217391304347826,0,0.304408759124088,0.00430434782608696,0,2,0,0,0,0,-1.51238958606768,0,0,1,0,-0.62612928863202,0,FALSE,0.029858246059452,"cfbd_returning+247_talent+transfer_portal+prior_player_ppa+week1_polls","2026-08-31 23:27:29 UTC"
"Auburn",2026,0.144,0,0.196,0.876811594202899,0,0.100905109489051,0.750550724637681,39,39,38,0.881818181818182,0.978260869565217,402.49502173913,2.29489520924309,18,15,0.833333333333333,0.786521739130435,1.84509574823145,1.84509574823145,TRUE,-0.291309637152227,"cfbd_returning+247_talent+transfer_portal+prior_player_ppa+week1_polls","2026-08-31 23:27:29 UTC"
"BYU",2026,0.785,1,0.882,0.579710144927536,0.475193510576609,0.664671532846715,0.12463768115942,9,14,9,0.358636363636364,0.13768115942029,14.7160369565217,-0.818549519355992,3,3,1,0.0162463768115942,-0.0965888432840071,0,FALSE,0.0518353961705279,"cfbd_returning+247_talent+transfer_portal+prior_player_ppa+week1_polls","2026-08-31 23:27:29 UTC"
"Ball State",2026,0.057,0,0.173,0.188405797101449,0,0.0024963503649635,0.177666666666667,24,18,20,0.758181818181818,0.615942028985507,25.3812391304348,-0.420783688738431,9,4,0.444444444444444,0.509384057971014,-0.347988110586682,0,FALSE,0.365624669417116,"cfbd_returning+247_talent+transfer_portal+prior_player_ppa+week1_polls","2026-08-31 23:27:29 UTC"
"Baylor",2026,0.602,0.777,0.651,0.695652173913043,0,0.316379562043796,0.276869565217391,31,32,30,0.865909090909091,0.884057971014493,83.5063217391304,0.285367872279152,7,6,0.857142857142857,0.308536231884058,0.099593387425424,0.099593387425424,FALSE,-0.116127155400402,"cfbd_returning+247_talent+transfer_portal+prior_player_ppa+week1_polls","2026-08-31 23:27:29 UTC"
"Boise State",2026,0.663,0.943,0.734,0.471014492753623,0,0.411350364963504,0.158731884057971,11,19,9,0.346363636363636,0.130434782608696,24.8468239130435,-0.481114979139643,3,3,1,0.034695652173913,-0.127976584451145,0,FALSE,-0.211017666349307,"cfbd_returning+247_talent+transfer_portal+prior_player_ppa+week1_polls","2026-08-31 23:27:29 UTC"
"Boston College",2026,0.156,0.083,0.095,0.492753623188406,0,0.0193576642335766,0.415884057971015,26,30,25,0.854545454545455,0.793478260869565,96.478397826087,0.440713682504682,9,6,0.666666666666667,0.718097826086956,0.398845882666737,0.398845882666737,FALSE,0.285332698614197,"cfbd_returning+247_talent+transfer_portal+prior_player_ppa+week1_polls","2026-08-31 23:27:29 UTC"
"Bowling Green",2026,-0.062,9.4,0.226,0.202898550724638,0,-0.0122189781021898,0.215478260869565,17,27,11,0.417272727272727,0.181159420289855,25.3053130434783,-0.460820299995576,4,2,0.5,0.140217391304348,-0.356674912196576,0,FALSE,0.21233999788427,"cfbd_returning+247_talent+transfer_portal+prior_player_ppa+week1_polls","2026-08-31 23:27:29 UTC"
"Buffalo",2026,-0.008,0.094,0.146,0.13768115942029,0,-0.00256934306569343,0.138782608695652,16,16,14,0.53,0.318840579710145,4.52927608695652,-1.17716304692063,2,1,0.5,0.272289855072464,-1.00529724207022,0,FALSE,0.0882524066433936,"cfbd_returning+247_talent+transfer_portal+prior_player_ppa+week1_polls","2026-08-31 23:27:29 UTC"
"California",2026,0.583,0.887,0.53,0.768115942028985,0,0.255328467153285,0.320304347826087,32,36,30,0.878636363636364,0.971014492753623,212.668673913043,1.25316702566313,9,9,1,0.456376811594203,0.58898850206167,0.58898850206167,TRUE,-0.0285359145244896,"cfbd_returning+247_talent+transfer_portal+prior_player_ppa+week1_polls","2026-08-31 23:27:29 UTC"
"Central Michigan",2026,0.54,0.092,0.422,0.101449275362319,0,0.291678832116788,0.0466666666666667,12,17,5,0.185454545454545,0.0434782608695652,18.2989456521739,-0.69747233563967,6,3,0.5,0.0251304347826087,-0.403139009999729,0,FALSE,-0.130725695546387,"cfbd_returning+247_talent+transfer_portal+prior_player_ppa+week1_polls","2026-08-31 23:27:29 UTC"
"Charlotte",2026,0.409,1.13,0.478,0.253623188405797,0,0.00597080291970803,0.149891304347826,19,27,14,0.533181818181818,0.326086956521739,111.887273913043,0.674489750196082,10,8,0.8,0.170217391304348,0.352083649602355,0.352083649602355,FALSE,0.394821749709087,"cfbd_returning+247_talent+transfer_portal+prior_player_ppa+week1_polls","2026-08-31 23:27:29 UTC"
"Cincinnati",2026,0.083,0.035,0.071,0.449275362318841,0,0.0611897810218978,0.411985507246377,22,23,20,0.780454545454545,0.644927536231884,279.591073913043,1.84376502899634,10,8,0.8,0.59913768115942,1.7128577119376,1.7128577119376,TRUE,-0.32780598751719,"cfbd_returning+247_talent+transfer_portal+prior_player_ppa+week1_polls","2026-08-31 23:27:29 UTC"
"Clemson",2026,0.414,0.141,0.373,0.891304347826087,0.0674899483055715,0.247795620437956,0.522304347826087,11,15,11,0.429090909090909,0.213768115942029,17.4865782608696,-0.720829386410955,2,1,0.5,0.134032608695652,-0.451960025279669,0,FALSE,0.227546810536338,"cfbd_returning+247_talent+transfer_portal+prior_player_ppa+week1_polls","2026-08-31 23:27:29 UTC"
"Coastal Carolina",2026,0.154,0.115,0.226,0.246376811594203,0,0.0213576642335766,0.208434782608696,32,43,27,0.85,0.746376811594203,71.7821739130435,0.155012333382055,9,6,0.666666666666667,0.577695652173913,0.119979546037711,0.119979546037711,FALSE,0.270734158468211,"cfbd_returning+247_talent+transfer_portal+prior_player_ppa+week1_polls","2026-08-31 23:27:29 UTC"
"Colorado",2026,0.137,-0.261,0.36,0.72463768115942,0,0.059,0.62536231884058,42,38,41,0.874545454545455,0.942028985507246,136.586456521739,0.897288076287577,9,7,0.777777777777778,0.602898550724638,0.57426436882405,0.57426436882405,TRUE,-0.0212366444514969,"cfbd_returning+247_talent+transfer_portal+prior_player_ppa+week1_polls","2026-08-31 23:27:29 UTC"
"Colorado State",2026,0.396,0.23,0.306,0.463768115942029,0,0.0578102189781022,0.280115942028985,32,38,23,0.845454545454545,0.728260869565217,22.3676,-0.543251689701433,12,6,0.5,0.505413043478261,-0.377016672652794,0,FALSE,0.263434888395218,"cfbd_returning+247_talent+transfer_portal+prior_player_ppa+week1_polls","2026-08-31 23:27:29 UTC"
"Connecticut",2026,0.023,0.032,0.027,0.478260869565217,0,0.0174598540145985,0.467260869565217,53,45,40,0.852727272727273,0.77536231884058,46.7065304347826,-0.0636167900215348,17,10,0.588235294117647,0.754427536231884,-0.0618991366909534,0,FALSE,-0.349703797736168,"cfbd_returning+247_talent+transfer_portal+prior_player_ppa+week1_polls","2026-08-31 23:27:29 UTC"
"Delaware",2026,0.849,0.963,0.917,0.036231884057971,0,0.210700729927007,0.00547101449275362,13,8,10,0.377272727272727,0.152173913043478,8.42998695652174,-1.04266936871294,3,2,0.666666666666667,0.0126304347826087,-0.086541557603174,0,FALSE,0.161245107373321,"cfbd_returning+247_talent+transfer_portal+prior_player_ppa+week1_polls","2026-08-31 23:27:29 UTC"
"Duke",2026,0.171,0.041,0.22,0.507246376811594,0,0.0698978102189781,0.420507246376812,19,17,19,0.739545454545455,0.58695652173913,216.474354347826,1.29403835164186,9,9,1,0.457826086956522,1.00934991428065,1.00934991428065,TRUE,0.000661165767481209,"cfbd_returning+247_talent+transfer_portal+prior_player_ppa+week1_polls","2026-08-31 23:27:29 UTC"
"East Carolina",2026,0.136,0,0.136,0.405797101449275,0,0.105226277372263,0.350608695652174,24,26,11,0.422272727272727,0.195652173913043,93.8359934782609,0.381410662051853,10,7,0.7,0.16904347826087,0.329538812012801,0.329538812012801,FALSE,-0.364302337882154,"cfbd_returning+247_talent+transfer_portal+prior_player_ppa+week1_polls","2026-08-31 23:27:29 UTC"
"Eastern Michigan",2026,0.721,0.974,0.587,0.260869565217391,0,0.184197080291971,0.0727826086956522,12,26,8,0.305,0.0942028985507246,-0.629086956521739,-1.75237035840712,4,1,0.25,0.0389057971014493,-0.723728958022142,0,FALSE,0.153945837300328,"cfbd_returning+247_talent+transfer_portal+prior_player_ppa+week1_polls","2026-08-31 23:27:29 UTC"
"Florida",2026,0.691,0.943,0.79,0.934782608695652,0,0.322802919708029,0.288847826086957,27,36,24,0.868181818181818,0.891304347826087,107.782817391304,0.607561622212673,11,9,0.818181818181818,0.187173913043478,0.127587940664661,0.127587940664661,FALSE,-0.0577329948164604,"cfbd_returning+247_talent+transfer_portal+prior_player_ppa+week1_polls","2026-08-31 23:27:29 UTC"
"Florida Atlantic",2026,0.684,0.934,0.65,0.297101449275362,0,0.239649635036496,0.0938840579710145,22,30,7,0.267272727272727,0.072463768115942,21.3926847826087,-0.585857894419586,8,5,0.625,0.0253623188405797,-0.205050263046855,0,FALSE,0.0590553263514228,"cfbd_returning+247_talent+transfer_portal+prior_player_ppa+week1_polls","2026-08-31 23:27:29 UTC"
"Florida International",2026,0.316,-0.006,0.263,0.355072463768116,0,0.124554744525547,0.242869565217391,17,22,11,0.419090909090909,0.188405797101449,89.2105543478261,0.361947444792599,4,3,0.75,0.138855072463768,0.266755266812145,0.266755266812145,FALSE,0.0152597059134666,"cfbd_returning+247_talent+transfer_portal+prior_player_ppa+week1_polls","2026-08-31 23:27:29 UTC"
"Florida State",2026,0.401,0.125,0.305,0.855072463768116,0,0.342459854014599,0.512188405797101,22,43,20,0.787272727272727,0.652173913043478,111.326908695652,0.651858043117825,5,4,0.8,0.453260869565217,0.453041339966889,0.453041339966889,FALSE,-0.444594308685073,"cfbd_returning+247_talent+transfer_portal+prior_player_ppa+week1_polls","2026-08-31 23:27:29 UTC"
"Fresno State",2026,0.383,0.073,0.491,0.369565217391304,0,0.181715328467153,0.228021739130435,13,10,10,0.379090909090909,0.159420289855072,2.60868260869565,-1.21428822328573,4,3,0.75,0.0811449275362319,-0.618072705652434,0,FALSE,-0.0650322648894531,"cfbd_returning+247_talent+transfer_portal+prior_player_ppa+week1_polls","2026-08-31 23:27:29 UTC"
"Georgia",2026,0.687,0.997,0.742,1,0.909373462702236,0.591722627737226,0.313,9,16,9,0.365,0.144927536231884,16.629197826087,-0.768771474883662,3,2,0.666666666666667,0.0373913043478261,-0.198343040519985,0,FALSE,0.124193377763673,"cfbd_returning+247_talent+transfer_portal+prior_player_ppa+week1_polls","2026-08-31 23:27:29 UTC"
"Georgia Southern",2026,0.058,-0.04,0.212,0.442028985507246,0,0.0127007299270073,0.416391304347826,17,18,15,0.573636363636364,0.405797101449275,5.66894782608696,-1.10741176400112,8,4,0.5,0.319768115942029,-0.872640470032881,0,FALSE,0.190442187665291,"cfbd_returning+247_talent+transfer_portal+prior_player_ppa+week1_polls","2026-08-31 23:27:29 UTC"
"Georgia State",2026,0.465,0.642,0.286,0.239130434782609,0,0.0543065693430657,0.127934782608696,33,39,24,0.839545454545454,0.695652173913043,72.393647826087,0.173423136191291,10,7,0.7,0.496695652173913,0.123824119240582,0.123824119240582,FALSE,0.292631968687189,"cfbd_returning+247_talent+transfer_portal+prior_player_ppa+week1_polls","2026-08-31 23:27:29 UTC"
"Georgia Tech",2026,0.126,0,0.145,0.760869565217391,0,0.0726569343065693,0.665,19,20,18,0.710454545454545,0.572463768115942,119.242356521739,0.793414729335874,8,6,0.75,0.48945652173913,0.678369593582172,0.678369593582172,TRUE,-0.167222045911351,"cfbd_returning+247_talent+transfer_portal+prior_player_ppa+week1_polls","2026-08-31 23:27:29 UTC"
"Hawai'i",2026,0.645,0.912,0.578,0.173913043478261,0,0.296605839416058,0.0617391304347826,16,9,12,0.459090909090909,0.268115942028986,11.5957630434783,-0.982026168309512,6,4,0.666666666666667,0.113144927536232,-0.414415043026614,0,FALSE,-0.0504337247434677,"cfbd_returning+247_talent+transfer_portal+prior_player_ppa+week1_polls","2026-08-31 23:27:29 UTC"
"Houston",2026,0.812,0.915,0.6,0.594202898550725,0.131073957935411,0.450452554744526,0.111710144927536,18,16,16,0.624545454545455,0.463768115942029,54.8474956521739,0.00908211135668394,6,5,0.833333333333333,0.185507246376812,0.00363284454267357,0.00363284454267357,FALSE,0.285835184597482,"cfbd_returning+247_talent+transfer_portal+prior_player_ppa+week1_polls","2026-08-31 23:27:29 UTC"
"Illinois",2026,0.211,0.032,0.435,0.63768115942029,0,0.0939489051094891,0.503130434782609,20,27,18,0.7,0.557971014492754,226.318193478261,1.38299412710064,5,5,1,0.315253623188406,0.78139168181186,0.78139168181186,TRUE,-0.0358351845974823,"cfbd_returning+247_talent+transfer_portal+prior_player_ppa+week1_polls","2026-08-31 23:27:29 UTC"
"Indiana",2026,0.166,0.019,0.118,0.731884057971015,0.867727121573973,0.157518248175182,0.610391304347826,17,16,15,0.605,0.442028985507246,226.74487826087,1.43189486152056,5,4,0.8,0.389869565217391,1.26293126786113,1.26293126786113,TRUE,0.0148630064529779,"cfbd_returning+247_talent+transfer_portal+prior_player_ppa+week1_polls","2026-08-31 23:27:29 UTC"
"Iowa",2026,0.342,0.163,0.404,0.688405797101449,0.161323855563403,0.269605839416058,0.452971014492754,15,8,13,0.504090909090909,0.304347826086957,94.8576326086957,0.401019459361242,4,2,0.5,0.181391304347826,0.2390075977793,0.2390075977793,FALSE,0.05950491907331,"cfbd_returning+247_talent+transfer_portal+prior_player_ppa+week1_polls","2026-08-31 23:27:29 UTC"
"Iowa State",2026,0.017,0.03,0.029,0.514492753623188,0,0.00881021897810219,0.505746376811594,48,55,44,0.857272727272727,0.818840579710145,203.403913043478,1.14159311213927,13,12,0.923076923076923,0.795094202898551,1.10848691188723,1.10848691188723,TRUE,-0.108827885327409,"cfbd_returning+247_talent+transfer_portal+prior_player_ppa+week1_polls","2026-08-31 23:27:29 UTC"
"Jacksonville State",2026,0.495,0.76,0.466,0.333333333333333,0,0.325182481751825,0.168333333333333,21,14,11,0.422727272727273,0.202898550724638,35.9821304347826,-0.304339092534113,3,2,0.666666666666667,0.108347826086957,-0.162517075413216,0,FALSE,-0.247514016714271,"cfbd_returning+247_talent+transfer_portal+prior_player_ppa+week1_polls","2026-08-31 23:27:29 UTC"
"James Madison",2026,0.08,0.093,0.079,0.27536231884058,0,0.0747445255474452,0.253333333333333,37,31,31,0.851818181818182,0.764492753623188,83.2423782608696,0.266498814282483,12,6,0.5,0.704097826086956,0.245445407954167,0.245445407954167,FALSE,-0.524886279487993,"cfbd_returning+247_talent+transfer_portal+prior_player_ppa+week1_polls","2026-08-31 23:27:29 UTC"
"Kansas",2026,0.181,-0.015,0.162,0.557971014492754,0,0.110978102189781,0.456978260869565,31,26,29,0.858636363636364,0.840579710144927,98.5024456521739,0.481114979139643,8,6,0.75,0.704405797101449,0.403174352519021,0.403174352519021,FALSE,-0.203718396276314,"cfbd_returning+247_talent+transfer_portal+prior_player_ppa+week1_polls","2026-08-31 23:27:29 UTC"
"Kansas State",2026,0.714,1,0.795,0.666666666666667,0,0.380452554744526,0.190666666666667,26,33,24,0.862727272727273,0.855072463768116,28.5717391304348,-0.381410662051853,6,6,1,0.175289855072464,-0.0781891857206298,0,FALSE,-0.123426425473395,"cfbd_returning+247_talent+transfer_portal+prior_player_ppa+week1_polls","2026-08-31 23:27:29 UTC"
"Kennesaw State",2026,0.061,0,0.052,0.0434782608695652,0,0.0187007299270073,0.0408260869565217,29,19,26,0.841363636363636,0.710144927536232,62.2613130434783,0.0636167900215348,8,6,0.75,0.673217391304348,0.060308716940415,0.060308716940415,FALSE,0.102850946789379,"cfbd_returning+247_talent+transfer_portal+prior_player_ppa+week1_polls","2026-08-31 23:27:29 UTC"
"Kent State",2026,0.641,1.032,0.516,0.0652173913043478,0,0.0374306569343066,0.0234130434782609,11,15,9,0.34,0.115942028985507,-0.804619565217391,-1.95380199994724,5,1,0.2,0.0561159420289855,-0.945640167974463,0,FALSE,0.351026129271131,"cfbd_returning+247_talent+transfer_portal+prior_player_ppa+week1_polls","2026-08-31 23:27:29 UTC"
"Kentucky",2026,0.193,-0.029,0.18,0.840579710144927,0,0.0563503649635036,0.678347826086956,31,27,30,0.877727272727273,0.960144927536232,25.3560130434783,-0.440713682504682,10,6,0.6,0.78731884057971,-0.361385219653839,0,FALSE,0.117449486935364,"cfbd_returning+247_talent+transfer_portal+prior_player_ppa+week1_polls","2026-08-31 23:27:29 UTC"
"LSU",2026,0.212,0.132,0.269,0.949275362318841,0.568573442640071,0.159386861313869,0.748028985507246,44,41,37,0.912272727272727,1,390.537886956522,2.09431550475147,20,15,0.75,0.731,1.53094463397333,1.53094463397333,TRUE,0.161218660742621,"cfbd_returning+247_talent+transfer_portal+prior_player_ppa+week1_polls","2026-08-31 23:27:29 UTC"
"Liberty",2026,0.383,0.746,0.425,0.434782608695652,0,0.0810729927007299,0.268260869565217,26,19,19,0.726363636363636,0.579710144927536,27.6732369565217,-0.401019459361242,11,8,0.727272727272727,0.333333333333333,-0.230586189132714,0,FALSE,0.197741457738284,"cfbd_returning+247_talent+transfer_portal+prior_player_ppa+week1_polls","2026-08-31 23:27:29 UTC"
"Louisiana",2026,0.919,1.011,0.661,0.289855072463768,0,0.120744525547445,0.0234782608695652,5,7,5,0.189090909090909,0.0507246376811594,13.9722260869565,-0.844212403534987,1,1,1,0.017195652173913,-0.28618800479836,0,FALSE,0.278033428541204,"cfbd_returning+247_talent+transfer_portal+prior_player_ppa+week1_polls","2026-08-31 23:27:29 UTC"
"Louisiana Tech",2026,0.639,0.991,0.489,0.108695652173913,0,0.153919708029197,0.0392391304347826,11,24,10,0.385,0.173913043478261,12.2461434782609,-0.953020448543581,4,1,0.25,0.0888695652173913,-0.48699344920577,0,FALSE,0.168544377446313,"cfbd_returning+247_talent+transfer_portal+prior_player_ppa+week1_polls","2026-08-31 23:27:29 UTC"
"Louisville",2026,0.348,0,0.268,0.739130434782609,0.0580143540669856,0.287036496350365,0.481913043478261,33,39,31,0.871818181818182,0.931159420289855,228.310491304348,1.54152770348702,11,9,0.818181818181818,0.681608695652174,1.1283982789525,1.1283982789525,TRUE,-0.00597693853803027,"cfbd_returning+247_talent+transfer_portal+prior_player_ppa+week1_polls","2026-08-31 23:27:29 UTC"
"Marshall",2026,0.988,1.002,0.752,0.304347826086957,0,0.447124087591241,0.00365217391304348,28,22,17,0.648636363636364,0.507246376811594,43.3572391304348,-0.155012333382055,7,5,0.714285714285714,0.125797101449275,-0.0384430586787496,0,FALSE,-0.043134454670475,"cfbd_returning+247_talent+transfer_portal+prior_player_ppa+week1_polls","2026-08-31 23:27:29 UTC"
"Maryland",2026,0.54,0.866,0.705,0.673913043478261,0,0.362627737226277,0.31,14,16,14,0.542272727272727,0.36231884057971,145.976280434783,1.01188257248503,7,7,1,0.106884057971015,0.298505358883084,0.298505358883084,FALSE,-0.262112556860256,"cfbd_returning+247_talent+transfer_portal+prior_player_ppa+week1_polls","2026-08-31 23:27:29 UTC"
"Massachusetts",2026,-0.567,-0.365,0.135,0.0797101449275362,0,-0.00413868613138686,0.124905797101449,21,19,18,0.682727272727273,0.543478260869565,114.350108695652,0.69747233563967,7,7,1,0.470108695652174,0.603313570328314,0.603313570328314,TRUE,0.40212101978208,"cfbd_returning+247_talent+transfer_portal+prior_player_ppa+week1_polls","2026-08-31 23:27:29 UTC"
"Memphis",2026,0.056,0.017,0.031,0.521739130434783,0,0.0404671532846715,0.492521739130435,51,47,31,0.851818181818182,0.764492753623188,46.0499804347826,-0.100068610921797,12,8,0.666666666666667,0.740793478260869,-0.0969664839832216,0,FALSE,-0.313207447371205,"cfbd_returning+247_talent+transfer_portal+prior_player_ppa+week1_polls","2026-08-31 23:27:29 UTC"
"Miami",2026,0.369,0.055,0.491,0.920289855072464,0.817032881339163,0.336678832116788,0.580702898550725,13,19,13,0.527727272727273,0.311594202898551,234.478039130435,1.6040834827675,4,3,0.75,0.158601449275362,0.816478492728659,0.816478492728659,TRUE,0.0441129800063472,"cfbd_returning+247_talent+transfer_portal+prior_player_ppa+week1_polls","2026-08-31 23:27:29 UTC"
"Miami (OH)",2026,0.139,-0.024,0.287,0.384057971014493,0,0.0578321167883212,0.330673913043478,16,14,12,0.462272727272727,0.27536231884058,73.2464,0.191892915468293,5,2,0.4,0.196333333333333,0.136819648728893,0.136819648728893,FALSE,-0.00663810430551148,"cfbd_returning+247_talent+transfer_portal+prior_player_ppa+week1_polls","2026-08-31 23:27:29 UTC"
"Michigan",2026,0.692,1.037,0.711,0.927536231884058,0.421203441348397,0.459649635036496,0.28568115942029,17,33,14,0.559090909090909,0.376811594202899,38.9277673913044,-0.247724174652766,5,3,0.6,0.108898550724638,-0.0715922864746493,0,FALSE,0.227070771183751,"cfbd_returning+247_talent+transfer_portal+prior_player_ppa+week1_polls","2026-08-31 23:27:29 UTC"
"Michigan State",2026,0.209,0.162,0.304,0.565217391304348,0,0.032036496350365,0.447086956521739,28,46,24,0.857272727272727,0.818840579710145,19.2355260869565,-0.651858043117825,7,4,0.571428571428571,0.569913043478261,-0.453693198010007,0,FALSE,0.256135618322226,"cfbd_returning+247_talent+transfer_portal+prior_player_ppa+week1_polls","2026-08-31 23:27:29 UTC"
"Middle Tennessee",2026,0.325,0.392,0.287,0.217391304347826,0,0.0901459854014598,0.146739130434783,20,18,12,0.457727272727273,0.257246376811594,-1.5226,-2.09431550475147,4,2,0.5,0.183416666666667,-1.4932469548878,0,FALSE,0.13204802708135,"cfbd_returning+247_talent+transfer_portal+prior_player_ppa+week1_polls","2026-08-31 23:27:29 UTC"
"Minnesota",2026,0.649,0.971,0.679,0.710144927536232,0,0.473722627737226,0.249260869565217,19,20,17,0.669090909090909,0.521739130434783,47.6603608695652,-0.0454255501340687,7,6,0.857142857142857,0.167478260869565,-0.014581601593036,0,FALSE,-0.320506717444198,"cfbd_returning+247_talent+transfer_portal+prior_player_ppa+week1_polls","2026-08-31 23:27:29 UTC"
"Mississippi",2026,0.503,0.791,0.679,0.905797101449275,0.644307085791865,0.356138686131387,0.45018115942029,28,27,28,0.894545454545455,0.992753623188406,107.766723913043,0.585857894419586,11,9,0.818181818181818,0.318673913043478,0.188060384108687,0.188060384108687,FALSE,0.233999788426954,"cfbd_returning+247_talent+transfer_portal+prior_player_ppa+week1_polls","2026-08-31 23:27:29 UTC"
"Mississippi State",2026,0.339,-0.002,0.398,0.86231884057971,0,0.185583941605839,0.569992753623188,27,40,27,0.863636363636364,0.86231884057971,32.9428630434783,-0.323420493043882,5,4,0.8,0.519115942028985,-0.194699136812417,0,FALSE,-0.13802496561938,"cfbd_returning+247_talent+transfer_portal+prior_player_ppa+week1_polls","2026-08-31 23:27:29 UTC"
"Missouri",2026,0.42,-0.023,0.502,0.869565217391304,0.0803642588404068,0.370948905109489,0.504347826086957,30,27,30,0.875,0.949275362318841,95.1236326086956,0.420783688738431,8,7,0.875,0.472739130434783,0.209550276991738,0.209550276991738,FALSE,-0.0498783454987834,"cfbd_returning+247_talent+transfer_portal+prior_player_ppa+week1_polls","2026-08-31 23:27:29 UTC"
"Missouri State",2026,0.313,0.053,0.192,0.144927536231884,0,0.175919708029197,0.0995652173913044,19,11,17,0.649090909090909,0.514492753623188,39.999947826087,-0.210428394247925,6,4,0.666666666666667,0.415710144927536,-0.170026142552323,0,FALSE,-0.152623505765365,"cfbd_returning+247_talent+transfer_portal+prior_player_ppa+week1_polls","2026-08-31 23:27:29 UTC"
"Navy",2026,0.138,-0.031,0.136,0.0072463768115942,0,0.102744525547445,0.0062463768115942,0,3,0,0,0,0,-1.51238958606768,0,0,1,0,-1.30670460236248,0,FALSE,-0.335105257590183,"cfbd_returning+247_talent+transfer_portal+prior_player_ppa+week1_polls","2026-08-31 23:27:29 UTC"
"Nebraska",2026,0.463,0.052,0.392,0.847826086956522,0,0.236569343065693,0.455282608695652,17,19,16,0.629090909090909,0.478260869565217,219.451126086957,1.33719369241651,4,4,1,0.290782608695652,0.813013764989237,0.813013764989237,TRUE,-0.101528615254417,"cfbd_returning+247_talent+transfer_portal+prior_player_ppa+week1_polls","2026-08-31 23:27:29 UTC"
"Nevada",2026,0.355,-1.3,0.444,0.152173913043478,0,0.0103649635036496,0.0981521739130435,14,21,4,0.155,0.036231884057971,39.0749652173913,-0.229036458104046,3,3,1,0.0201449275362319,-0.127344270705849,0,FALSE,0.380223209563102,"cfbd_returning+247_talent+transfer_portal+prior_player_ppa+week1_polls","2026-08-31 23:27:29 UTC"
"New Mexico",2026,0.582,0.74,0.573,0.195652173913043,0,0.216656934306569,0.0817826086956522,14,14,9,0.343181818181818,0.123188405797101,31.8876608695652,-0.342620393436943,4,3,0.75,0.0526014492753623,-0.146298907997575,0,FALSE,0.0371575161324447,"cfbd_returning+247_talent+transfer_portal+prior_player_ppa+week1_polls","2026-08-31 23:27:29 UTC"
"New Mexico State",2026,0.244,0.401,0.301,0.0289855072463768,0,0.103299270072993,0.0219130434782609,25,24,20,0.763636363636364,0.630434782608696,53.4053239130435,-0.00908211135668394,8,6,0.75,0.440673913043478,-0.00634839583832207,0,FALSE,-0.0139373743785042,"cfbd_returning+247_talent+transfer_portal+prior_player_ppa+week1_polls","2026-08-31 23:27:29 UTC"
"North Carolina",2026,0.278,0.095,0.316,0.800724637681159,0,0.0791386861313869,0.578123188405797,19,31,18,0.704545454545455,0.565217391304348,36.6985282608696,-0.285367872279152,8,8,1,0.386608695652174,-0.19519162463894,0,FALSE,0.124748757008357,"cfbd_returning+247_talent+transfer_portal+prior_player_ppa+week1_polls","2026-08-31 23:27:29 UTC"
"North Carolina State",2026,0.599,0.931,0.622,0.77536231884058,0,0.389131386861314,0.310920289855072,20,22,19,0.745454545454545,0.601449275362319,116.373315217391,0.720829386410955,9,7,0.777777777777778,0.227347826086957,0.272473508063341,0.272473508063341,FALSE,-0.240214746641278,"cfbd_returning+247_talent+transfer_portal+prior_player_ppa+week1_polls","2026-08-31 23:27:29 UTC"
"North Dakota State",2026,,,,0.0579710144927536,0,,,3,7,1,0.0386363636363636,0.0289855072463768,0,-1.51238958606768,0,0,1,,,,,,"cfbd_returning+247_talent+transfer_portal+prior_player_ppa+week1_polls","2026-08-31 23:27:29 UTC"
"North Texas",2026,0.025,0.024,0.017,0.318840579710145,0,0.0235401459854015,0.310869565217391,49,38,29,0.850454545454545,0.753623188405797,175.292658695652,1.04266936871294,15,9,0.6,0.740811594202899,1.02494398944482,1.02494398944482,TRUE,-0.532185549560986,"cfbd_returning+247_talent+transfer_portal+prior_player_ppa+week1_polls","2026-08-31 23:27:29 UTC"
"Northern Illinois",2026,0.437,1.377,0.473,0.0942028985507246,0,0.0350875912408759,0.053036231884058,7,22,5,0.189545454545455,0.0579710144927536,124.485547826087,0.844212403534987,1,1,1,0.0305507246376812,0.444899936662938,0.444899936662938,FALSE,0.329128319052153,"cfbd_returning+247_talent+transfer_portal+prior_player_ppa+week1_polls","2026-08-31 23:27:29 UTC"
"Northwestern",2026,0.885,0.939,0.948,0.572463768115942,0,0.239014598540146,0.0658333333333333,17,8,15,0.588181818181818,0.434782608695652,140.903941304348,0.953020448543581,6,5,0.833333333333333,0.0226086956521739,0.0495570633242663,0.0495570633242663,FALSE,0.139347297154343,"cfbd_returning+247_talent+transfer_portal+prior_player_ppa+week1_polls","2026-08-31 23:27:29 UTC"
"Notre Dame",2026,0.512,0.907,0.461,0.963768115942029,0.889234518466811,0.500788321167883,0.47031884057971,7,16,7,0.295,0.0797101449275362,6.797,-1.07447756293295,2,2,1,0.042963768115942,-0.57914340642086,0,FALSE,0.000158679784195481,"cfbd_returning+247_talent+transfer_portal+prior_player_ppa+week1_polls","2026-08-31 23:27:29 UTC"
"Ohio",2026,0.625,0.937,0.833,0.072463768115942,0,0.424270072992701,0.0271739130434783,19,16,12,0.453181818181818,0.22463768115942,105.742165217391,0.543251689701433,6,2,0.333333333333333,0.0375144927536232,0.0907230321801393,0.0907230321801393,FALSE,-0.269411826933249,"cfbd_returning+247_talent+transfer_portal+prior_player_ppa+week1_polls","2026-08-31 23:27:29 UTC"
"Ohio State",2026,0.683,0.94,0.709,0.971014492753623,1,0.683,0.307811594202898,17,37,16,0.645,0.5,80.5746173913043,0.229036458104046,6,5,0.833333333333333,0.1455,0.0666496093082773,0.0666496093082773,FALSE,0,"cfbd_returning+247_talent+transfer_portal+prior_player_ppa+week1_polls","2026-08-31 23:27:29 UTC"
"Oklahoma",2026,0.632,0.921,0.746,0.884057971014493,0.630157247525895,0.53051094890511,0.325333333333333,16,29,16,0.634090909090909,0.492753623188406,118.837893478261,0.768771474883662,7,7,1,0.125159420289855,0.19526795462045,0.19526795462045,FALSE,0.0953665503014917,"cfbd_returning+247_talent+transfer_portal+prior_player_ppa+week1_polls","2026-08-31 23:27:29 UTC"
"Oklahoma State",2026,0,0,0,0.536231884057971,0,0,0.536231884057971,55,65,51,0.877727272727273,0.960144927536232,545.689895652174,2.68530443546318,16,13,0.8125,0.960144927536232,2.68530443546318,2.68530443546318,TRUE,0.387522479636094,"cfbd_returning+247_talent+transfer_portal+prior_player_ppa+week1_polls","2026-08-31 23:27:29 UTC"
"Old Dominion",2026,0.092,-0.019,0.306,0.123188405797101,0,0.0765547445255474,0.111855072463768,15,22,14,0.534090909090909,0.333333333333333,21.9754086956522,-0.564426705939982,5,2,0.4,0.231333333333333,-0.391712133922348,0,FALSE,-0.422696498466095,"cfbd_returning+247_talent+transfer_portal+prior_player_ppa+week1_polls","2026-08-31 23:27:29 UTC"
"Oregon",2026,0.753,0.945,0.67,0.985507246376812,0.947703878318846,0.731014598540146,0.243420289855072,13,31,12,0.482727272727273,0.289855072463768,106.350443478261,0.564426705939982,4,3,0.75,0.0956521739130435,0.186260812960194,0.186260812960194,FALSE,0.0219507034803765,"cfbd_returning+247_talent+transfer_portal+prior_player_ppa+week1_polls","2026-08-31 23:27:29 UTC"
"Oregon State",2026,0.579,0.897,0.503,0.456521739130435,0,0.0972043795620438,0.192195652173913,20,35,18,0.69,0.550724637681159,141.389719565217,0.982026168309512,8,5,0.625,0.273710144927536,0.488067005649827,0.488067005649827,FALSE,0.24153707817624,"cfbd_returning+247_talent+transfer_portal+prior_player_ppa+week1_polls","2026-08-31 23:27:29 UTC"
"Penn State",2026,0.076,0.033,0.035,0.818840579710145,0.277108313706306,0.0682335766423358,0.756608695652174,38,48,37,0.883181818181818,0.985507246376812,238.925891304348,1.75237035840712,13,10,0.769230769230769,0.951014492753623,1.69103739586287,1.69103739586287,TRUE,-0.0137522479636094,"cfbd_returning+247_talent+transfer_portal+prior_player_ppa+week1_polls","2026-08-31 23:27:29 UTC"
"Pittsburgh",2026,0.397,0.586,0.505,0.543478260869565,0,0.315861313868613,0.327717391304348,16,21,14,0.539545454545455,0.340579710144928,50.4730739130435,-0.027249331354402,5,4,0.8,0.168586956521739,-0.013488419020429,0,FALSE,-0.386200148101132,"cfbd_returning+247_talent+transfer_portal+prior_player_ppa+week1_polls","2026-08-31 23:27:29 UTC"
"Purdue",2026,0.475,0.97,0.49,0.608695652173913,0,0.0485401459854015,0.319565217391304,29,24,28,0.860909090909091,0.847826086956522,81.476197826087,0.247724174652766,8,8,1,0.432391304347826,0.126339329072911,0.126339329072911,FALSE,0.307230508833175,"cfbd_returning+247_talent+transfer_portal+prior_player_ppa+week1_polls","2026-08-31 23:27:29 UTC"
"Rice",2026,0.394,-3.17,0.318,0.282608695652174,0,0.0287591240875912,0.171260869565217,20,22,15,0.572272727272727,0.394927536231884,13.6600260869565,-0.870443705285335,6,4,0.666666666666667,0.269340579710145,-0.593642607004598,0,FALSE,0.336427589125145,"cfbd_returning+247_talent+transfer_portal+prior_player_ppa+week1_polls","2026-08-31 23:27:29 UTC"
"Rutgers",2026,0.444,0.099,0.407,0.659420289855073,0,0.0907445255474453,0.36663768115942,15,15,14,0.541363636363636,0.351449275362319,68.0381326086956,0.136653928116039,3,3,1,0.208409420289855,0.0810357793728111,0.0810357793728111,FALSE,0.205040727811277,"cfbd_returning+247_talent+transfer_portal+prior_player_ppa+week1_polls","2026-08-31 23:27:29 UTC"
"SMU",2026,0.569,0.966,0.578,0.782608695652174,0.238342988822901,0.436094890510949,0.337304347826087,15,26,14,0.554090909090909,0.369565217391304,65.2118282608696,0.100068610921797,7,6,0.857142857142857,0.15595652173913,0.0422289538089984,0.0422289538089984,FALSE,0.0958954829154767,"cfbd_returning+247_talent+transfer_portal+prior_player_ppa+week1_polls","2026-08-31 23:27:29 UTC"
"Sacramento State",2026,,,,0.181159420289855,0,,,26,22,24,0.838181818181818,0.688405797101449,12.3513217391304,-0.924795169499317,9,5,0.555555555555556,,,,,-0.276711097006241,"cfbd_returning+247_talent+transfer_portal+prior_player_ppa+week1_polls","2026-08-31 23:27:29 UTC"
"Sam Houston",2026,0.577,-0.311,0.521,0.159420289855072,0,0.0210583941605839,0.0674347826086956,20,15,16,0.611363636363636,0.456521739130435,1.32529782608696,-1.29403835164186,4,1,0.25,0.218673913043478,-0.619844370436449,0,FALSE,0.372923939490109,"cfbd_returning+247_talent+transfer_portal+prior_player_ppa+week1_polls","2026-08-31 23:27:29 UTC"
"San Diego State",2026,0.987,1,0.998,0.36231884057971,0,0.878934306569343,0.00471014492753624,26,26,15,0.575454545454545,0.41304347826087,23.1905673913043,-0.522317516182429,5,3,0.6,0.00082608695652174,-0.00104463503236486,0,FALSE,-0.481090659050037,"cfbd_returning+247_talent+transfer_portal+prior_player_ppa+week1_polls","2026-08-31 23:27:29 UTC"
"San Jose State",2026,0.038,-0.076,0.137,0.210144927536232,0,0.0138686131386861,0.202159420289855,17,16,12,0.455454545454545,0.239130434782609,19.5518347826087,-0.629555406663227,5,3,0.6,0.206369565217391,-0.543306315950365,0,FALSE,0.0444567862054374,"cfbd_returning+247_talent+transfer_portal+prior_player_ppa+week1_polls","2026-08-31 23:27:29 UTC"
"South Alabama",2026,0.786,0.951,0.759,0.231884057971014,0,0.30407299270073,0.0496231884057971,12,30,8,0.300454545454545,0.0869565217391304,15.3861086956522,-0.793414729335873,1,1,1,0.0209565217391304,-0.191212949769945,0,FALSE,0.0225589759864593,"cfbd_returning+247_talent+transfer_portal+prior_player_ppa+week1_polls","2026-08-31 23:27:29 UTC"
"South Carolina",2026,0.69,0.654,0.676,0.898550724637681,0,0.161167883211679,0.278550724637681,26,24,24,0.870454545454545,0.920289855072464,40.3485739130435,-0.191892915468293,9,6,0.666666666666667,0.298173913043478,-0.0621733046117271,0,FALSE,0.175843647519306,"cfbd_returning+247_talent+transfer_portal+prior_player_ppa+week1_polls","2026-08-31 23:27:29 UTC"
"South Florida",2026,0.126,0.058,0.161,0.630434782608696,0,0.114043795620438,0.551,44,34,30,0.857272727272727,0.818840579710145,45.7874717391304,-0.118341468086526,14,12,0.857142857142857,0.687007246376812,-0.0992884917245953,0,FALSE,-0.495689199196022,"cfbd_returning+247_talent+transfer_portal+prior_player_ppa+week1_polls","2026-08-31 23:27:29 UTC"
"Southern California",2026,0.592,0.909,0.657,0.942028985507246,0.491563412931577,0.570394160583942,0.384347826086957,9,22,8,0.319545454545455,0.101449275362319,40.5044369565217,-0.173423136191291,2,2,1,0.0347971014492754,-0.0594841357136127,0,FALSE,-0.0577065481857612,"cfbd_returning+247_talent+transfer_portal+prior_player_ppa+week1_polls","2026-08-31 23:27:29 UTC"
"Southern Miss",2026,0.902,0.974,0.921,0.326086956521739,0,0.526715328467153,0.0319565217391304,38,28,32,0.845,0.717391304347826,5.5933,-1.14159311213927,9,4,0.444444444444444,0.0566739130434782,-0.0901858558590024,0,FALSE,-0.174521315984344,"cfbd_returning+247_talent+transfer_portal+prior_player_ppa+week1_polls","2026-08-31 23:27:29 UTC"
"Stanford",2026,0.213,-0.012,0.298,0.644927536231884,0,0.013992700729927,0.507557971014493,6,12,6,0.232272727272727,0.0652173913043478,60.846,0.0454255501340686,3,1,0.333333333333333,0.0457826086956522,0.0318887361941161,0.0318887361941161,FALSE,0.343726859198138,"cfbd_returning+247_talent+transfer_portal+prior_player_ppa+week1_polls","2026-08-31 23:27:29 UTC"
"Syracuse",2026,0.35,0.834,0.29,0.753623188405797,0,0.0306569343065693,0.489855072463768,19,29,19,0.742272727272727,0.594202898550725,205.653963043478,1.17716304692063,10,9,0.9,0.421884057971014,0.83578576331365,0.83578576331365,TRUE,0.32182904897916,"cfbd_returning+247_talent+transfer_portal+prior_player_ppa+week1_polls","2026-08-31 23:27:29 UTC"
"TCU",2026,0.224,0.11,0.251,0.717391304347826,0,0.155328467153285,0.556695652173913,12,14,11,0.429090909090909,0.213768115942029,136.460047826087,0.870443705285335,3,2,0.666666666666667,0.16011231884058,0.651962335258716,0.651962335258716,TRUE,-0.284010367079234,"cfbd_returning+247_talent+transfer_portal+prior_player_ppa+week1_polls","2026-08-31 23:27:29 UTC"
"Temple",2026,0.37,0,0.292,0.427536231884058,0,0.183649635036496,0.269347826086957,23,25,15,0.570454545454545,0.384057971014493,17.345847826087,-0.744586487499689,8,4,0.5,0.271913043478261,-0.52716723314978,0,FALSE,-0.0869300751084312,"cfbd_returning+247_talent+transfer_portal+prior_player_ppa+week1_polls","2026-08-31 23:27:29 UTC"
"Tennessee",2026,0.353,0.066,0.367,0.91304347826087,0.240740829804133,0.25251094890511,0.590739130434783,21,29,19,0.750909090909091,0.608695652173913,28.9327217391304,-0.361947444792599,5,5,1,0.385304347826087,-0.229112732553715,0,FALSE,0.15423675023802,"cfbd_returning+247_talent+transfer_portal+prior_player_ppa+week1_polls","2026-08-31 23:27:29 UTC"
"Texas",2026,0.721,0.854,0.58,0.992753623188406,0.886904181175093,0.584167883211679,0.276978260869565,22,28,19,0.766818181818182,0.63768115942029,83.8158739130435,0.304339092534113,6,5,0.833333333333333,0.267826086956522,0.127822418864327,0.127822418864327,FALSE,0.160795514651433,"cfbd_returning+247_talent+transfer_portal+prior_player_ppa+week1_polls","2026-08-31 23:27:29 UTC"
"Texas A&M",2026,0.728,0.972,0.702,0.956521739130435,0.675380253607754,0.669547445255474,0.260173913043478,19,21,17,0.679545454545455,0.528985507246377,79.5786630434783,0.210428394247925,4,3,0.75,0.15763768115942,0.0627076614858816,0.0627076614858816,FALSE,0.0295673331217603,"cfbd_returning+247_talent+transfer_portal+prior_player_ppa+week1_polls","2026-08-31 23:27:29 UTC"
"Texas State",2026,0.76,0.998,0.667,0.41304347826087,0,0.488175182481752,0.0991304347826087,18,21,15,0.578636363636364,0.420289855072464,-0.613769565217391,-1.67363223851771,3,2,0.666666666666667,0.13995652173913,-0.557319535426397,0,FALSE,-0.232915476568285,"cfbd_returning+247_talent+transfer_portal+prior_player_ppa+week1_polls","2026-08-31 23:27:29 UTC"
"Texas Tech",2026,0.534,0.268,0.567,0.800724637681159,0.590915102688055,0.530102189781022,0.37313768115942,22,21,20,0.794545454545455,0.659420289855073,335.04397173913,1.95380199994724,7,7,1,0.285528985507246,0.845996265977154,0.845996265977154,TRUE,-0.0651644980429493,"cfbd_returning+247_talent+transfer_portal+prior_player_ppa+week1_polls","2026-08-31 23:27:29 UTC"
"Toledo",2026,0.663,0.985,0.564,0.166666666666667,0,0.653321167883212,0.0561666666666667,33,38,27,0.845454545454545,0.728260869565217,104.995256521739,0.522317516182429,11,7,0.636363636363636,0.317521739130435,0.227730437055539,0.227730437055539,FALSE,-0.575981169998942,"cfbd_returning+247_talent+transfer_portal+prior_player_ppa+week1_polls","2026-08-31 23:27:29 UTC"
"Troy",2026,0.353,1.028,0.568,0.311594202898551,0,0.121102189781022,0.201601449275362,14,27,12,0.457727272727273,0.257246376811594,-2.04177391304348,-2.68530443546318,2,2,1,0.111130434782609,-1.1600515161201,0,FALSE,0.0663545964244155,"cfbd_returning+247_talent+transfer_portal+prior_player_ppa+week1_polls","2026-08-31 23:27:29 UTC"
"Tulane",2026,0.21,0,0.185,0.5,0,0.105766423357664,0.395,20,27,10,0.384545454545455,0.166666666666667,13.1312608695652,-0.897288076287578,9,4,0.444444444444444,0.135833333333333,-0.731289782174376,0,FALSE,-0.094229345181424,"cfbd_returning+247_talent+transfer_portal+prior_player_ppa+week1_polls","2026-08-31 23:27:29 UTC"
"Tulsa",2026,0.413,0.693,0.4,0.398550724637681,0,0.138671532846715,0.233949275362319,21,22,15,0.579545454545455,0.427536231884058,100.445793478261,0.501609793587263,10,8,0.8,0.256521739130435,0.300965876152358,0.300965876152358,FALSE,0.0736538664974082,"cfbd_returning+247_talent+transfer_portal+prior_player_ppa+week1_polls","2026-08-31 23:27:29 UTC"
"UAB",2026,0.796,1,0.855,0.340579710144928,0,0.145255474452555,0.0694782608695652,38,33,35,0.848636363636364,0.739130434782609,-0.648469565217392,-1.84376502899634,9,2,0.222222222222222,0.107173913043478,-0.267345929204469,0,FALSE,0.226938538030255,"cfbd_returning+247_talent+transfer_portal+prior_player_ppa+week1_polls","2026-08-31 23:27:29 UTC"
"UCF",2026,0.248,0.039,0.196,0.528985507246377,0,0.141197080291971,0.397797101449275,32,35,27,0.854545454545455,0.793478260869565,235.999339130435,1.67363223851771,8,6,0.75,0.63795652173913,1.34560031976824,1.34560031976824,TRUE,-0.159922775838358,"cfbd_returning+247_talent+transfer_portal+prior_player_ppa+week1_polls","2026-08-31 23:27:29 UTC"
"UCLA",2026,0.57,0.547,0.635,0.826086956521739,0,0.0998540145985401,0.355217391304348,43,29,39,0.868636363636364,0.898550724637681,198.453702173913,1.10741176400112,13,10,0.769230769230769,0.327971014492754,0.404205293860408,0.404205293860408,FALSE,0.234237808103248,"cfbd_returning+247_talent+transfer_portal+prior_player_ppa+week1_polls","2026-08-31 23:27:29 UTC"
"UL Monroe",2026,0.387,0.782,0.458,0.0507246376811594,0,0.0621459854014599,0.0310942028985507,20,17,20,0.760909090909091,0.623188405797101,19.9834695652174,-0.607561622212673,10,3,0.3,0.337768115942029,-0.329298399239269,0,FALSE,0.248836348249233,"cfbd_returning+247_talent+transfer_portal+prior_player_ppa+week1_polls","2026-08-31 23:27:29 UTC"
"UNLV",2026,0.154,0.038,0.271,0.601449275362319,0,0.0977956204379562,0.508826086956522,16,15,14,0.541363636363636,0.351449275362319,46.3046630434783,-0.0818291081954181,5,4,0.8,0.25620652173913,-0.0596534198744598,0,FALSE,-0.225616206495293,"cfbd_returning+247_talent+transfer_portal+prior_player_ppa+week1_polls","2026-08-31 23:27:29 UTC"
"UTEP",2026,-0.011,0.181,0.098,0.268115942028986,0,-0.00393430656934307,0.271065217391304,21,20,15,0.572272727272727,0.394927536231884,87.8919347826087,0.342620393436943,5,5,1,0.356224637681159,0.309043594880123,0.309043594880123,FALSE,0.0517560562784301,"cfbd_returning+247_talent+transfer_portal+prior_player_ppa+week1_polls","2026-08-31 23:27:29 UTC"
"UTSA",2026,0.669,0.927,0.7,0.485507246376812,0,0.395540145985401,0.160702898550725,22,23,13,0.496363636363636,0.297101449275362,9.77208260869565,-1.01188257248503,7,4,0.571428571428571,0.0891304347826087,-0.303564771745509,0,FALSE,-0.181820586057336,"cfbd_returning+247_talent+transfer_portal+prior_player_ppa+week1_polls","2026-08-31 23:27:29 UTC"
"Utah",2026,0.679,0.974,0.715,0.58695652173913,0.180799958226724,0.589788321167883,0.188413043478261,17,21,16,0.625909090909091,0.471014492753623,97.1004782608696,0.460820299995576,7,7,1,0.134239130434783,0.131333785498739,0.131333785498739,FALSE,-0.0135406749180155,"cfbd_returning+247_talent+transfer_portal+prior_player_ppa+week1_polls","2026-08-31 23:27:29 UTC"
"Utah State",2026,0.652,0.866,0.708,0.115942028985507,0,0.318861313868613,0.0403478260869565,29,19,26,0.840909090909091,0.702898550724638,45.527052173913,-0.136653928116039,8,4,0.5,0.205246376811594,-0.0399029470098834,0,FALSE,-0.0796308050354385,"cfbd_returning+247_talent+transfer_portal+prior_player_ppa+week1_polls","2026-08-31 23:27:29 UTC"
"Vanderbilt",2026,0.354,0.087,0.326,0.702898550724638,0,0.338496350364964,0.454072463768116,18,20,16,0.629545454545455,0.485507246376812,55.9529934782609,0.0272493313544022,5,4,0.8,0.327231884057971,0.0183660493328671,0.0183660493328671,FALSE,-0.546784089706971,"cfbd_returning+247_talent+transfer_portal+prior_player_ppa+week1_polls","2026-08-31 23:27:29 UTC"
"Virginia",2026,0.095,0.011,0.136,0.623188405797101,0,0.0776642335766423,0.563985507246377,31,22,29,0.865454545454545,0.876811594202899,227.9129,1.48448175683792,11,11,1,0.757565217391304,1.28259223790796,1.28259223790796,TRUE,-0.40809795832011,"cfbd_returning+247_talent+transfer_portal+prior_player_ppa+week1_polls","2026-08-31 23:27:29 UTC"
"Virginia Tech",2026,0.367,0,0.277,0.811594202898551,0,0.120547445255474,0.513739130434783,28,27,26,0.871818181818182,0.931159420289855,107.814941304348,0.629555406663227,9,5,0.555555555555556,0.673228260869565,0.455168559017513,0.455168559017513,FALSE,0.0809531365704009,"cfbd_returning+247_talent+transfer_portal+prior_player_ppa+week1_polls","2026-08-31 23:27:29 UTC"
"Wake Forest",2026,0.142,0.229,0.121,0.550724637681159,0,0.110905109489051,0.472521739130435,24,23,24,0.855,0.804347826086957,36.8180847826087,-0.266498814282483,10,7,0.7,0.707021739130435,-0.234252457754303,0,FALSE,-0.371601607955147,"cfbd_returning+247_talent+transfer_portal+prior_player_ppa+week1_polls","2026-08-31 23:27:29 UTC"
"Washington",2026,0.544,0.942,0.571,0.833333333333333,0.266420229533156,0.50429197080292,0.38,14,23,12,0.470454545454545,0.282608695652174,62.4515826086957,0.0818291081954182,5,3,0.6,0.121239130434783,0.0351046874158344,0.0351046874158344,FALSE,-0.0501957050671744,"cfbd_returning+247_talent+transfer_portal+prior_player_ppa+week1_polls","2026-08-31 23:27:29 UTC"
"Washington State",2026,0.913,1,0.975,0.420289855072464,0,0.28656204379562,0.0365652173913043,28,41,24,0.853181818181818,0.782608695652174,138.204356521739,0.924795169499317,7,5,0.714285714285714,0.0195652173913044,0.0231198792374829,0.0231198792374829,FALSE,0.0955516767163863,"cfbd_returning+247_talent+transfer_portal+prior_player_ppa+week1_polls","2026-08-31 23:27:29 UTC"
"West Virginia",2026,0.14,0.624,0.262,0.652173913043478,0,0.0132846715328467,0.560869565217391,34,50,33,0.858181818181818,0.833333333333333,120.361158695652,0.818549519355992,9,5,0.555555555555556,0.615,0.604089545284722,0.604089545284722,TRUE,0.314529778906167,"cfbd_returning+247_talent+transfer_portal+prior_player_ppa+week1_polls","2026-08-31 23:27:29 UTC"
"Western Kentucky",2026,0.837,0.951,0.784,0.376811594202899,0,0.403226277372263,0.0614202898550725,19,23,16,0.610909090909091,0.449275362318841,-1.67593260869565,-2.2948952092431,6,4,0.666666666666667,0.0970434782608696,-0.495697365196509,0,FALSE,-0.0723315349624458,"cfbd_returning+247_talent+transfer_portal+prior_player_ppa+week1_polls","2026-08-31 23:27:29 UTC"
"Western Michigan",2026,0.997,1,1,0.22463768115942,0,0.62585401459854,0.000673913043478262,14,13,9,0.339090909090909,0.108695652173913,0.405117391304348,-1.38299412710064,4,1,0.25,0,0,0,FALSE,-0.2183169364223,"cfbd_returning+247_talent+transfer_portal+prior_player_ppa+week1_polls","2026-08-31 23:27:29 UTC"
"Wisconsin",2026,0.31,-5,0.468,0.789855072463768,0,0.0158394160583942,0.545,33,25,33,0.864090909090909,0.869565217391304,192.809954347826,1.07447756293295,12,10,0.833333333333333,0.462608695652174,0.571622063480329,0.571622063480329,TRUE,0.358325399344124,"cfbd_returning+247_talent+transfer_portal+prior_player_ppa+week1_polls","2026-08-31 23:27:29 UTC"
"Wyoming",2026,0.23,0.032,0.281,0.0869565217391304,0,0.0923357664233577,0.0669565217391304,19,16,12,0.456363636363636,0.246376811594203,83.9435,0.323420493043882,5,3,0.6,0.177144927536232,0.232539334498551,0.232539334498551,FALSE,0.0079604358404739,"cfbd_returning+247_talent+transfer_portal+prior_player_ppa+week1_polls","2026-08-31 23:27:29 UTC"
